INSERT INTO district VALUES (1, 109, 0, 'The Bronx', 1471160);
INSERT INTO district VALUES (2, 183, 0, 'Brooklyn', 2648771);
INSERT INTO district VALUES (3, 59, 0, 'Manhattan', 1664727);
INSERT INTO district VALUES (4, 281, 0, 'Queens', 2358582);
INSERT INTO district VALUES (5, 151, 0, 'Staten Island', 479458);

INSERT INTO role VALUES (1, 'USER');
INSERT INTO role VALUES (2, 'OFFICER');
INSERT INTO role VALUES (3, 'DISPATCHER');
INSERT INTO role VALUES (4, 'ADMIN');

INSERT INTO location (house_number, street, district) VALUES (1, 'Arthur Avenue', 1); 
INSERT INTO location (house_number, street, district) VALUES (2, 'Arthur Avenue', 1); 
INSERT INTO location (house_number, street, district) VALUES (3, 'Arthur Avenue', 1); 
INSERT INTO location (house_number, street, district) VALUES (4, 'Arthur Avenue', 1); 
INSERT INTO location (house_number, street, district) VALUES (5, 'Arthur Avenue', 1); 
INSERT INTO location (house_number, street, district) VALUES (6, 'Arthur Avenue', 1); 
INSERT INTO location (house_number, street, district) VALUES (7, 'Arthur Avenue', 1); 
INSERT INTO location (house_number, street, district) VALUES (8, 'Arthur Avenue', 1); 
INSERT INTO location (house_number, street, district) VALUES (9, 'Arthur Avenue', 1); 
INSERT INTO location (house_number, street, district) VALUES (10, 'Arthur Avenue', 1); 
INSERT INTO location (house_number, street, district) VALUES (11, 'Arthur Avenue', 1); 
INSERT INTO location (house_number, street, district) VALUES (12, 'Arthur Avenue', 1); 
INSERT INTO location (house_number, street, district) VALUES (13, 'Arthur Avenue', 1); 
INSERT INTO location (house_number, street, district) VALUES (14, 'Arthur Avenue', 1); 
INSERT INTO location (house_number, street, district) VALUES (15, 'Arthur Avenue', 1); 
INSERT INTO location (house_number, street, district) VALUES (16, 'Arthur Avenue', 1); 
INSERT INTO location (house_number, street, district) VALUES (17, 'Arthur Avenue', 1); 
INSERT INTO location (house_number, street, district) VALUES (18, 'Arthur Avenue', 1); 
INSERT INTO location (house_number, street, district) VALUES (19, 'Arthur Avenue', 1); 
INSERT INTO location (house_number, street, district) VALUES (20, 'Arthur Avenue', 1); 
INSERT INTO location (house_number, street, district) VALUES (21, 'Arthur Avenue', 1); 
INSERT INTO location (house_number, street, district) VALUES (22, 'Arthur Avenue', 1); 
INSERT INTO location (house_number, street, district) VALUES (23, 'Arthur Avenue', 1); 
INSERT INTO location (house_number, street, district) VALUES (24, 'Arthur Avenue', 1); 
INSERT INTO location (house_number, street, district) VALUES (1, 'Dyre Avenue', 1); 
INSERT INTO location (house_number, street, district) VALUES (2, 'Dyre Avenue', 1); 
INSERT INTO location (house_number, street, district) VALUES (3, 'Dyre Avenue', 1); 
INSERT INTO location (house_number, street, district) VALUES (4, 'Dyre Avenue', 1); 
INSERT INTO location (house_number, street, district) VALUES (1, 'Esplanade', 1); 
INSERT INTO location (house_number, street, district) VALUES (2, 'Esplanade', 1); 
INSERT INTO location (house_number, street, district) VALUES (3, 'Esplanade', 1); 
INSERT INTO location (house_number, street, district) VALUES (4, 'Esplanade', 1); 
INSERT INTO location (house_number, street, district) VALUES (5, 'Esplanade', 1); 
INSERT INTO location (house_number, street, district) VALUES (6, 'Esplanade', 1); 
INSERT INTO location (house_number, street, district) VALUES (7, 'Esplanade', 1); 
INSERT INTO location (house_number, street, district) VALUES (8, 'Esplanade', 1); 
INSERT INTO location (house_number, street, district) VALUES (9, 'Esplanade', 1); 
INSERT INTO location (house_number, street, district) VALUES (10, 'Esplanade', 1); 
INSERT INTO location (house_number, street, district) VALUES (11, 'Esplanade', 1); 
INSERT INTO location (house_number, street, district) VALUES (12, 'Esplanade', 1); 
INSERT INTO location (house_number, street, district) VALUES (13, 'Esplanade', 1); 
INSERT INTO location (house_number, street, district) VALUES (14, 'Esplanade', 1); 
INSERT INTO location (house_number, street, district) VALUES (15, 'Esplanade', 1); 
INSERT INTO location (house_number, street, district) VALUES (16, 'Esplanade', 1); 
INSERT INTO location (house_number, street, district) VALUES (1, 'Fordham Road', 1); 
INSERT INTO location (house_number, street, district) VALUES (2, 'Fordham Road', 1); 
INSERT INTO location (house_number, street, district) VALUES (3, 'Fordham Road', 1); 
INSERT INTO location (house_number, street, district) VALUES (4, 'Fordham Road', 1); 
INSERT INTO location (house_number, street, district) VALUES (5, 'Fordham Road', 1); 
INSERT INTO location (house_number, street, district) VALUES (6, 'Fordham Road', 1); 
INSERT INTO location (house_number, street, district) VALUES (7, 'Fordham Road', 1); 
INSERT INTO location (house_number, street, district) VALUES (8, 'Fordham Road', 1); 
INSERT INTO location (house_number, street, district) VALUES (9, 'Fordham Road', 1); 
INSERT INTO location (house_number, street, district) VALUES (10, 'Fordham Road', 1); 
INSERT INTO location (house_number, street, district) VALUES (11, 'Fordham Road', 1); 
INSERT INTO location (house_number, street, district) VALUES (12, 'Fordham Road', 1); 
INSERT INTO location (house_number, street, district) VALUES (13, 'Fordham Road', 1); 
INSERT INTO location (house_number, street, district) VALUES (14, 'Fordham Road', 1); 
INSERT INTO location (house_number, street, district) VALUES (15, 'Fordham Road', 1); 
INSERT INTO location (house_number, street, district) VALUES (16, 'Fordham Road', 1); 
INSERT INTO location (house_number, street, district) VALUES (17, 'Fordham Road', 1); 
INSERT INTO location (house_number, street, district) VALUES (18, 'Fordham Road', 1); 
INSERT INTO location (house_number, street, district) VALUES (19, 'Fordham Road', 1); 
INSERT INTO location (house_number, street, district) VALUES (20, 'Fordham Road', 1); 
INSERT INTO location (house_number, street, district) VALUES (21, 'Fordham Road', 1); 
INSERT INTO location (house_number, street, district) VALUES (22, 'Fordham Road', 1); 
INSERT INTO location (house_number, street, district) VALUES (23, 'Fordham Road', 1); 
INSERT INTO location (house_number, street, district) VALUES (24, 'Fordham Road', 1); 
INSERT INTO location (house_number, street, district) VALUES (1, 'Grand Concourse', 1); 
INSERT INTO location (house_number, street, district) VALUES (2, 'Grand Concourse', 1); 
INSERT INTO location (house_number, street, district) VALUES (3, 'Grand Concourse', 1); 
INSERT INTO location (house_number, street, district) VALUES (1, 'Jerome Avenue', 1); 
INSERT INTO location (house_number, street, district) VALUES (2, 'Jerome Avenue', 1); 
INSERT INTO location (house_number, street, district) VALUES (3, 'Jerome Avenue', 1); 
INSERT INTO location (house_number, street, district) VALUES (4, 'Jerome Avenue', 1); 
INSERT INTO location (house_number, street, district) VALUES (5, 'Jerome Avenue', 1); 
INSERT INTO location (house_number, street, district) VALUES (6, 'Jerome Avenue', 1); 
INSERT INTO location (house_number, street, district) VALUES (7, 'Jerome Avenue', 1); 
INSERT INTO location (house_number, street, district) VALUES (8, 'Jerome Avenue', 1); 
INSERT INTO location (house_number, street, district) VALUES (9, 'Jerome Avenue', 1); 
INSERT INTO location (house_number, street, district) VALUES (10, 'Jerome Avenue', 1); 
INSERT INTO location (house_number, street, district) VALUES (11, 'Jerome Avenue', 1); 
INSERT INTO location (house_number, street, district) VALUES (12, 'Jerome Avenue', 1); 
INSERT INTO location (house_number, street, district) VALUES (13, 'Jerome Avenue', 1); 
INSERT INTO location (house_number, street, district) VALUES (14, 'Jerome Avenue', 1); 
INSERT INTO location (house_number, street, district) VALUES (15, 'Jerome Avenue', 1); 
INSERT INTO location (house_number, street, district) VALUES (16, 'Jerome Avenue', 1); 
INSERT INTO location (house_number, street, district) VALUES (17, 'Jerome Avenue', 1); 
INSERT INTO location (house_number, street, district) VALUES (18, 'Jerome Avenue', 1); 
INSERT INTO location (house_number, street, district) VALUES (19, 'Jerome Avenue', 1); 
INSERT INTO location (house_number, street, district) VALUES (20, 'Jerome Avenue', 1); 
INSERT INTO location (house_number, street, district) VALUES (21, 'Jerome Avenue', 1); 
INSERT INTO location (house_number, street, district) VALUES (1, 'Metropolitan Avenue', 1); 
INSERT INTO location (house_number, street, district) VALUES (2, 'Metropolitan Avenue', 1); 
INSERT INTO location (house_number, street, district) VALUES (3, 'Metropolitan Avenue', 1); 
INSERT INTO location (house_number, street, district) VALUES (4, 'Metropolitan Avenue', 1); 
INSERT INTO location (house_number, street, district) VALUES (5, 'Metropolitan Avenue', 1); 
INSERT INTO location (house_number, street, district) VALUES (6, 'Metropolitan Avenue', 1); 
INSERT INTO location (house_number, street, district) VALUES (7, 'Metropolitan Avenue', 1); 
INSERT INTO location (house_number, street, district) VALUES (8, 'Metropolitan Avenue', 1); 
INSERT INTO location (house_number, street, district) VALUES (9, 'Metropolitan Avenue', 1); 
INSERT INTO location (house_number, street, district) VALUES (10, 'Metropolitan Avenue', 1); 
INSERT INTO location (house_number, street, district) VALUES (11, 'Metropolitan Avenue', 1); 
INSERT INTO location (house_number, street, district) VALUES (12, 'Metropolitan Avenue', 1); 
INSERT INTO location (house_number, street, district) VALUES (13, 'Metropolitan Avenue', 1); 
INSERT INTO location (house_number, street, district) VALUES (14, 'Metropolitan Avenue', 1); 
INSERT INTO location (house_number, street, district) VALUES (15, 'Metropolitan Avenue', 1); 
INSERT INTO location (house_number, street, district) VALUES (16, 'Metropolitan Avenue', 1); 
INSERT INTO location (house_number, street, district) VALUES (17, 'Metropolitan Avenue', 1); 
INSERT INTO location (house_number, street, district) VALUES (18, 'Metropolitan Avenue', 1); 
INSERT INTO location (house_number, street, district) VALUES (19, 'Metropolitan Avenue', 1); 
INSERT INTO location (house_number, street, district) VALUES (20, 'Metropolitan Avenue', 1); 
INSERT INTO location (house_number, street, district) VALUES (21, 'Metropolitan Avenue', 1); 
INSERT INTO location (house_number, street, district) VALUES (22, 'Metropolitan Avenue', 1); 
INSERT INTO location (house_number, street, district) VALUES (23, 'Metropolitan Avenue', 1); 
INSERT INTO location (house_number, street, district) VALUES (24, 'Metropolitan Avenue', 1); 
INSERT INTO location (house_number, street, district) VALUES (1, 'Mosholu Parkway', 1); 
INSERT INTO location (house_number, street, district) VALUES (2, 'Mosholu Parkway', 1); 
INSERT INTO location (house_number, street, district) VALUES (3, 'Mosholu Parkway', 1); 
INSERT INTO location (house_number, street, district) VALUES (4, 'Mosholu Parkway', 1); 
INSERT INTO location (house_number, street, district) VALUES (5, 'Mosholu Parkway', 1); 
INSERT INTO location (house_number, street, district) VALUES (6, 'Mosholu Parkway', 1); 
INSERT INTO location (house_number, street, district) VALUES (7, 'Mosholu Parkway', 1); 
INSERT INTO location (house_number, street, district) VALUES (8, 'Mosholu Parkway', 1); 
INSERT INTO location (house_number, street, district) VALUES (9, 'Mosholu Parkway', 1); 
INSERT INTO location (house_number, street, district) VALUES (10, 'Mosholu Parkway', 1); 
INSERT INTO location (house_number, street, district) VALUES (11, 'Mosholu Parkway', 1); 
INSERT INTO location (house_number, street, district) VALUES (12, 'Mosholu Parkway', 1); 
INSERT INTO location (house_number, street, district) VALUES (13, 'Mosholu Parkway', 1); 
INSERT INTO location (house_number, street, district) VALUES (14, 'Mosholu Parkway', 1); 
INSERT INTO location (house_number, street, district) VALUES (15, 'Mosholu Parkway', 1); 
INSERT INTO location (house_number, street, district) VALUES (16, 'Mosholu Parkway', 1); 
INSERT INTO location (house_number, street, district) VALUES (17, 'Mosholu Parkway', 1); 
INSERT INTO location (house_number, street, district) VALUES (1, 'New York State Route 9X', 1); 
INSERT INTO location (house_number, street, district) VALUES (2, 'New York State Route 9X', 1); 
INSERT INTO location (house_number, street, district) VALUES (3, 'New York State Route 9X', 1); 
INSERT INTO location (house_number, street, district) VALUES (4, 'New York State Route 9X', 1); 
INSERT INTO location (house_number, street, district) VALUES (5, 'New York State Route 9X', 1); 
INSERT INTO location (house_number, street, district) VALUES (6, 'New York State Route 9X', 1); 
INSERT INTO location (house_number, street, district) VALUES (7, 'New York State Route 9X', 1); 
INSERT INTO location (house_number, street, district) VALUES (8, 'New York State Route 9X', 1); 
INSERT INTO location (house_number, street, district) VALUES (9, 'New York State Route 9X', 1); 
INSERT INTO location (house_number, street, district) VALUES (10, 'New York State Route 9X', 1); 
INSERT INTO location (house_number, street, district) VALUES (11, 'New York State Route 9X', 1); 
INSERT INTO location (house_number, street, district) VALUES (12, 'New York State Route 9X', 1); 
INSERT INTO location (house_number, street, district) VALUES (13, 'New York State Route 9X', 1); 
INSERT INTO location (house_number, street, district) VALUES (14, 'New York State Route 9X', 1); 
INSERT INTO location (house_number, street, district) VALUES (15, 'New York State Route 9X', 1); 
INSERT INTO location (house_number, street, district) VALUES (16, 'New York State Route 9X', 1); 
INSERT INTO location (house_number, street, district) VALUES (17, 'New York State Route 9X', 1); 
INSERT INTO location (house_number, street, district) VALUES (18, 'New York State Route 9X', 1); 
INSERT INTO location (house_number, street, district) VALUES (19, 'New York State Route 9X', 1); 
INSERT INTO location (house_number, street, district) VALUES (20, 'New York State Route 9X', 1); 
INSERT INTO location (house_number, street, district) VALUES (21, 'New York State Route 9X', 1); 
INSERT INTO location (house_number, street, district) VALUES (22, 'New York State Route 9X', 1); 
INSERT INTO location (house_number, street, district) VALUES (23, 'New York State Route 9X', 1); 
INSERT INTO location (house_number, street, district) VALUES (24, 'New York State Route 9X', 1); 
INSERT INTO location (house_number, street, district) VALUES (25, 'New York State Route 9X', 1); 
INSERT INTO location (house_number, street, district) VALUES (26, 'New York State Route 9X', 1); 
INSERT INTO location (house_number, street, district) VALUES (27, 'New York State Route 9X', 1); 
INSERT INTO location (house_number, street, district) VALUES (28, 'New York State Route 9X', 1); 
INSERT INTO location (house_number, street, district) VALUES (29, 'New York State Route 9X', 1); 
INSERT INTO location (house_number, street, district) VALUES (1, 'Park Avenue', 1); 
INSERT INTO location (house_number, street, district) VALUES (2, 'Park Avenue', 1); 
INSERT INTO location (house_number, street, district) VALUES (3, 'Park Avenue', 1); 
INSERT INTO location (house_number, street, district) VALUES (4, 'Park Avenue', 1); 
INSERT INTO location (house_number, street, district) VALUES (5, 'Park Avenue', 1); 
INSERT INTO location (house_number, street, district) VALUES (6, 'Park Avenue', 1); 
INSERT INTO location (house_number, street, district) VALUES (7, 'Park Avenue', 1); 
INSERT INTO location (house_number, street, district) VALUES (8, 'Park Avenue', 1); 
INSERT INTO location (house_number, street, district) VALUES (9, 'Park Avenue', 1); 
INSERT INTO location (house_number, street, district) VALUES (10, 'Park Avenue', 1); 
INSERT INTO location (house_number, street, district) VALUES (11, 'Park Avenue', 1); 
INSERT INTO location (house_number, street, district) VALUES (12, 'Park Avenue', 1); 
INSERT INTO location (house_number, street, district) VALUES (13, 'Park Avenue', 1); 
INSERT INTO location (house_number, street, district) VALUES (14, 'Park Avenue', 1); 
INSERT INTO location (house_number, street, district) VALUES (15, 'Park Avenue', 1); 
INSERT INTO location (house_number, street, district) VALUES (16, 'Park Avenue', 1); 
INSERT INTO location (house_number, street, district) VALUES (17, 'Park Avenue', 1); 
INSERT INTO location (house_number, street, district) VALUES (18, 'Park Avenue', 1); 
INSERT INTO location (house_number, street, district) VALUES (19, 'Park Avenue', 1); 
INSERT INTO location (house_number, street, district) VALUES (20, 'Park Avenue', 1); 
INSERT INTO location (house_number, street, district) VALUES (21, 'Park Avenue', 1); 
INSERT INTO location (house_number, street, district) VALUES (22, 'Park Avenue', 1); 
INSERT INTO location (house_number, street, district) VALUES (23, 'Park Avenue', 1); 
INSERT INTO location (house_number, street, district) VALUES (24, 'Park Avenue', 1); 
INSERT INTO location (house_number, street, district) VALUES (1, 'Pelham Parkway', 1); 
INSERT INTO location (house_number, street, district) VALUES (2, 'Pelham Parkway', 1); 
INSERT INTO location (house_number, street, district) VALUES (3, 'Pelham Parkway', 1); 
INSERT INTO location (house_number, street, district) VALUES (4, 'Pelham Parkway', 1); 
INSERT INTO location (house_number, street, district) VALUES (5, 'Pelham Parkway', 1); 
INSERT INTO location (house_number, street, district) VALUES (6, 'Pelham Parkway', 1); 
INSERT INTO location (house_number, street, district) VALUES (7, 'Pelham Parkway', 1); 
INSERT INTO location (house_number, street, district) VALUES (8, 'Pelham Parkway', 1); 
INSERT INTO location (house_number, street, district) VALUES (9, 'Pelham Parkway', 1); 
INSERT INTO location (house_number, street, district) VALUES (10, 'Pelham Parkway', 1); 
INSERT INTO location (house_number, street, district) VALUES (11, 'Pelham Parkway', 1); 
INSERT INTO location (house_number, street, district) VALUES (12, 'Pelham Parkway', 1); 
INSERT INTO location (house_number, street, district) VALUES (13, 'Pelham Parkway', 1); 
INSERT INTO location (house_number, street, district) VALUES (14, 'Pelham Parkway', 1); 
INSERT INTO location (house_number, street, district) VALUES (15, 'Pelham Parkway', 1); 
INSERT INTO location (house_number, street, district) VALUES (16, 'Pelham Parkway', 1); 
INSERT INTO location (house_number, street, district) VALUES (17, 'Pelham Parkway', 1); 
INSERT INTO location (house_number, street, district) VALUES (18, 'Pelham Parkway', 1); 
INSERT INTO location (house_number, street, district) VALUES (19, 'Pelham Parkway', 1); 
INSERT INTO location (house_number, street, district) VALUES (20, 'Pelham Parkway', 1); 
INSERT INTO location (house_number, street, district) VALUES (21, 'Pelham Parkway', 1); 
INSERT INTO location (house_number, street, district) VALUES (22, 'Pelham Parkway', 1); 
INSERT INTO location (house_number, street, district) VALUES (23, 'Pelham Parkway', 1); 
INSERT INTO location (house_number, street, district) VALUES (24, 'Pelham Parkway', 1); 
INSERT INTO location (house_number, street, district) VALUES (25, 'Pelham Parkway', 1); 
INSERT INTO location (house_number, street, district) VALUES (26, 'Pelham Parkway', 1); 
INSERT INTO location (house_number, street, district) VALUES (27, 'Pelham Parkway', 1); 
INSERT INTO location (house_number, street, district) VALUES (28, 'Pelham Parkway', 1); 
INSERT INTO location (house_number, street, district) VALUES (29, 'Pelham Parkway', 1); 
INSERT INTO location (house_number, street, district) VALUES (30, 'Pelham Parkway', 1); 
INSERT INTO location (house_number, street, district) VALUES (31, 'Pelham Parkway', 1); 
INSERT INTO location (house_number, street, district) VALUES (1, 'Pelham Road', 1); 
INSERT INTO location (house_number, street, district) VALUES (2, 'Pelham Road', 1); 
INSERT INTO location (house_number, street, district) VALUES (3, 'Pelham Road', 1); 
INSERT INTO location (house_number, street, district) VALUES (4, 'Pelham Road', 1); 
INSERT INTO location (house_number, street, district) VALUES (5, 'Pelham Road', 1); 
INSERT INTO location (house_number, street, district) VALUES (6, 'Pelham Road', 1); 
INSERT INTO location (house_number, street, district) VALUES (7, 'Pelham Road', 1); 
INSERT INTO location (house_number, street, district) VALUES (8, 'Pelham Road', 1); 
INSERT INTO location (house_number, street, district) VALUES (9, 'Pelham Road', 1); 
INSERT INTO location (house_number, street, district) VALUES (10, 'Pelham Road', 1); 
INSERT INTO location (house_number, street, district) VALUES (11, 'Pelham Road', 1); 
INSERT INTO location (house_number, street, district) VALUES (12, 'Pelham Road', 1); 
INSERT INTO location (house_number, street, district) VALUES (13, 'Pelham Road', 1); 
INSERT INTO location (house_number, street, district) VALUES (14, 'Pelham Road', 1); 
INSERT INTO location (house_number, street, district) VALUES (15, 'Pelham Road', 1); 
INSERT INTO location (house_number, street, district) VALUES (16, 'Pelham Road', 1); 
INSERT INTO location (house_number, street, district) VALUES (17, 'Pelham Road', 1); 
INSERT INTO location (house_number, street, district) VALUES (1, 'Sedgwick Avenue', 1); 
INSERT INTO location (house_number, street, district) VALUES (2, 'Sedgwick Avenue', 1); 
INSERT INTO location (house_number, street, district) VALUES (1, 'Southern Boulevard', 1); 
INSERT INTO location (house_number, street, district) VALUES (2, 'Southern Boulevard', 1); 
INSERT INTO location (house_number, street, district) VALUES (3, 'Southern Boulevard', 1); 
INSERT INTO location (house_number, street, district) VALUES (4, 'Southern Boulevard', 1); 
INSERT INTO location (house_number, street, district) VALUES (5, 'Southern Boulevard', 1); 
INSERT INTO location (house_number, street, district) VALUES (6, 'Southern Boulevard', 1); 
INSERT INTO location (house_number, street, district) VALUES (7, 'Southern Boulevard', 1); 
INSERT INTO location (house_number, street, district) VALUES (8, 'Southern Boulevard', 1); 
INSERT INTO location (house_number, street, district) VALUES (9, 'Southern Boulevard', 1); 
INSERT INTO location (house_number, street, district) VALUES (10, 'Southern Boulevard', 1); 
INSERT INTO location (house_number, street, district) VALUES (11, 'Southern Boulevard', 1); 
INSERT INTO location (house_number, street, district) VALUES (12, 'Southern Boulevard', 1); 
INSERT INTO location (house_number, street, district) VALUES (13, 'Southern Boulevard', 1); 
INSERT INTO location (house_number, street, district) VALUES (14, 'Southern Boulevard', 1); 
INSERT INTO location (house_number, street, district) VALUES (15, 'Southern Boulevard', 1); 
INSERT INTO location (house_number, street, district) VALUES (16, 'Southern Boulevard', 1); 
INSERT INTO location (house_number, street, district) VALUES (17, 'Southern Boulevard', 1); 
INSERT INTO location (house_number, street, district) VALUES (18, 'Southern Boulevard', 1); 
INSERT INTO location (house_number, street, district) VALUES (19, 'Southern Boulevard', 1); 
INSERT INTO location (house_number, street, district) VALUES (20, 'Southern Boulevard', 1); 
INSERT INTO location (house_number, street, district) VALUES (21, 'Southern Boulevard', 1); 
INSERT INTO location (house_number, street, district) VALUES (22, 'Southern Boulevard', 1); 
INSERT INTO location (house_number, street, district) VALUES (23, 'Southern Boulevard', 1); 
INSERT INTO location (house_number, street, district) VALUES (24, 'Southern Boulevard', 1); 
INSERT INTO location (house_number, street, district) VALUES (25, 'Southern Boulevard', 1); 
INSERT INTO location (house_number, street, district) VALUES (1, 'Third Avenue', 1); 
INSERT INTO location (house_number, street, district) VALUES (2, 'Third Avenue', 1); 
INSERT INTO location (house_number, street, district) VALUES (3, 'Third Avenue', 1); 
INSERT INTO location (house_number, street, district) VALUES (4, 'Third Avenue', 1); 
INSERT INTO location (house_number, street, district) VALUES (5, 'Third Avenue', 1); 
INSERT INTO location (house_number, street, district) VALUES (6, 'Third Avenue', 1); 
INSERT INTO location (house_number, street, district) VALUES (7, 'Third Avenue', 1); 
INSERT INTO location (house_number, street, district) VALUES (8, 'Third Avenue', 1); 
INSERT INTO location (house_number, street, district) VALUES (9, 'Third Avenue', 1); 
INSERT INTO location (house_number, street, district) VALUES (10, 'Third Avenue', 1); 
INSERT INTO location (house_number, street, district) VALUES (11, 'Third Avenue', 1); 
INSERT INTO location (house_number, street, district) VALUES (12, 'Third Avenue', 1); 
INSERT INTO location (house_number, street, district) VALUES (13, 'Third Avenue', 1); 
INSERT INTO location (house_number, street, district) VALUES (14, 'Third Avenue', 1); 
INSERT INTO location (house_number, street, district) VALUES (15, 'Third Avenue', 1); 
INSERT INTO location (house_number, street, district) VALUES (16, 'Third Avenue', 1); 
INSERT INTO location (house_number, street, district) VALUES (17, 'Third Avenue', 1); 
INSERT INTO location (house_number, street, district) VALUES (18, 'Third Avenue', 1); 
INSERT INTO location (house_number, street, district) VALUES (19, 'Third Avenue', 1); 
INSERT INTO location (house_number, street, district) VALUES (1, 'Tremont Avenue', 1); 
INSERT INTO location (house_number, street, district) VALUES (2, 'Tremont Avenue', 1); 
INSERT INTO location (house_number, street, district) VALUES (3, 'Tremont Avenue', 1); 
INSERT INTO location (house_number, street, district) VALUES (4, 'Tremont Avenue', 1); 
INSERT INTO location (house_number, street, district) VALUES (5, 'Tremont Avenue', 1); 
INSERT INTO location (house_number, street, district) VALUES (6, 'Tremont Avenue', 1); 
INSERT INTO location (house_number, street, district) VALUES (7, 'Tremont Avenue', 1); 
INSERT INTO location (house_number, street, district) VALUES (8, 'Tremont Avenue', 1); 
INSERT INTO location (house_number, street, district) VALUES (9, 'Tremont Avenue', 1); 
INSERT INTO location (house_number, street, district) VALUES (10, 'Tremont Avenue', 1); 
INSERT INTO location (house_number, street, district) VALUES (11, 'Tremont Avenue', 1); 
INSERT INTO location (house_number, street, district) VALUES (12, 'Tremont Avenue', 1); 
INSERT INTO location (house_number, street, district) VALUES (13, 'Tremont Avenue', 1); 
INSERT INTO location (house_number, street, district) VALUES (14, 'Tremont Avenue', 1); 
INSERT INTO location (house_number, street, district) VALUES (15, 'Tremont Avenue', 1); 
INSERT INTO location (house_number, street, district) VALUES (16, 'Tremont Avenue', 1); 
INSERT INTO location (house_number, street, district) VALUES (17, 'Tremont Avenue', 1); 
INSERT INTO location (house_number, street, district) VALUES (18, 'Tremont Avenue', 1); 
INSERT INTO location (house_number, street, district) VALUES (19, 'Tremont Avenue', 1); 
INSERT INTO location (house_number, street, district) VALUES (20, 'Tremont Avenue', 1); 
INSERT INTO location (house_number, street, district) VALUES (21, 'Tremont Avenue', 1); 
INSERT INTO location (house_number, street, district) VALUES (22, 'Tremont Avenue', 1); 
INSERT INTO location (house_number, street, district) VALUES (23, 'Tremont Avenue', 1); 
INSERT INTO location (house_number, street, district) VALUES (24, 'Tremont Avenue', 1); 
INSERT INTO location (house_number, street, district) VALUES (25, 'Tremont Avenue', 1); 
INSERT INTO location (house_number, street, district) VALUES (26, 'Tremont Avenue', 1); 
INSERT INTO location (house_number, street, district) VALUES (27, 'Tremont Avenue', 1); 
INSERT INTO location (house_number, street, district) VALUES (28, 'Tremont Avenue', 1); 
INSERT INTO location (house_number, street, district) VALUES (1, 'Webster Avenue', 1); 
INSERT INTO location (house_number, street, district) VALUES (2, 'Webster Avenue', 1); 
INSERT INTO location (house_number, street, district) VALUES (3, 'Webster Avenue', 1); 
INSERT INTO location (house_number, street, district) VALUES (4, 'Webster Avenue', 1); 
INSERT INTO location (house_number, street, district) VALUES (5, 'Webster Avenue', 1); 
INSERT INTO location (house_number, street, district) VALUES (6, 'Webster Avenue', 1); 
INSERT INTO location (house_number, street, district) VALUES (7, 'Webster Avenue', 1); 
INSERT INTO location (house_number, street, district) VALUES (8, 'Webster Avenue', 1); 
INSERT INTO location (house_number, street, district) VALUES (9, 'Webster Avenue', 1); 
INSERT INTO location (house_number, street, district) VALUES (10, 'Webster Avenue', 1); 
INSERT INTO location (house_number, street, district) VALUES (11, 'Webster Avenue', 1); 
INSERT INTO location (house_number, street, district) VALUES (12, 'Webster Avenue', 1); 
INSERT INTO location (house_number, street, district) VALUES (13, 'Webster Avenue', 1); 
INSERT INTO location (house_number, street, district) VALUES (14, 'Webster Avenue', 1); 
INSERT INTO location (house_number, street, district) VALUES (15, 'Webster Avenue', 1); 
INSERT INTO location (house_number, street, district) VALUES (16, 'Webster Avenue', 1); 
INSERT INTO location (house_number, street, district) VALUES (17, 'Webster Avenue', 1); 
INSERT INTO location (house_number, street, district) VALUES (18, 'Webster Avenue', 1); 
INSERT INTO location (house_number, street, district) VALUES (19, 'Webster Avenue', 1); 
INSERT INTO location (house_number, street, district) VALUES (20, 'Webster Avenue', 1); 
INSERT INTO location (house_number, street, district) VALUES (21, 'Webster Avenue', 1); 
INSERT INTO location (house_number, street, district) VALUES (22, 'Webster Avenue', 1); 
INSERT INTO location (house_number, street, district) VALUES (23, 'Webster Avenue', 1); 
INSERT INTO location (house_number, street, district) VALUES (24, 'Webster Avenue', 1); 
INSERT INTO location (house_number, street, district) VALUES (1, 'Westchester Avenue', 1); 
INSERT INTO location (house_number, street, district) VALUES (2, 'Westchester Avenue', 1); 
INSERT INTO location (house_number, street, district) VALUES (3, 'Westchester Avenue', 1); 
INSERT INTO location (house_number, street, district) VALUES (4, 'Westchester Avenue', 1); 
INSERT INTO location (house_number, street, district) VALUES (5, 'Westchester Avenue', 1); 
INSERT INTO location (house_number, street, district) VALUES (6, 'Westchester Avenue', 1); 
INSERT INTO location (house_number, street, district) VALUES (7, 'Westchester Avenue', 1); 
INSERT INTO location (house_number, street, district) VALUES (8, 'Westchester Avenue', 1); 
INSERT INTO location (house_number, street, district) VALUES (9, 'Westchester Avenue', 1); 
INSERT INTO location (house_number, street, district) VALUES (10, 'Westchester Avenue', 1); 
INSERT INTO location (house_number, street, district) VALUES (11, 'Westchester Avenue', 1); 
INSERT INTO location (house_number, street, district) VALUES (12, 'Westchester Avenue', 1); 
INSERT INTO location (house_number, street, district) VALUES (13, 'Westchester Avenue', 1); 
INSERT INTO location (house_number, street, district) VALUES (14, 'Westchester Avenue', 1); 
INSERT INTO location (house_number, street, district) VALUES (15, 'Westchester Avenue', 1); 
INSERT INTO location (house_number, street, district) VALUES (16, 'Westchester Avenue', 1); 
INSERT INTO location (house_number, street, district) VALUES (1, 'White Plains Road', 1); 
INSERT INTO location (house_number, street, district) VALUES (2, 'White Plains Road', 1); 
INSERT INTO location (house_number, street, district) VALUES (3, 'White Plains Road', 1); 
INSERT INTO location (house_number, street, district) VALUES (4, 'White Plains Road', 1); 
INSERT INTO location (house_number, street, district) VALUES (5, 'White Plains Road', 1); 
INSERT INTO location (house_number, street, district) VALUES (6, 'White Plains Road', 1); 
INSERT INTO location (house_number, street, district) VALUES (7, 'White Plains Road', 1); 
INSERT INTO location (house_number, street, district) VALUES (8, 'White Plains Road', 1); 
INSERT INTO location (house_number, street, district) VALUES (9, 'White Plains Road', 1); 
INSERT INTO location (house_number, street, district) VALUES (10, 'White Plains Road', 1); 
INSERT INTO location (house_number, street, district) VALUES (11, 'White Plains Road', 1); 
INSERT INTO location (house_number, street, district) VALUES (12, 'White Plains Road', 1); 
INSERT INTO location (house_number, street, district) VALUES (13, 'White Plains Road', 1); 
INSERT INTO location (house_number, street, district) VALUES (14, 'White Plains Road', 1); 
INSERT INTO location (house_number, street, district) VALUES (15, 'White Plains Road', 1); 
INSERT INTO location (house_number, street, district) VALUES (16, 'White Plains Road', 1); 
INSERT INTO location (house_number, street, district) VALUES (17, 'White Plains Road', 1); 
INSERT INTO location (house_number, street, district) VALUES (18, 'White Plains Road', 1); 
INSERT INTO location (house_number, street, district) VALUES (19, 'White Plains Road', 1); 
INSERT INTO location (house_number, street, district) VALUES (20, 'White Plains Road', 1); 
INSERT INTO location (house_number, street, district) VALUES (1, 'Albee Square', 2); 
INSERT INTO location (house_number, street, district) VALUES (2, 'Albee Square', 2); 
INSERT INTO location (house_number, street, district) VALUES (3, 'Albee Square', 2); 
INSERT INTO location (house_number, street, district) VALUES (4, 'Albee Square', 2); 
INSERT INTO location (house_number, street, district) VALUES (5, 'Albee Square', 2); 
INSERT INTO location (house_number, street, district) VALUES (6, 'Albee Square', 2); 
INSERT INTO location (house_number, street, district) VALUES (7, 'Albee Square', 2); 
INSERT INTO location (house_number, street, district) VALUES (8, 'Albee Square', 2); 
INSERT INTO location (house_number, street, district) VALUES (9, 'Albee Square', 2); 
INSERT INTO location (house_number, street, district) VALUES (10, 'Albee Square', 2); 
INSERT INTO location (house_number, street, district) VALUES (11, 'Albee Square', 2); 
INSERT INTO location (house_number, street, district) VALUES (12, 'Albee Square', 2); 
INSERT INTO location (house_number, street, district) VALUES (13, 'Albee Square', 2); 
INSERT INTO location (house_number, street, district) VALUES (14, 'Albee Square', 2); 
INSERT INTO location (house_number, street, district) VALUES (15, 'Albee Square', 2); 
INSERT INTO location (house_number, street, district) VALUES (16, 'Albee Square', 2); 
INSERT INTO location (house_number, street, district) VALUES (17, 'Albee Square', 2); 
INSERT INTO location (house_number, street, district) VALUES (18, 'Albee Square', 2); 
INSERT INTO location (house_number, street, district) VALUES (19, 'Albee Square', 2); 
INSERT INTO location (house_number, street, district) VALUES (1, 'Atlantic Avenue', 2); 
INSERT INTO location (house_number, street, district) VALUES (2, 'Atlantic Avenue', 2); 
INSERT INTO location (house_number, street, district) VALUES (3, 'Atlantic Avenue', 2); 
INSERT INTO location (house_number, street, district) VALUES (4, 'Atlantic Avenue', 2); 
INSERT INTO location (house_number, street, district) VALUES (5, 'Atlantic Avenue', 2); 
INSERT INTO location (house_number, street, district) VALUES (6, 'Atlantic Avenue', 2); 
INSERT INTO location (house_number, street, district) VALUES (7, 'Atlantic Avenue', 2); 
INSERT INTO location (house_number, street, district) VALUES (8, 'Atlantic Avenue', 2); 
INSERT INTO location (house_number, street, district) VALUES (9, 'Atlantic Avenue', 2); 
INSERT INTO location (house_number, street, district) VALUES (1, 'Avenue U', 2); 
INSERT INTO location (house_number, street, district) VALUES (2, 'Avenue U', 2); 
INSERT INTO location (house_number, street, district) VALUES (3, 'Avenue U', 2); 
INSERT INTO location (house_number, street, district) VALUES (4, 'Avenue U', 2); 
INSERT INTO location (house_number, street, district) VALUES (5, 'Avenue U', 2); 
INSERT INTO location (house_number, street, district) VALUES (6, 'Avenue U', 2); 
INSERT INTO location (house_number, street, district) VALUES (7, 'Avenue U', 2); 
INSERT INTO location (house_number, street, district) VALUES (8, 'Avenue U', 2); 
INSERT INTO location (house_number, street, district) VALUES (9, 'Avenue U', 2); 
INSERT INTO location (house_number, street, district) VALUES (10, 'Avenue U', 2); 
INSERT INTO location (house_number, street, district) VALUES (11, 'Avenue U', 2); 
INSERT INTO location (house_number, street, district) VALUES (12, 'Avenue U', 2); 
INSERT INTO location (house_number, street, district) VALUES (13, 'Avenue U', 2); 
INSERT INTO location (house_number, street, district) VALUES (14, 'Avenue U', 2); 
INSERT INTO location (house_number, street, district) VALUES (15, 'Avenue U', 2); 
INSERT INTO location (house_number, street, district) VALUES (16, 'Avenue U', 2); 
INSERT INTO location (house_number, street, district) VALUES (17, 'Avenue U', 2); 
INSERT INTO location (house_number, street, district) VALUES (18, 'Avenue U', 2); 
INSERT INTO location (house_number, street, district) VALUES (19, 'Avenue U', 2); 
INSERT INTO location (house_number, street, district) VALUES (20, 'Avenue U', 2); 
INSERT INTO location (house_number, street, district) VALUES (21, 'Avenue U', 2); 
INSERT INTO location (house_number, street, district) VALUES (22, 'Avenue U', 2); 
INSERT INTO location (house_number, street, district) VALUES (23, 'Avenue U', 2); 
INSERT INTO location (house_number, street, district) VALUES (24, 'Avenue U', 2); 
INSERT INTO location (house_number, street, district) VALUES (25, 'Avenue U', 2); 
INSERT INTO location (house_number, street, district) VALUES (26, 'Avenue U', 2); 
INSERT INTO location (house_number, street, district) VALUES (27, 'Avenue U', 2); 
INSERT INTO location (house_number, street, district) VALUES (28, 'Avenue U', 2); 
INSERT INTO location (house_number, street, district) VALUES (29, 'Avenue U', 2); 
INSERT INTO location (house_number, street, district) VALUES (30, 'Avenue U', 2); 
INSERT INTO location (house_number, street, district) VALUES (1, 'Bay Parkway', 2); 
INSERT INTO location (house_number, street, district) VALUES (2, 'Bay Parkway', 2); 
INSERT INTO location (house_number, street, district) VALUES (3, 'Bay Parkway', 2); 
INSERT INTO location (house_number, street, district) VALUES (4, 'Bay Parkway', 2); 
INSERT INTO location (house_number, street, district) VALUES (5, 'Bay Parkway', 2); 
INSERT INTO location (house_number, street, district) VALUES (6, 'Bay Parkway', 2); 
INSERT INTO location (house_number, street, district) VALUES (7, 'Bay Parkway', 2); 
INSERT INTO location (house_number, street, district) VALUES (8, 'Bay Parkway', 2); 
INSERT INTO location (house_number, street, district) VALUES (9, 'Bay Parkway', 2); 
INSERT INTO location (house_number, street, district) VALUES (10, 'Bay Parkway', 2); 
INSERT INTO location (house_number, street, district) VALUES (11, 'Bay Parkway', 2); 
INSERT INTO location (house_number, street, district) VALUES (12, 'Bay Parkway', 2); 
INSERT INTO location (house_number, street, district) VALUES (13, 'Bay Parkway', 2); 
INSERT INTO location (house_number, street, district) VALUES (14, 'Bay Parkway', 2); 
INSERT INTO location (house_number, street, district) VALUES (15, 'Bay Parkway', 2); 
INSERT INTO location (house_number, street, district) VALUES (16, 'Bay Parkway', 2); 
INSERT INTO location (house_number, street, district) VALUES (1, 'Bedford Avenue', 2); 
INSERT INTO location (house_number, street, district) VALUES (2, 'Bedford Avenue', 2); 
INSERT INTO location (house_number, street, district) VALUES (3, 'Bedford Avenue', 2); 
INSERT INTO location (house_number, street, district) VALUES (4, 'Bedford Avenue', 2); 
INSERT INTO location (house_number, street, district) VALUES (5, 'Bedford Avenue', 2); 
INSERT INTO location (house_number, street, district) VALUES (6, 'Bedford Avenue', 2); 
INSERT INTO location (house_number, street, district) VALUES (7, 'Bedford Avenue', 2); 
INSERT INTO location (house_number, street, district) VALUES (8, 'Bedford Avenue', 2); 
INSERT INTO location (house_number, street, district) VALUES (9, 'Bedford Avenue', 2); 
INSERT INTO location (house_number, street, district) VALUES (10, 'Bedford Avenue', 2); 
INSERT INTO location (house_number, street, district) VALUES (11, 'Bedford Avenue', 2); 
INSERT INTO location (house_number, street, district) VALUES (12, 'Bedford Avenue', 2); 
INSERT INTO location (house_number, street, district) VALUES (13, 'Bedford Avenue', 2); 
INSERT INTO location (house_number, street, district) VALUES (14, 'Bedford Avenue', 2); 
INSERT INTO location (house_number, street, district) VALUES (15, 'Bedford Avenue', 2); 
INSERT INTO location (house_number, street, district) VALUES (16, 'Bedford Avenue', 2); 
INSERT INTO location (house_number, street, district) VALUES (17, 'Bedford Avenue', 2); 
INSERT INTO location (house_number, street, district) VALUES (18, 'Bedford Avenue', 2); 
INSERT INTO location (house_number, street, district) VALUES (19, 'Bedford Avenue', 2); 
INSERT INTO location (house_number, street, district) VALUES (1, 'Broadway', 2); 
INSERT INTO location (house_number, street, district) VALUES (2, 'Broadway', 2); 
INSERT INTO location (house_number, street, district) VALUES (3, 'Broadway', 2); 
INSERT INTO location (house_number, street, district) VALUES (4, 'Broadway', 2); 
INSERT INTO location (house_number, street, district) VALUES (5, 'Broadway', 2); 
INSERT INTO location (house_number, street, district) VALUES (6, 'Broadway', 2); 
INSERT INTO location (house_number, street, district) VALUES (7, 'Broadway', 2); 
INSERT INTO location (house_number, street, district) VALUES (8, 'Broadway', 2); 
INSERT INTO location (house_number, street, district) VALUES (9, 'Broadway', 2); 
INSERT INTO location (house_number, street, district) VALUES (10, 'Broadway', 2); 
INSERT INTO location (house_number, street, district) VALUES (1, 'Cadman Plaza', 2); 
INSERT INTO location (house_number, street, district) VALUES (2, 'Cadman Plaza', 2); 
INSERT INTO location (house_number, street, district) VALUES (3, 'Cadman Plaza', 2); 
INSERT INTO location (house_number, street, district) VALUES (4, 'Cadman Plaza', 2); 
INSERT INTO location (house_number, street, district) VALUES (5, 'Cadman Plaza', 2); 
INSERT INTO location (house_number, street, district) VALUES (6, 'Cadman Plaza', 2); 
INSERT INTO location (house_number, street, district) VALUES (7, 'Cadman Plaza', 2); 
INSERT INTO location (house_number, street, district) VALUES (8, 'Cadman Plaza', 2); 
INSERT INTO location (house_number, street, district) VALUES (1, 'Conduit Avenue', 2); 
INSERT INTO location (house_number, street, district) VALUES (2, 'Conduit Avenue', 2); 
INSERT INTO location (house_number, street, district) VALUES (3, 'Conduit Avenue', 2); 
INSERT INTO location (house_number, street, district) VALUES (4, 'Conduit Avenue', 2); 
INSERT INTO location (house_number, street, district) VALUES (5, 'Conduit Avenue', 2); 
INSERT INTO location (house_number, street, district) VALUES (6, 'Conduit Avenue', 2); 
INSERT INTO location (house_number, street, district) VALUES (7, 'Conduit Avenue', 2); 
INSERT INTO location (house_number, street, district) VALUES (8, 'Conduit Avenue', 2); 
INSERT INTO location (house_number, street, district) VALUES (9, 'Conduit Avenue', 2); 
INSERT INTO location (house_number, street, district) VALUES (10, 'Conduit Avenue', 2); 
INSERT INTO location (house_number, street, district) VALUES (11, 'Conduit Avenue', 2); 
INSERT INTO location (house_number, street, district) VALUES (12, 'Conduit Avenue', 2); 
INSERT INTO location (house_number, street, district) VALUES (13, 'Conduit Avenue', 2); 
INSERT INTO location (house_number, street, district) VALUES (14, 'Conduit Avenue', 2); 
INSERT INTO location (house_number, street, district) VALUES (15, 'Conduit Avenue', 2); 
INSERT INTO location (house_number, street, district) VALUES (16, 'Conduit Avenue', 2); 
INSERT INTO location (house_number, street, district) VALUES (17, 'Conduit Avenue', 2); 
INSERT INTO location (house_number, street, district) VALUES (18, 'Conduit Avenue', 2); 
INSERT INTO location (house_number, street, district) VALUES (19, 'Conduit Avenue', 2); 
INSERT INTO location (house_number, street, district) VALUES (1, 'Coney Island Avenue', 2); 
INSERT INTO location (house_number, street, district) VALUES (2, 'Coney Island Avenue', 2); 
INSERT INTO location (house_number, street, district) VALUES (1, 'Cropsey Avenue', 2); 
INSERT INTO location (house_number, street, district) VALUES (2, 'Cropsey Avenue', 2); 
INSERT INTO location (house_number, street, district) VALUES (3, 'Cropsey Avenue', 2); 
INSERT INTO location (house_number, street, district) VALUES (4, 'Cropsey Avenue', 2); 
INSERT INTO location (house_number, street, district) VALUES (5, 'Cropsey Avenue', 2); 
INSERT INTO location (house_number, street, district) VALUES (6, 'Cropsey Avenue', 2); 
INSERT INTO location (house_number, street, district) VALUES (7, 'Cropsey Avenue', 2); 
INSERT INTO location (house_number, street, district) VALUES (8, 'Cropsey Avenue', 2); 
INSERT INTO location (house_number, street, district) VALUES (9, 'Cropsey Avenue', 2); 
INSERT INTO location (house_number, street, district) VALUES (10, 'Cropsey Avenue', 2); 
INSERT INTO location (house_number, street, district) VALUES (11, 'Cropsey Avenue', 2); 
INSERT INTO location (house_number, street, district) VALUES (12, 'Cropsey Avenue', 2); 
INSERT INTO location (house_number, street, district) VALUES (13, 'Cropsey Avenue', 2); 
INSERT INTO location (house_number, street, district) VALUES (14, 'Cropsey Avenue', 2); 
INSERT INTO location (house_number, street, district) VALUES (15, 'Cropsey Avenue', 2); 
INSERT INTO location (house_number, street, district) VALUES (16, 'Cropsey Avenue', 2); 
INSERT INTO location (house_number, street, district) VALUES (17, 'Cropsey Avenue', 2); 
INSERT INTO location (house_number, street, district) VALUES (18, 'Cropsey Avenue', 2); 
INSERT INTO location (house_number, street, district) VALUES (19, 'Cropsey Avenue', 2); 
INSERT INTO location (house_number, street, district) VALUES (20, 'Cropsey Avenue', 2); 
INSERT INTO location (house_number, street, district) VALUES (21, 'Cropsey Avenue', 2); 
INSERT INTO location (house_number, street, district) VALUES (22, 'Cropsey Avenue', 2); 
INSERT INTO location (house_number, street, district) VALUES (23, 'Cropsey Avenue', 2); 
INSERT INTO location (house_number, street, district) VALUES (24, 'Cropsey Avenue', 2); 
INSERT INTO location (house_number, street, district) VALUES (25, 'Cropsey Avenue', 2); 
INSERT INTO location (house_number, street, district) VALUES (26, 'Cropsey Avenue', 2); 
INSERT INTO location (house_number, street, district) VALUES (27, 'Cropsey Avenue', 2); 
INSERT INTO location (house_number, street, district) VALUES (28, 'Cropsey Avenue', 2); 
INSERT INTO location (house_number, street, district) VALUES (29, 'Cropsey Avenue', 2); 
INSERT INTO location (house_number, street, district) VALUES (1, 'DeKalb Avenue', 2); 
INSERT INTO location (house_number, street, district) VALUES (2, 'DeKalb Avenue', 2); 
INSERT INTO location (house_number, street, district) VALUES (3, 'DeKalb Avenue', 2); 
INSERT INTO location (house_number, street, district) VALUES (4, 'DeKalb Avenue', 2); 
INSERT INTO location (house_number, street, district) VALUES (5, 'DeKalb Avenue', 2); 
INSERT INTO location (house_number, street, district) VALUES (6, 'DeKalb Avenue', 2); 
INSERT INTO location (house_number, street, district) VALUES (7, 'DeKalb Avenue', 2); 
INSERT INTO location (house_number, street, district) VALUES (8, 'DeKalb Avenue', 2); 
INSERT INTO location (house_number, street, district) VALUES (9, 'DeKalb Avenue', 2); 
INSERT INTO location (house_number, street, district) VALUES (10, 'DeKalb Avenue', 2); 
INSERT INTO location (house_number, street, district) VALUES (11, 'DeKalb Avenue', 2); 
INSERT INTO location (house_number, street, district) VALUES (12, 'DeKalb Avenue', 2); 
INSERT INTO location (house_number, street, district) VALUES (13, 'DeKalb Avenue', 2); 
INSERT INTO location (house_number, street, district) VALUES (14, 'DeKalb Avenue', 2); 
INSERT INTO location (house_number, street, district) VALUES (15, 'DeKalb Avenue', 2); 
INSERT INTO location (house_number, street, district) VALUES (16, 'DeKalb Avenue', 2); 
INSERT INTO location (house_number, street, district) VALUES (17, 'DeKalb Avenue', 2); 
INSERT INTO location (house_number, street, district) VALUES (18, 'DeKalb Avenue', 2); 
INSERT INTO location (house_number, street, district) VALUES (19, 'DeKalb Avenue', 2); 
INSERT INTO location (house_number, street, district) VALUES (20, 'DeKalb Avenue', 2); 
INSERT INTO location (house_number, street, district) VALUES (21, 'DeKalb Avenue', 2); 
INSERT INTO location (house_number, street, district) VALUES (22, 'DeKalb Avenue', 2); 
INSERT INTO location (house_number, street, district) VALUES (1, 'Eastern Parkway', 2); 
INSERT INTO location (house_number, street, district) VALUES (2, 'Eastern Parkway', 2); 
INSERT INTO location (house_number, street, district) VALUES (1, 'Eighth Avenue', 2); 
INSERT INTO location (house_number, street, district) VALUES (2, 'Eighth Avenue', 2); 
INSERT INTO location (house_number, street, district) VALUES (3, 'Eighth Avenue', 2); 
INSERT INTO location (house_number, street, district) VALUES (4, 'Eighth Avenue', 2); 
INSERT INTO location (house_number, street, district) VALUES (5, 'Eighth Avenue', 2); 
INSERT INTO location (house_number, street, district) VALUES (6, 'Eighth Avenue', 2); 
INSERT INTO location (house_number, street, district) VALUES (7, 'Eighth Avenue', 2); 
INSERT INTO location (house_number, street, district) VALUES (8, 'Eighth Avenue', 2); 
INSERT INTO location (house_number, street, district) VALUES (1, 'Flatbush Avenue', 2); 
INSERT INTO location (house_number, street, district) VALUES (2, 'Flatbush Avenue', 2); 
INSERT INTO location (house_number, street, district) VALUES (3, 'Flatbush Avenue', 2); 
INSERT INTO location (house_number, street, district) VALUES (4, 'Flatbush Avenue', 2); 
INSERT INTO location (house_number, street, district) VALUES (5, 'Flatbush Avenue', 2); 
INSERT INTO location (house_number, street, district) VALUES (6, 'Flatbush Avenue', 2); 
INSERT INTO location (house_number, street, district) VALUES (7, 'Flatbush Avenue', 2); 
INSERT INTO location (house_number, street, district) VALUES (8, 'Flatbush Avenue', 2); 
INSERT INTO location (house_number, street, district) VALUES (9, 'Flatbush Avenue', 2); 
INSERT INTO location (house_number, street, district) VALUES (10, 'Flatbush Avenue', 2); 
INSERT INTO location (house_number, street, district) VALUES (11, 'Flatbush Avenue', 2); 
INSERT INTO location (house_number, street, district) VALUES (12, 'Flatbush Avenue', 2); 
INSERT INTO location (house_number, street, district) VALUES (13, 'Flatbush Avenue', 2); 
INSERT INTO location (house_number, street, district) VALUES (14, 'Flatbush Avenue', 2); 
INSERT INTO location (house_number, street, district) VALUES (15, 'Flatbush Avenue', 2); 
INSERT INTO location (house_number, street, district) VALUES (16, 'Flatbush Avenue', 2); 
INSERT INTO location (house_number, street, district) VALUES (17, 'Flatbush Avenue', 2); 
INSERT INTO location (house_number, street, district) VALUES (18, 'Flatbush Avenue', 2); 
INSERT INTO location (house_number, street, district) VALUES (19, 'Flatbush Avenue', 2); 
INSERT INTO location (house_number, street, district) VALUES (20, 'Flatbush Avenue', 2); 
INSERT INTO location (house_number, street, district) VALUES (21, 'Flatbush Avenue', 2); 
INSERT INTO location (house_number, street, district) VALUES (1, 'Flatlands Avenue', 2); 
INSERT INTO location (house_number, street, district) VALUES (2, 'Flatlands Avenue', 2); 
INSERT INTO location (house_number, street, district) VALUES (3, 'Flatlands Avenue', 2); 
INSERT INTO location (house_number, street, district) VALUES (4, 'Flatlands Avenue', 2); 
INSERT INTO location (house_number, street, district) VALUES (5, 'Flatlands Avenue', 2); 
INSERT INTO location (house_number, street, district) VALUES (6, 'Flatlands Avenue', 2); 
INSERT INTO location (house_number, street, district) VALUES (7, 'Flatlands Avenue', 2); 
INSERT INTO location (house_number, street, district) VALUES (8, 'Flatlands Avenue', 2); 
INSERT INTO location (house_number, street, district) VALUES (9, 'Flatlands Avenue', 2); 
INSERT INTO location (house_number, street, district) VALUES (10, 'Flatlands Avenue', 2); 
INSERT INTO location (house_number, street, district) VALUES (11, 'Flatlands Avenue', 2); 
INSERT INTO location (house_number, street, district) VALUES (12, 'Flatlands Avenue', 2); 
INSERT INTO location (house_number, street, district) VALUES (13, 'Flatlands Avenue', 2); 
INSERT INTO location (house_number, street, district) VALUES (14, 'Flatlands Avenue', 2); 
INSERT INTO location (house_number, street, district) VALUES (15, 'Flatlands Avenue', 2); 
INSERT INTO location (house_number, street, district) VALUES (16, 'Flatlands Avenue', 2); 
INSERT INTO location (house_number, street, district) VALUES (17, 'Flatlands Avenue', 2); 
INSERT INTO location (house_number, street, district) VALUES (18, 'Flatlands Avenue', 2); 
INSERT INTO location (house_number, street, district) VALUES (19, 'Flatlands Avenue', 2); 
INSERT INTO location (house_number, street, district) VALUES (20, 'Flatlands Avenue', 2); 
INSERT INTO location (house_number, street, district) VALUES (1, 'Flushing Avenue', 2); 
INSERT INTO location (house_number, street, district) VALUES (2, 'Flushing Avenue', 2); 
INSERT INTO location (house_number, street, district) VALUES (3, 'Flushing Avenue', 2); 
INSERT INTO location (house_number, street, district) VALUES (4, 'Flushing Avenue', 2); 
INSERT INTO location (house_number, street, district) VALUES (5, 'Flushing Avenue', 2); 
INSERT INTO location (house_number, street, district) VALUES (6, 'Flushing Avenue', 2); 
INSERT INTO location (house_number, street, district) VALUES (7, 'Flushing Avenue', 2); 
INSERT INTO location (house_number, street, district) VALUES (8, 'Flushing Avenue', 2); 
INSERT INTO location (house_number, street, district) VALUES (1, 'Fort Hamilton Parkway', 2); 
INSERT INTO location (house_number, street, district) VALUES (2, 'Fort Hamilton Parkway', 2); 
INSERT INTO location (house_number, street, district) VALUES (3, 'Fort Hamilton Parkway', 2); 
INSERT INTO location (house_number, street, district) VALUES (4, 'Fort Hamilton Parkway', 2); 
INSERT INTO location (house_number, street, district) VALUES (5, 'Fort Hamilton Parkway', 2); 
INSERT INTO location (house_number, street, district) VALUES (6, 'Fort Hamilton Parkway', 2); 
INSERT INTO location (house_number, street, district) VALUES (7, 'Fort Hamilton Parkway', 2); 
INSERT INTO location (house_number, street, district) VALUES (8, 'Fort Hamilton Parkway', 2); 
INSERT INTO location (house_number, street, district) VALUES (9, 'Fort Hamilton Parkway', 2); 
INSERT INTO location (house_number, street, district) VALUES (10, 'Fort Hamilton Parkway', 2); 
INSERT INTO location (house_number, street, district) VALUES (11, 'Fort Hamilton Parkway', 2); 
INSERT INTO location (house_number, street, district) VALUES (12, 'Fort Hamilton Parkway', 2); 
INSERT INTO location (house_number, street, district) VALUES (13, 'Fort Hamilton Parkway', 2); 
INSERT INTO location (house_number, street, district) VALUES (14, 'Fort Hamilton Parkway', 2); 
INSERT INTO location (house_number, street, district) VALUES (15, 'Fort Hamilton Parkway', 2); 
INSERT INTO location (house_number, street, district) VALUES (16, 'Fort Hamilton Parkway', 2); 
INSERT INTO location (house_number, street, district) VALUES (17, 'Fort Hamilton Parkway', 2); 
INSERT INTO location (house_number, street, district) VALUES (18, 'Fort Hamilton Parkway', 2); 
INSERT INTO location (house_number, street, district) VALUES (19, 'Fort Hamilton Parkway', 2); 
INSERT INTO location (house_number, street, district) VALUES (20, 'Fort Hamilton Parkway', 2); 
INSERT INTO location (house_number, street, district) VALUES (21, 'Fort Hamilton Parkway', 2); 
INSERT INTO location (house_number, street, district) VALUES (22, 'Fort Hamilton Parkway', 2); 
INSERT INTO location (house_number, street, district) VALUES (1, 'Fountain Avenue', 2); 
INSERT INTO location (house_number, street, district) VALUES (2, 'Fountain Avenue', 2); 
INSERT INTO location (house_number, street, district) VALUES (3, 'Fountain Avenue', 2); 
INSERT INTO location (house_number, street, district) VALUES (4, 'Fountain Avenue', 2); 
INSERT INTO location (house_number, street, district) VALUES (5, 'Fountain Avenue', 2); 
INSERT INTO location (house_number, street, district) VALUES (6, 'Fountain Avenue', 2); 
INSERT INTO location (house_number, street, district) VALUES (7, 'Fountain Avenue', 2); 
INSERT INTO location (house_number, street, district) VALUES (8, 'Fountain Avenue', 2); 
INSERT INTO location (house_number, street, district) VALUES (9, 'Fountain Avenue', 2); 
INSERT INTO location (house_number, street, district) VALUES (1, 'Fourth Avenue', 2); 
INSERT INTO location (house_number, street, district) VALUES (2, 'Fourth Avenue', 2); 
INSERT INTO location (house_number, street, district) VALUES (3, 'Fourth Avenue', 2); 
INSERT INTO location (house_number, street, district) VALUES (4, 'Fourth Avenue', 2); 
INSERT INTO location (house_number, street, district) VALUES (5, 'Fourth Avenue', 2); 
INSERT INTO location (house_number, street, district) VALUES (6, 'Fourth Avenue', 2); 
INSERT INTO location (house_number, street, district) VALUES (7, 'Fourth Avenue', 2); 
INSERT INTO location (house_number, street, district) VALUES (8, 'Fourth Avenue', 2); 
INSERT INTO location (house_number, street, district) VALUES (9, 'Fourth Avenue', 2); 
INSERT INTO location (house_number, street, district) VALUES (10, 'Fourth Avenue', 2); 
INSERT INTO location (house_number, street, district) VALUES (11, 'Fourth Avenue', 2); 
INSERT INTO location (house_number, street, district) VALUES (12, 'Fourth Avenue', 2); 
INSERT INTO location (house_number, street, district) VALUES (13, 'Fourth Avenue', 2); 
INSERT INTO location (house_number, street, district) VALUES (14, 'Fourth Avenue', 2); 
INSERT INTO location (house_number, street, district) VALUES (15, 'Fourth Avenue', 2); 
INSERT INTO location (house_number, street, district) VALUES (16, 'Fourth Avenue', 2); 
INSERT INTO location (house_number, street, district) VALUES (17, 'Fourth Avenue', 2); 
INSERT INTO location (house_number, street, district) VALUES (18, 'Fourth Avenue', 2); 
INSERT INTO location (house_number, street, district) VALUES (19, 'Fourth Avenue', 2); 
INSERT INTO location (house_number, street, district) VALUES (20, 'Fourth Avenue', 2); 
INSERT INTO location (house_number, street, district) VALUES (21, 'Fourth Avenue', 2); 
INSERT INTO location (house_number, street, district) VALUES (1, 'Fulton Street', 2); 
INSERT INTO location (house_number, street, district) VALUES (2, 'Fulton Street', 2); 
INSERT INTO location (house_number, street, district) VALUES (3, 'Fulton Street', 2); 
INSERT INTO location (house_number, street, district) VALUES (4, 'Fulton Street', 2); 
INSERT INTO location (house_number, street, district) VALUES (5, 'Fulton Street', 2); 
INSERT INTO location (house_number, street, district) VALUES (6, 'Fulton Street', 2); 
INSERT INTO location (house_number, street, district) VALUES (7, 'Fulton Street', 2); 
INSERT INTO location (house_number, street, district) VALUES (8, 'Fulton Street', 2); 
INSERT INTO location (house_number, street, district) VALUES (9, 'Fulton Street', 2); 
INSERT INTO location (house_number, street, district) VALUES (10, 'Fulton Street', 2); 
INSERT INTO location (house_number, street, district) VALUES (11, 'Fulton Street', 2); 
INSERT INTO location (house_number, street, district) VALUES (12, 'Fulton Street', 2); 
INSERT INTO location (house_number, street, district) VALUES (13, 'Fulton Street', 2); 
INSERT INTO location (house_number, street, district) VALUES (14, 'Fulton Street', 2); 
INSERT INTO location (house_number, street, district) VALUES (15, 'Fulton Street', 2); 
INSERT INTO location (house_number, street, district) VALUES (16, 'Fulton Street', 2); 
INSERT INTO location (house_number, street, district) VALUES (17, 'Fulton Street', 2); 
INSERT INTO location (house_number, street, district) VALUES (18, 'Fulton Street', 2); 
INSERT INTO location (house_number, street, district) VALUES (19, 'Fulton Street', 2); 
INSERT INTO location (house_number, street, district) VALUES (20, 'Fulton Street', 2); 
INSERT INTO location (house_number, street, district) VALUES (21, 'Fulton Street', 2); 
INSERT INTO location (house_number, street, district) VALUES (22, 'Fulton Street', 2); 
INSERT INTO location (house_number, street, district) VALUES (23, 'Fulton Street', 2); 
INSERT INTO location (house_number, street, district) VALUES (24, 'Fulton Street', 2); 
INSERT INTO location (house_number, street, district) VALUES (25, 'Fulton Street', 2); 
INSERT INTO location (house_number, street, district) VALUES (26, 'Fulton Street', 2); 
INSERT INTO location (house_number, street, district) VALUES (27, 'Fulton Street', 2); 
INSERT INTO location (house_number, street, district) VALUES (28, 'Fulton Street', 2); 
INSERT INTO location (house_number, street, district) VALUES (29, 'Fulton Street', 2); 
INSERT INTO location (house_number, street, district) VALUES (30, 'Fulton Street', 2); 
INSERT INTO location (house_number, street, district) VALUES (31, 'Fulton Street', 2); 
INSERT INTO location (house_number, street, district) VALUES (1, 'Grand Street and Grand Avenue', 2); 
INSERT INTO location (house_number, street, district) VALUES (2, 'Grand Street and Grand Avenue', 2); 
INSERT INTO location (house_number, street, district) VALUES (3, 'Grand Street and Grand Avenue', 2); 
INSERT INTO location (house_number, street, district) VALUES (4, 'Grand Street and Grand Avenue', 2); 
INSERT INTO location (house_number, street, district) VALUES (5, 'Grand Street and Grand Avenue', 2); 
INSERT INTO location (house_number, street, district) VALUES (6, 'Grand Street and Grand Avenue', 2); 
INSERT INTO location (house_number, street, district) VALUES (7, 'Grand Street and Grand Avenue', 2); 
INSERT INTO location (house_number, street, district) VALUES (8, 'Grand Street and Grand Avenue', 2); 
INSERT INTO location (house_number, street, district) VALUES (1, 'Greenpoint and Roosevelt Avenues', 2); 
INSERT INTO location (house_number, street, district) VALUES (2, 'Greenpoint and Roosevelt Avenues', 2); 
INSERT INTO location (house_number, street, district) VALUES (3, 'Greenpoint and Roosevelt Avenues', 2); 
INSERT INTO location (house_number, street, district) VALUES (4, 'Greenpoint and Roosevelt Avenues', 2); 
INSERT INTO location (house_number, street, district) VALUES (5, 'Greenpoint and Roosevelt Avenues', 2); 
INSERT INTO location (house_number, street, district) VALUES (6, 'Greenpoint and Roosevelt Avenues', 2); 
INSERT INTO location (house_number, street, district) VALUES (7, 'Greenpoint and Roosevelt Avenues', 2); 
INSERT INTO location (house_number, street, district) VALUES (8, 'Greenpoint and Roosevelt Avenues', 2); 
INSERT INTO location (house_number, street, district) VALUES (9, 'Greenpoint and Roosevelt Avenues', 2); 
INSERT INTO location (house_number, street, district) VALUES (10, 'Greenpoint and Roosevelt Avenues', 2); 
INSERT INTO location (house_number, street, district) VALUES (11, 'Greenpoint and Roosevelt Avenues', 2); 
INSERT INTO location (house_number, street, district) VALUES (12, 'Greenpoint and Roosevelt Avenues', 2); 
INSERT INTO location (house_number, street, district) VALUES (13, 'Greenpoint and Roosevelt Avenues', 2); 
INSERT INTO location (house_number, street, district) VALUES (14, 'Greenpoint and Roosevelt Avenues', 2); 
INSERT INTO location (house_number, street, district) VALUES (15, 'Greenpoint and Roosevelt Avenues', 2); 
INSERT INTO location (house_number, street, district) VALUES (16, 'Greenpoint and Roosevelt Avenues', 2); 
INSERT INTO location (house_number, street, district) VALUES (17, 'Greenpoint and Roosevelt Avenues', 2); 
INSERT INTO location (house_number, street, district) VALUES (18, 'Greenpoint and Roosevelt Avenues', 2); 
INSERT INTO location (house_number, street, district) VALUES (19, 'Greenpoint and Roosevelt Avenues', 2); 
INSERT INTO location (house_number, street, district) VALUES (20, 'Greenpoint and Roosevelt Avenues', 2); 
INSERT INTO location (house_number, street, district) VALUES (21, 'Greenpoint and Roosevelt Avenues', 2); 
INSERT INTO location (house_number, street, district) VALUES (22, 'Greenpoint and Roosevelt Avenues', 2); 
INSERT INTO location (house_number, street, district) VALUES (23, 'Greenpoint and Roosevelt Avenues', 2); 
INSERT INTO location (house_number, street, district) VALUES (24, 'Greenpoint and Roosevelt Avenues', 2); 
INSERT INTO location (house_number, street, district) VALUES (25, 'Greenpoint and Roosevelt Avenues', 2); 
INSERT INTO location (house_number, street, district) VALUES (26, 'Greenpoint and Roosevelt Avenues', 2); 
INSERT INTO location (house_number, street, district) VALUES (27, 'Greenpoint and Roosevelt Avenues', 2); 
INSERT INTO location (house_number, street, district) VALUES (1, 'Jamaica Avenue', 2); 
INSERT INTO location (house_number, street, district) VALUES (2, 'Jamaica Avenue', 2); 
INSERT INTO location (house_number, street, district) VALUES (3, 'Jamaica Avenue', 2); 
INSERT INTO location (house_number, street, district) VALUES (4, 'Jamaica Avenue', 2); 
INSERT INTO location (house_number, street, district) VALUES (5, 'Jamaica Avenue', 2); 
INSERT INTO location (house_number, street, district) VALUES (1, 'Kings Highway', 2); 
INSERT INTO location (house_number, street, district) VALUES (2, 'Kings Highway', 2); 
INSERT INTO location (house_number, street, district) VALUES (3, 'Kings Highway', 2); 
INSERT INTO location (house_number, street, district) VALUES (4, 'Kings Highway', 2); 
INSERT INTO location (house_number, street, district) VALUES (5, 'Kings Highway', 2); 
INSERT INTO location (house_number, street, district) VALUES (6, 'Kings Highway', 2); 
INSERT INTO location (house_number, street, district) VALUES (7, 'Kings Highway', 2); 
INSERT INTO location (house_number, street, district) VALUES (8, 'Kings Highway', 2); 
INSERT INTO location (house_number, street, district) VALUES (9, 'Kings Highway', 2); 
INSERT INTO location (house_number, street, district) VALUES (10, 'Kings Highway', 2); 
INSERT INTO location (house_number, street, district) VALUES (11, 'Kings Highway', 2); 
INSERT INTO location (house_number, street, district) VALUES (12, 'Kings Highway', 2); 
INSERT INTO location (house_number, street, district) VALUES (13, 'Kings Highway', 2); 
INSERT INTO location (house_number, street, district) VALUES (14, 'Kings Highway', 2); 
INSERT INTO location (house_number, street, district) VALUES (15, 'Kings Highway', 2); 
INSERT INTO location (house_number, street, district) VALUES (16, 'Kings Highway', 2); 
INSERT INTO location (house_number, street, district) VALUES (17, 'Kings Highway', 2); 
INSERT INTO location (house_number, street, district) VALUES (18, 'Kings Highway', 2); 
INSERT INTO location (house_number, street, district) VALUES (19, 'Kings Highway', 2); 
INSERT INTO location (house_number, street, district) VALUES (20, 'Kings Highway', 2); 
INSERT INTO location (house_number, street, district) VALUES (21, 'Kings Highway', 2); 
INSERT INTO location (house_number, street, district) VALUES (22, 'Kings Highway', 2); 
INSERT INTO location (house_number, street, district) VALUES (23, 'Kings Highway', 2); 
INSERT INTO location (house_number, street, district) VALUES (24, 'Kings Highway', 2); 
INSERT INTO location (house_number, street, district) VALUES (25, 'Kings Highway', 2); 
INSERT INTO location (house_number, street, district) VALUES (26, 'Kings Highway', 2); 
INSERT INTO location (house_number, street, district) VALUES (27, 'Kings Highway', 2); 
INSERT INTO location (house_number, street, district) VALUES (28, 'Kings Highway', 2); 
INSERT INTO location (house_number, street, district) VALUES (1, 'Liberty Avenue', 2); 
INSERT INTO location (house_number, street, district) VALUES (2, 'Liberty Avenue', 2); 
INSERT INTO location (house_number, street, district) VALUES (3, 'Liberty Avenue', 2); 
INSERT INTO location (house_number, street, district) VALUES (4, 'Liberty Avenue', 2); 
INSERT INTO location (house_number, street, district) VALUES (5, 'Liberty Avenue', 2); 
INSERT INTO location (house_number, street, district) VALUES (6, 'Liberty Avenue', 2); 
INSERT INTO location (house_number, street, district) VALUES (7, 'Liberty Avenue', 2); 
INSERT INTO location (house_number, street, district) VALUES (8, 'Liberty Avenue', 2); 
INSERT INTO location (house_number, street, district) VALUES (9, 'Liberty Avenue', 2); 
INSERT INTO location (house_number, street, district) VALUES (10, 'Liberty Avenue', 2); 
INSERT INTO location (house_number, street, district) VALUES (11, 'Liberty Avenue', 2); 
INSERT INTO location (house_number, street, district) VALUES (12, 'Liberty Avenue', 2); 
INSERT INTO location (house_number, street, district) VALUES (13, 'Liberty Avenue', 2); 
INSERT INTO location (house_number, street, district) VALUES (14, 'Liberty Avenue', 2); 
INSERT INTO location (house_number, street, district) VALUES (15, 'Liberty Avenue', 2); 
INSERT INTO location (house_number, street, district) VALUES (16, 'Liberty Avenue', 2); 
INSERT INTO location (house_number, street, district) VALUES (17, 'Liberty Avenue', 2); 
INSERT INTO location (house_number, street, district) VALUES (1, 'Linden Boulevard', 2); 
INSERT INTO location (house_number, street, district) VALUES (2, 'Linden Boulevard', 2); 
INSERT INTO location (house_number, street, district) VALUES (3, 'Linden Boulevard', 2); 
INSERT INTO location (house_number, street, district) VALUES (4, 'Linden Boulevard', 2); 
INSERT INTO location (house_number, street, district) VALUES (5, 'Linden Boulevard', 2); 
INSERT INTO location (house_number, street, district) VALUES (6, 'Linden Boulevard', 2); 
INSERT INTO location (house_number, street, district) VALUES (7, 'Linden Boulevard', 2); 
INSERT INTO location (house_number, street, district) VALUES (1, 'Manhattan Avenue', 2); 
INSERT INTO location (house_number, street, district) VALUES (2, 'Manhattan Avenue', 2); 
INSERT INTO location (house_number, street, district) VALUES (3, 'Manhattan Avenue', 2); 
INSERT INTO location (house_number, street, district) VALUES (4, 'Manhattan Avenue', 2); 
INSERT INTO location (house_number, street, district) VALUES (5, 'Manhattan Avenue', 2); 
INSERT INTO location (house_number, street, district) VALUES (6, 'Manhattan Avenue', 2); 
INSERT INTO location (house_number, street, district) VALUES (1, 'McGuinness Boulevard', 2); 
INSERT INTO location (house_number, street, district) VALUES (2, 'McGuinness Boulevard', 2); 
INSERT INTO location (house_number, street, district) VALUES (3, 'McGuinness Boulevard', 2); 
INSERT INTO location (house_number, street, district) VALUES (4, 'McGuinness Boulevard', 2); 
INSERT INTO location (house_number, street, district) VALUES (5, 'McGuinness Boulevard', 2); 
INSERT INTO location (house_number, street, district) VALUES (6, 'McGuinness Boulevard', 2); 
INSERT INTO location (house_number, street, district) VALUES (7, 'McGuinness Boulevard', 2); 
INSERT INTO location (house_number, street, district) VALUES (8, 'McGuinness Boulevard', 2); 
INSERT INTO location (house_number, street, district) VALUES (9, 'McGuinness Boulevard', 2); 
INSERT INTO location (house_number, street, district) VALUES (1, 'Metropolitan Avenue', 2); 
INSERT INTO location (house_number, street, district) VALUES (2, 'Metropolitan Avenue', 2); 
INSERT INTO location (house_number, street, district) VALUES (3, 'Metropolitan Avenue', 2); 
INSERT INTO location (house_number, street, district) VALUES (4, 'Metropolitan Avenue', 2); 
INSERT INTO location (house_number, street, district) VALUES (5, 'Metropolitan Avenue', 2); 
INSERT INTO location (house_number, street, district) VALUES (6, 'Metropolitan Avenue', 2); 
INSERT INTO location (house_number, street, district) VALUES (7, 'Metropolitan Avenue', 2); 
INSERT INTO location (house_number, street, district) VALUES (8, 'Metropolitan Avenue', 2); 
INSERT INTO location (house_number, street, district) VALUES (9, 'Metropolitan Avenue', 2); 
INSERT INTO location (house_number, street, district) VALUES (10, 'Metropolitan Avenue', 2); 
INSERT INTO location (house_number, street, district) VALUES (11, 'Metropolitan Avenue', 2); 
INSERT INTO location (house_number, street, district) VALUES (12, 'Metropolitan Avenue', 2); 
INSERT INTO location (house_number, street, district) VALUES (13, 'Metropolitan Avenue', 2); 
INSERT INTO location (house_number, street, district) VALUES (14, 'Metropolitan Avenue', 2); 
INSERT INTO location (house_number, street, district) VALUES (1, 'Myrtle Avenue', 2); 
INSERT INTO location (house_number, street, district) VALUES (2, 'Myrtle Avenue', 2); 
INSERT INTO location (house_number, street, district) VALUES (3, 'Myrtle Avenue', 2); 
INSERT INTO location (house_number, street, district) VALUES (4, 'Myrtle Avenue', 2); 
INSERT INTO location (house_number, street, district) VALUES (5, 'Myrtle Avenue', 2); 
INSERT INTO location (house_number, street, district) VALUES (6, 'Myrtle Avenue', 2); 
INSERT INTO location (house_number, street, district) VALUES (7, 'Myrtle Avenue', 2); 
INSERT INTO location (house_number, street, district) VALUES (8, 'Myrtle Avenue', 2); 
INSERT INTO location (house_number, street, district) VALUES (9, 'Myrtle Avenue', 2); 
INSERT INTO location (house_number, street, district) VALUES (10, 'Myrtle Avenue', 2); 
INSERT INTO location (house_number, street, district) VALUES (11, 'Myrtle Avenue', 2); 
INSERT INTO location (house_number, street, district) VALUES (12, 'Myrtle Avenue', 2); 
INSERT INTO location (house_number, street, district) VALUES (13, 'Myrtle Avenue', 2); 
INSERT INTO location (house_number, street, district) VALUES (14, 'Myrtle Avenue', 2); 
INSERT INTO location (house_number, street, district) VALUES (15, 'Myrtle Avenue', 2); 
INSERT INTO location (house_number, street, district) VALUES (16, 'Myrtle Avenue', 2); 
INSERT INTO location (house_number, street, district) VALUES (17, 'Myrtle Avenue', 2); 
INSERT INTO location (house_number, street, district) VALUES (18, 'Myrtle Avenue', 2); 
INSERT INTO location (house_number, street, district) VALUES (19, 'Myrtle Avenue', 2); 
INSERT INTO location (house_number, street, district) VALUES (20, 'Myrtle Avenue', 2); 
INSERT INTO location (house_number, street, district) VALUES (21, 'Myrtle Avenue', 2); 
INSERT INTO location (house_number, street, district) VALUES (22, 'Myrtle Avenue', 2); 
INSERT INTO location (house_number, street, district) VALUES (23, 'Myrtle Avenue', 2); 
INSERT INTO location (house_number, street, district) VALUES (24, 'Myrtle Avenue', 2); 
INSERT INTO location (house_number, street, district) VALUES (25, 'Myrtle Avenue', 2); 
INSERT INTO location (house_number, street, district) VALUES (26, 'Myrtle Avenue', 2); 
INSERT INTO location (house_number, street, district) VALUES (1, 'Nostrand Avenue', 2); 
INSERT INTO location (house_number, street, district) VALUES (2, 'Nostrand Avenue', 2); 
INSERT INTO location (house_number, street, district) VALUES (3, 'Nostrand Avenue', 2); 
INSERT INTO location (house_number, street, district) VALUES (4, 'Nostrand Avenue', 2); 
INSERT INTO location (house_number, street, district) VALUES (5, 'Nostrand Avenue', 2); 
INSERT INTO location (house_number, street, district) VALUES (6, 'Nostrand Avenue', 2); 
INSERT INTO location (house_number, street, district) VALUES (7, 'Nostrand Avenue', 2); 
INSERT INTO location (house_number, street, district) VALUES (8, 'Nostrand Avenue', 2); 
INSERT INTO location (house_number, street, district) VALUES (1, 'Ocean Avenue', 2); 
INSERT INTO location (house_number, street, district) VALUES (1, 'Ocean Parkway', 2); 
INSERT INTO location (house_number, street, district) VALUES (2, 'Ocean Parkway', 2); 
INSERT INTO location (house_number, street, district) VALUES (3, 'Ocean Parkway', 2); 
INSERT INTO location (house_number, street, district) VALUES (4, 'Ocean Parkway', 2); 
INSERT INTO location (house_number, street, district) VALUES (5, 'Ocean Parkway', 2); 
INSERT INTO location (house_number, street, district) VALUES (6, 'Ocean Parkway', 2); 
INSERT INTO location (house_number, street, district) VALUES (7, 'Ocean Parkway', 2); 
INSERT INTO location (house_number, street, district) VALUES (8, 'Ocean Parkway', 2); 
INSERT INTO location (house_number, street, district) VALUES (9, 'Ocean Parkway', 2); 
INSERT INTO location (house_number, street, district) VALUES (10, 'Ocean Parkway', 2); 
INSERT INTO location (house_number, street, district) VALUES (1, 'Pennsylvania Avenue', 2); 
INSERT INTO location (house_number, street, district) VALUES (2, 'Pennsylvania Avenue', 2); 
INSERT INTO location (house_number, street, district) VALUES (3, 'Pennsylvania Avenue', 2); 
INSERT INTO location (house_number, street, district) VALUES (4, 'Pennsylvania Avenue', 2); 
INSERT INTO location (house_number, street, district) VALUES (5, 'Pennsylvania Avenue', 2); 
INSERT INTO location (house_number, street, district) VALUES (6, 'Pennsylvania Avenue', 2); 
INSERT INTO location (house_number, street, district) VALUES (7, 'Pennsylvania Avenue', 2); 
INSERT INTO location (house_number, street, district) VALUES (8, 'Pennsylvania Avenue', 2); 
INSERT INTO location (house_number, street, district) VALUES (9, 'Pennsylvania Avenue', 2); 
INSERT INTO location (house_number, street, district) VALUES (10, 'Pennsylvania Avenue', 2); 
INSERT INTO location (house_number, street, district) VALUES (11, 'Pennsylvania Avenue', 2); 
INSERT INTO location (house_number, street, district) VALUES (12, 'Pennsylvania Avenue', 2); 
INSERT INTO location (house_number, street, district) VALUES (13, 'Pennsylvania Avenue', 2); 
INSERT INTO location (house_number, street, district) VALUES (14, 'Pennsylvania Avenue', 2); 
INSERT INTO location (house_number, street, district) VALUES (15, 'Pennsylvania Avenue', 2); 
INSERT INTO location (house_number, street, district) VALUES (16, 'Pennsylvania Avenue', 2); 
INSERT INTO location (house_number, street, district) VALUES (17, 'Pennsylvania Avenue', 2); 
INSERT INTO location (house_number, street, district) VALUES (18, 'Pennsylvania Avenue', 2); 
INSERT INTO location (house_number, street, district) VALUES (19, 'Pennsylvania Avenue', 2); 
INSERT INTO location (house_number, street, district) VALUES (20, 'Pennsylvania Avenue', 2); 
INSERT INTO location (house_number, street, district) VALUES (21, 'Pennsylvania Avenue', 2); 
INSERT INTO location (house_number, street, district) VALUES (1, 'Prospect Avenue', 2); 
INSERT INTO location (house_number, street, district) VALUES (2, 'Prospect Avenue', 2); 
INSERT INTO location (house_number, street, district) VALUES (3, 'Prospect Avenue', 2); 
INSERT INTO location (house_number, street, district) VALUES (4, 'Prospect Avenue', 2); 
INSERT INTO location (house_number, street, district) VALUES (5, 'Prospect Avenue', 2); 
INSERT INTO location (house_number, street, district) VALUES (6, 'Prospect Avenue', 2); 
INSERT INTO location (house_number, street, district) VALUES (7, 'Prospect Avenue', 2); 
INSERT INTO location (house_number, street, district) VALUES (8, 'Prospect Avenue', 2); 
INSERT INTO location (house_number, street, district) VALUES (9, 'Prospect Avenue', 2); 
INSERT INTO location (house_number, street, district) VALUES (10, 'Prospect Avenue', 2); 
INSERT INTO location (house_number, street, district) VALUES (11, 'Prospect Avenue', 2); 
INSERT INTO location (house_number, street, district) VALUES (12, 'Prospect Avenue', 2); 
INSERT INTO location (house_number, street, district) VALUES (13, 'Prospect Avenue', 2); 
INSERT INTO location (house_number, street, district) VALUES (14, 'Prospect Avenue', 2); 
INSERT INTO location (house_number, street, district) VALUES (15, 'Prospect Avenue', 2); 
INSERT INTO location (house_number, street, district) VALUES (16, 'Prospect Avenue', 2); 
INSERT INTO location (house_number, street, district) VALUES (17, 'Prospect Avenue', 2); 
INSERT INTO location (house_number, street, district) VALUES (18, 'Prospect Avenue', 2); 
INSERT INTO location (house_number, street, district) VALUES (19, 'Prospect Avenue', 2); 
INSERT INTO location (house_number, street, district) VALUES (20, 'Prospect Avenue', 2); 
INSERT INTO location (house_number, street, district) VALUES (21, 'Prospect Avenue', 2); 
INSERT INTO location (house_number, street, district) VALUES (1, 'Rockaway Boulevard', 2); 
INSERT INTO location (house_number, street, district) VALUES (2, 'Rockaway Boulevard', 2); 
INSERT INTO location (house_number, street, district) VALUES (1, 'Rockaway Parkway', 2); 
INSERT INTO location (house_number, street, district) VALUES (2, 'Rockaway Parkway', 2); 
INSERT INTO location (house_number, street, district) VALUES (3, 'Rockaway Parkway', 2); 
INSERT INTO location (house_number, street, district) VALUES (4, 'Rockaway Parkway', 2); 
INSERT INTO location (house_number, street, district) VALUES (5, 'Rockaway Parkway', 2); 
INSERT INTO location (house_number, street, district) VALUES (6, 'Rockaway Parkway', 2); 
INSERT INTO location (house_number, street, district) VALUES (7, 'Rockaway Parkway', 2); 
INSERT INTO location (house_number, street, district) VALUES (8, 'Rockaway Parkway', 2); 
INSERT INTO location (house_number, street, district) VALUES (9, 'Rockaway Parkway', 2); 
INSERT INTO location (house_number, street, district) VALUES (10, 'Rockaway Parkway', 2); 
INSERT INTO location (house_number, street, district) VALUES (11, 'Rockaway Parkway', 2); 
INSERT INTO location (house_number, street, district) VALUES (12, 'Rockaway Parkway', 2); 
INSERT INTO location (house_number, street, district) VALUES (13, 'Rockaway Parkway', 2); 
INSERT INTO location (house_number, street, district) VALUES (14, 'Rockaway Parkway', 2); 
INSERT INTO location (house_number, street, district) VALUES (15, 'Rockaway Parkway', 2); 
INSERT INTO location (house_number, street, district) VALUES (16, 'Rockaway Parkway', 2); 
INSERT INTO location (house_number, street, district) VALUES (1, 'Stillwell Avenue', 2); 
INSERT INTO location (house_number, street, district) VALUES (2, 'Stillwell Avenue', 2); 
INSERT INTO location (house_number, street, district) VALUES (3, 'Stillwell Avenue', 2); 
INSERT INTO location (house_number, street, district) VALUES (4, 'Stillwell Avenue', 2); 
INSERT INTO location (house_number, street, district) VALUES (5, 'Stillwell Avenue', 2); 
INSERT INTO location (house_number, street, district) VALUES (6, 'Stillwell Avenue', 2); 
INSERT INTO location (house_number, street, district) VALUES (7, 'Stillwell Avenue', 2); 
INSERT INTO location (house_number, street, district) VALUES (8, 'Stillwell Avenue', 2); 
INSERT INTO location (house_number, street, district) VALUES (9, 'Stillwell Avenue', 2); 
INSERT INTO location (house_number, street, district) VALUES (10, 'Stillwell Avenue', 2); 
INSERT INTO location (house_number, street, district) VALUES (11, 'Stillwell Avenue', 2); 
INSERT INTO location (house_number, street, district) VALUES (12, 'Stillwell Avenue', 2); 
INSERT INTO location (house_number, street, district) VALUES (13, 'Stillwell Avenue', 2); 
INSERT INTO location (house_number, street, district) VALUES (14, 'Stillwell Avenue', 2); 
INSERT INTO location (house_number, street, district) VALUES (15, 'Stillwell Avenue', 2); 
INSERT INTO location (house_number, street, district) VALUES (16, 'Stillwell Avenue', 2); 
INSERT INTO location (house_number, street, district) VALUES (17, 'Stillwell Avenue', 2); 
INSERT INTO location (house_number, street, district) VALUES (18, 'Stillwell Avenue', 2); 
INSERT INTO location (house_number, street, district) VALUES (19, 'Stillwell Avenue', 2); 
INSERT INTO location (house_number, street, district) VALUES (20, 'Stillwell Avenue', 2); 
INSERT INTO location (house_number, street, district) VALUES (21, 'Stillwell Avenue', 2); 
INSERT INTO location (house_number, street, district) VALUES (22, 'Stillwell Avenue', 2); 
INSERT INTO location (house_number, street, district) VALUES (1, 'Third Avenue', 2); 
INSERT INTO location (house_number, street, district) VALUES (2, 'Third Avenue', 2); 
INSERT INTO location (house_number, street, district) VALUES (3, 'Third Avenue', 2); 
INSERT INTO location (house_number, street, district) VALUES (4, 'Third Avenue', 2); 
INSERT INTO location (house_number, street, district) VALUES (5, 'Third Avenue', 2); 
INSERT INTO location (house_number, street, district) VALUES (6, 'Third Avenue', 2); 
INSERT INTO location (house_number, street, district) VALUES (7, 'Third Avenue', 2); 
INSERT INTO location (house_number, street, district) VALUES (8, 'Third Avenue', 2); 
INSERT INTO location (house_number, street, district) VALUES (9, 'Third Avenue', 2); 
INSERT INTO location (house_number, street, district) VALUES (10, 'Third Avenue', 2); 
INSERT INTO location (house_number, street, district) VALUES (11, 'Third Avenue', 2); 
INSERT INTO location (house_number, street, district) VALUES (12, 'Third Avenue', 2); 
INSERT INTO location (house_number, street, district) VALUES (13, 'Third Avenue', 2); 
INSERT INTO location (house_number, street, district) VALUES (14, 'Third Avenue', 2); 
INSERT INTO location (house_number, street, district) VALUES (15, 'Third Avenue', 2); 
INSERT INTO location (house_number, street, district) VALUES (16, 'Third Avenue', 2); 
INSERT INTO location (house_number, street, district) VALUES (17, 'Third Avenue', 2); 
INSERT INTO location (house_number, street, district) VALUES (18, 'Third Avenue', 2); 
INSERT INTO location (house_number, street, district) VALUES (19, 'Third Avenue', 2); 
INSERT INTO location (house_number, street, district) VALUES (20, 'Third Avenue', 2); 
INSERT INTO location (house_number, street, district) VALUES (21, 'Third Avenue', 2); 
INSERT INTO location (house_number, street, district) VALUES (22, 'Third Avenue', 2); 
INSERT INTO location (house_number, street, district) VALUES (23, 'Third Avenue', 2); 
INSERT INTO location (house_number, street, district) VALUES (24, 'Third Avenue', 2); 
INSERT INTO location (house_number, street, district) VALUES (1, 'Utica Avenue', 2); 
INSERT INTO location (house_number, street, district) VALUES (2, 'Utica Avenue', 2); 
INSERT INTO location (house_number, street, district) VALUES (3, 'Utica Avenue', 2); 
INSERT INTO location (house_number, street, district) VALUES (1, 'Vanderbilt Avenue', 2); 
INSERT INTO location (house_number, street, district) VALUES (2, 'Vanderbilt Avenue', 2); 
INSERT INTO location (house_number, street, district) VALUES (3, 'Vanderbilt Avenue', 2); 
INSERT INTO location (house_number, street, district) VALUES (4, 'Vanderbilt Avenue', 2); 
INSERT INTO location (house_number, street, district) VALUES (5, 'Vanderbilt Avenue', 2); 
INSERT INTO location (house_number, street, district) VALUES (6, 'Vanderbilt Avenue', 2); 
INSERT INTO location (house_number, street, district) VALUES (7, 'Vanderbilt Avenue', 2); 
INSERT INTO location (house_number, street, district) VALUES (8, 'Vanderbilt Avenue', 2); 
INSERT INTO location (house_number, street, district) VALUES (9, 'Vanderbilt Avenue', 2); 
INSERT INTO location (house_number, street, district) VALUES (10, 'Vanderbilt Avenue', 2); 
INSERT INTO location (house_number, street, district) VALUES (11, 'Vanderbilt Avenue', 2); 
INSERT INTO location (house_number, street, district) VALUES (12, 'Vanderbilt Avenue', 2); 
INSERT INTO location (house_number, street, district) VALUES (13, 'Vanderbilt Avenue', 2); 
INSERT INTO location (house_number, street, district) VALUES (14, 'Vanderbilt Avenue', 2); 
INSERT INTO location (house_number, street, district) VALUES (15, 'Vanderbilt Avenue', 2); 
INSERT INTO location (house_number, street, district) VALUES (16, 'Vanderbilt Avenue', 2); 
INSERT INTO location (house_number, street, district) VALUES (17, 'Vanderbilt Avenue', 2); 
INSERT INTO location (house_number, street, district) VALUES (18, 'Vanderbilt Avenue', 2); 
INSERT INTO location (house_number, street, district) VALUES (1, 'Fifth Avenue', 3); 
INSERT INTO location (house_number, street, district) VALUES (2, 'Fifth Avenue', 3); 
INSERT INTO location (house_number, street, district) VALUES (3, 'Fifth Avenue', 3); 
INSERT INTO location (house_number, street, district) VALUES (4, 'Fifth Avenue', 3); 
INSERT INTO location (house_number, street, district) VALUES (5, 'Fifth Avenue', 3); 
INSERT INTO location (house_number, street, district) VALUES (6, 'Fifth Avenue', 3); 
INSERT INTO location (house_number, street, district) VALUES (7, 'Fifth Avenue', 3); 
INSERT INTO location (house_number, street, district) VALUES (8, 'Fifth Avenue', 3); 
INSERT INTO location (house_number, street, district) VALUES (9, 'Fifth Avenue', 3); 
INSERT INTO location (house_number, street, district) VALUES (10, 'Fifth Avenue', 3); 
INSERT INTO location (house_number, street, district) VALUES (11, 'Fifth Avenue', 3); 
INSERT INTO location (house_number, street, district) VALUES (1, 'Seventh Avenue', 3); 
INSERT INTO location (house_number, street, district) VALUES (2, 'Seventh Avenue', 3); 
INSERT INTO location (house_number, street, district) VALUES (3, 'Seventh Avenue', 3); 
INSERT INTO location (house_number, street, district) VALUES (4, 'Seventh Avenue', 3); 
INSERT INTO location (house_number, street, district) VALUES (5, 'Seventh Avenue', 3); 
INSERT INTO location (house_number, street, district) VALUES (6, 'Seventh Avenue', 3); 
INSERT INTO location (house_number, street, district) VALUES (7, 'Seventh Avenue', 3); 
INSERT INTO location (house_number, street, district) VALUES (8, 'Seventh Avenue', 3); 
INSERT INTO location (house_number, street, district) VALUES (9, 'Seventh Avenue', 3); 
INSERT INTO location (house_number, street, district) VALUES (10, 'Seventh Avenue', 3); 
INSERT INTO location (house_number, street, district) VALUES (11, 'Seventh Avenue', 3); 
INSERT INTO location (house_number, street, district) VALUES (12, 'Seventh Avenue', 3); 
INSERT INTO location (house_number, street, district) VALUES (13, 'Seventh Avenue', 3); 
INSERT INTO location (house_number, street, district) VALUES (14, 'Seventh Avenue', 3); 
INSERT INTO location (house_number, street, district) VALUES (15, 'Seventh Avenue', 3); 
INSERT INTO location (house_number, street, district) VALUES (16, 'Seventh Avenue', 3); 
INSERT INTO location (house_number, street, district) VALUES (17, 'Seventh Avenue', 3); 
INSERT INTO location (house_number, street, district) VALUES (18, 'Seventh Avenue', 3); 
INSERT INTO location (house_number, street, district) VALUES (19, 'Seventh Avenue', 3); 
INSERT INTO location (house_number, street, district) VALUES (20, 'Seventh Avenue', 3); 
INSERT INTO location (house_number, street, district) VALUES (21, 'Seventh Avenue', 3); 
INSERT INTO location (house_number, street, district) VALUES (22, 'Seventh Avenue', 3); 
INSERT INTO location (house_number, street, district) VALUES (23, 'Seventh Avenue', 3); 
INSERT INTO location (house_number, street, district) VALUES (24, 'Seventh Avenue', 3); 
INSERT INTO location (house_number, street, district) VALUES (25, 'Seventh Avenue', 3); 
INSERT INTO location (house_number, street, district) VALUES (26, 'Seventh Avenue', 3); 
INSERT INTO location (house_number, street, district) VALUES (27, 'Seventh Avenue', 3); 
INSERT INTO location (house_number, street, district) VALUES (28, 'Seventh Avenue', 3); 
INSERT INTO location (house_number, street, district) VALUES (29, 'Seventh Avenue', 3); 
INSERT INTO location (house_number, street, district) VALUES (30, 'Seventh Avenue', 3); 
INSERT INTO location (house_number, street, district) VALUES (1, 'Eighth Avenue', 3); 
INSERT INTO location (house_number, street, district) VALUES (2, 'Eighth Avenue', 3); 
INSERT INTO location (house_number, street, district) VALUES (1, 'Eleventh Avenue', 3); 
INSERT INTO location (house_number, street, district) VALUES (2, 'Eleventh Avenue', 3); 
INSERT INTO location (house_number, street, district) VALUES (3, 'Eleventh Avenue', 3); 
INSERT INTO location (house_number, street, district) VALUES (4, 'Eleventh Avenue', 3); 
INSERT INTO location (house_number, street, district) VALUES (5, 'Eleventh Avenue', 3); 
INSERT INTO location (house_number, street, district) VALUES (6, 'Eleventh Avenue', 3); 
INSERT INTO location (house_number, street, district) VALUES (7, 'Eleventh Avenue', 3); 
INSERT INTO location (house_number, street, district) VALUES (8, 'Eleventh Avenue', 3); 
INSERT INTO location (house_number, street, district) VALUES (9, 'Eleventh Avenue', 3); 
INSERT INTO location (house_number, street, district) VALUES (10, 'Eleventh Avenue', 3); 
INSERT INTO location (house_number, street, district) VALUES (11, 'Eleventh Avenue', 3); 
INSERT INTO location (house_number, street, district) VALUES (12, 'Eleventh Avenue', 3); 
INSERT INTO location (house_number, street, district) VALUES (13, 'Eleventh Avenue', 3); 
INSERT INTO location (house_number, street, district) VALUES (14, 'Eleventh Avenue', 3); 
INSERT INTO location (house_number, street, district) VALUES (15, 'Eleventh Avenue', 3); 
INSERT INTO location (house_number, street, district) VALUES (16, 'Eleventh Avenue', 3); 
INSERT INTO location (house_number, street, district) VALUES (17, 'Eleventh Avenue', 3); 
INSERT INTO location (house_number, street, district) VALUES (18, 'Eleventh Avenue', 3); 
INSERT INTO location (house_number, street, district) VALUES (19, 'Eleventh Avenue', 3); 
INSERT INTO location (house_number, street, district) VALUES (20, 'Eleventh Avenue', 3); 
INSERT INTO location (house_number, street, district) VALUES (21, 'Eleventh Avenue', 3); 
INSERT INTO location (house_number, street, district) VALUES (22, 'Eleventh Avenue', 3); 
INSERT INTO location (house_number, street, district) VALUES (23, 'Eleventh Avenue', 3); 
INSERT INTO location (house_number, street, district) VALUES (24, 'Eleventh Avenue', 3); 
INSERT INTO location (house_number, street, district) VALUES (25, 'Eleventh Avenue', 3); 
INSERT INTO location (house_number, street, district) VALUES (26, 'Eleventh Avenue', 3); 
INSERT INTO location (house_number, street, district) VALUES (27, 'Eleventh Avenue', 3); 
INSERT INTO location (house_number, street, district) VALUES (28, 'Eleventh Avenue', 3); 
INSERT INTO location (house_number, street, district) VALUES (29, 'Eleventh Avenue', 3); 
INSERT INTO location (house_number, street, district) VALUES (30, 'Eleventh Avenue', 3); 
INSERT INTO location (house_number, street, district) VALUES (31, 'Eleventh Avenue', 3); 
INSERT INTO location (house_number, street, district) VALUES (1, '23rd Street', 3); 
INSERT INTO location (house_number, street, district) VALUES (2, '23rd Street', 3); 
INSERT INTO location (house_number, street, district) VALUES (3, '23rd Street', 3); 
INSERT INTO location (house_number, street, district) VALUES (4, '23rd Street', 3); 
INSERT INTO location (house_number, street, district) VALUES (5, '23rd Street', 3); 
INSERT INTO location (house_number, street, district) VALUES (6, '23rd Street', 3); 
INSERT INTO location (house_number, street, district) VALUES (1, '42nd Street', 3); 
INSERT INTO location (house_number, street, district) VALUES (2, '42nd Street', 3); 
INSERT INTO location (house_number, street, district) VALUES (3, '42nd Street', 3); 
INSERT INTO location (house_number, street, district) VALUES (4, '42nd Street', 3); 
INSERT INTO location (house_number, street, district) VALUES (5, '42nd Street', 3); 
INSERT INTO location (house_number, street, district) VALUES (6, '42nd Street', 3); 
INSERT INTO location (house_number, street, district) VALUES (1, 'Bowery', 3); 
INSERT INTO location (house_number, street, district) VALUES (2, 'Bowery', 3); 
INSERT INTO location (house_number, street, district) VALUES (3, 'Bowery', 3); 
INSERT INTO location (house_number, street, district) VALUES (4, 'Bowery', 3); 
INSERT INTO location (house_number, street, district) VALUES (5, 'Bowery', 3); 
INSERT INTO location (house_number, street, district) VALUES (6, 'Bowery', 3); 
INSERT INTO location (house_number, street, district) VALUES (7, 'Bowery', 3); 
INSERT INTO location (house_number, street, district) VALUES (8, 'Bowery', 3); 
INSERT INTO location (house_number, street, district) VALUES (9, 'Bowery', 3); 
INSERT INTO location (house_number, street, district) VALUES (10, 'Bowery', 3); 
INSERT INTO location (house_number, street, district) VALUES (11, 'Bowery', 3); 
INSERT INTO location (house_number, street, district) VALUES (12, 'Bowery', 3); 
INSERT INTO location (house_number, street, district) VALUES (13, 'Bowery', 3); 
INSERT INTO location (house_number, street, district) VALUES (14, 'Bowery', 3); 
INSERT INTO location (house_number, street, district) VALUES (15, 'Bowery', 3); 
INSERT INTO location (house_number, street, district) VALUES (16, 'Bowery', 3); 
INSERT INTO location (house_number, street, district) VALUES (17, 'Bowery', 3); 
INSERT INTO location (house_number, street, district) VALUES (18, 'Bowery', 3); 
INSERT INTO location (house_number, street, district) VALUES (19, 'Bowery', 3); 
INSERT INTO location (house_number, street, district) VALUES (20, 'Bowery', 3); 
INSERT INTO location (house_number, street, district) VALUES (21, 'Bowery', 3); 
INSERT INTO location (house_number, street, district) VALUES (22, 'Bowery', 3); 
INSERT INTO location (house_number, street, district) VALUES (23, 'Bowery', 3); 
INSERT INTO location (house_number, street, district) VALUES (24, 'Bowery', 3); 
INSERT INTO location (house_number, street, district) VALUES (1, 'Broad Street', 3); 
INSERT INTO location (house_number, street, district) VALUES (2, 'Broad Street', 3); 
INSERT INTO location (house_number, street, district) VALUES (3, 'Broad Street', 3); 
INSERT INTO location (house_number, street, district) VALUES (4, 'Broad Street', 3); 
INSERT INTO location (house_number, street, district) VALUES (5, 'Broad Street', 3); 
INSERT INTO location (house_number, street, district) VALUES (6, 'Broad Street', 3); 
INSERT INTO location (house_number, street, district) VALUES (7, 'Broad Street', 3); 
INSERT INTO location (house_number, street, district) VALUES (8, 'Broad Street', 3); 
INSERT INTO location (house_number, street, district) VALUES (9, 'Broad Street', 3); 
INSERT INTO location (house_number, street, district) VALUES (10, 'Broad Street', 3); 
INSERT INTO location (house_number, street, district) VALUES (11, 'Broad Street', 3); 
INSERT INTO location (house_number, street, district) VALUES (12, 'Broad Street', 3); 
INSERT INTO location (house_number, street, district) VALUES (13, 'Broad Street', 3); 
INSERT INTO location (house_number, street, district) VALUES (14, 'Broad Street', 3); 
INSERT INTO location (house_number, street, district) VALUES (15, 'Broad Street', 3); 
INSERT INTO location (house_number, street, district) VALUES (16, 'Broad Street', 3); 
INSERT INTO location (house_number, street, district) VALUES (17, 'Broad Street', 3); 
INSERT INTO location (house_number, street, district) VALUES (18, 'Broad Street', 3); 
INSERT INTO location (house_number, street, district) VALUES (19, 'Broad Street', 3); 
INSERT INTO location (house_number, street, district) VALUES (20, 'Broad Street', 3); 
INSERT INTO location (house_number, street, district) VALUES (21, 'Broad Street', 3); 
INSERT INTO location (house_number, street, district) VALUES (22, 'Broad Street', 3); 
INSERT INTO location (house_number, street, district) VALUES (23, 'Broad Street', 3); 
INSERT INTO location (house_number, street, district) VALUES (24, 'Broad Street', 3); 
INSERT INTO location (house_number, street, district) VALUES (1, 'Broadway', 3); 
INSERT INTO location (house_number, street, district) VALUES (2, 'Broadway', 3); 
INSERT INTO location (house_number, street, district) VALUES (3, 'Broadway', 3); 
INSERT INTO location (house_number, street, district) VALUES (4, 'Broadway', 3); 
INSERT INTO location (house_number, street, district) VALUES (5, 'Broadway', 3); 
INSERT INTO location (house_number, street, district) VALUES (6, 'Broadway', 3); 
INSERT INTO location (house_number, street, district) VALUES (7, 'Broadway', 3); 
INSERT INTO location (house_number, street, district) VALUES (8, 'Broadway', 3); 
INSERT INTO location (house_number, street, district) VALUES (9, 'Broadway', 3); 
INSERT INTO location (house_number, street, district) VALUES (10, 'Broadway', 3); 
INSERT INTO location (house_number, street, district) VALUES (11, 'Broadway', 3); 
INSERT INTO location (house_number, street, district) VALUES (12, 'Broadway', 3); 
INSERT INTO location (house_number, street, district) VALUES (13, 'Broadway', 3); 
INSERT INTO location (house_number, street, district) VALUES (14, 'Broadway', 3); 
INSERT INTO location (house_number, street, district) VALUES (15, 'Broadway', 3); 
INSERT INTO location (house_number, street, district) VALUES (16, 'Broadway', 3); 
INSERT INTO location (house_number, street, district) VALUES (17, 'Broadway', 3); 
INSERT INTO location (house_number, street, district) VALUES (18, 'Broadway', 3); 
INSERT INTO location (house_number, street, district) VALUES (19, 'Broadway', 3); 
INSERT INTO location (house_number, street, district) VALUES (20, 'Broadway', 3); 
INSERT INTO location (house_number, street, district) VALUES (21, 'Broadway', 3); 
INSERT INTO location (house_number, street, district) VALUES (22, 'Broadway', 3); 
INSERT INTO location (house_number, street, district) VALUES (23, 'Broadway', 3); 
INSERT INTO location (house_number, street, district) VALUES (24, 'Broadway', 3); 
INSERT INTO location (house_number, street, district) VALUES (25, 'Broadway', 3); 
INSERT INTO location (house_number, street, district) VALUES (26, 'Broadway', 3); 
INSERT INTO location (house_number, street, district) VALUES (27, 'Broadway', 3); 
INSERT INTO location (house_number, street, district) VALUES (28, 'Broadway', 3); 
INSERT INTO location (house_number, street, district) VALUES (1, 'Christopher Street', 3); 
INSERT INTO location (house_number, street, district) VALUES (2, 'Christopher Street', 3); 
INSERT INTO location (house_number, street, district) VALUES (3, 'Christopher Street', 3); 
INSERT INTO location (house_number, street, district) VALUES (4, 'Christopher Street', 3); 
INSERT INTO location (house_number, street, district) VALUES (5, 'Christopher Street', 3); 
INSERT INTO location (house_number, street, district) VALUES (6, 'Christopher Street', 3); 
INSERT INTO location (house_number, street, district) VALUES (7, 'Christopher Street', 3); 
INSERT INTO location (house_number, street, district) VALUES (8, 'Christopher Street', 3); 
INSERT INTO location (house_number, street, district) VALUES (9, 'Christopher Street', 3); 
INSERT INTO location (house_number, street, district) VALUES (10, 'Christopher Street', 3); 
INSERT INTO location (house_number, street, district) VALUES (11, 'Christopher Street', 3); 
INSERT INTO location (house_number, street, district) VALUES (12, 'Christopher Street', 3); 
INSERT INTO location (house_number, street, district) VALUES (13, 'Christopher Street', 3); 
INSERT INTO location (house_number, street, district) VALUES (14, 'Christopher Street', 3); 
INSERT INTO location (house_number, street, district) VALUES (15, 'Christopher Street', 3); 
INSERT INTO location (house_number, street, district) VALUES (16, 'Christopher Street', 3); 
INSERT INTO location (house_number, street, district) VALUES (1, 'Grand Street', 3); 
INSERT INTO location (house_number, street, district) VALUES (2, 'Grand Street', 3); 
INSERT INTO location (house_number, street, district) VALUES (3, 'Grand Street', 3); 
INSERT INTO location (house_number, street, district) VALUES (4, 'Grand Street', 3); 
INSERT INTO location (house_number, street, district) VALUES (5, 'Grand Street', 3); 
INSERT INTO location (house_number, street, district) VALUES (6, 'Grand Street', 3); 
INSERT INTO location (house_number, street, district) VALUES (7, 'Grand Street', 3); 
INSERT INTO location (house_number, street, district) VALUES (8, 'Grand Street', 3); 
INSERT INTO location (house_number, street, district) VALUES (9, 'Grand Street', 3); 
INSERT INTO location (house_number, street, district) VALUES (10, 'Grand Street', 3); 
INSERT INTO location (house_number, street, district) VALUES (11, 'Grand Street', 3); 
INSERT INTO location (house_number, street, district) VALUES (1, 'Lexington Avenue', 3); 
INSERT INTO location (house_number, street, district) VALUES (2, 'Lexington Avenue', 3); 
INSERT INTO location (house_number, street, district) VALUES (3, 'Lexington Avenue', 3); 
INSERT INTO location (house_number, street, district) VALUES (4, 'Lexington Avenue', 3); 
INSERT INTO location (house_number, street, district) VALUES (5, 'Lexington Avenue', 3); 
INSERT INTO location (house_number, street, district) VALUES (6, 'Lexington Avenue', 3); 
INSERT INTO location (house_number, street, district) VALUES (7, 'Lexington Avenue', 3); 
INSERT INTO location (house_number, street, district) VALUES (8, 'Lexington Avenue', 3); 
INSERT INTO location (house_number, street, district) VALUES (9, 'Lexington Avenue', 3); 
INSERT INTO location (house_number, street, district) VALUES (10, 'Lexington Avenue', 3); 
INSERT INTO location (house_number, street, district) VALUES (11, 'Lexington Avenue', 3); 
INSERT INTO location (house_number, street, district) VALUES (12, 'Lexington Avenue', 3); 
INSERT INTO location (house_number, street, district) VALUES (13, 'Lexington Avenue', 3); 
INSERT INTO location (house_number, street, district) VALUES (14, 'Lexington Avenue', 3); 
INSERT INTO location (house_number, street, district) VALUES (15, 'Lexington Avenue', 3); 
INSERT INTO location (house_number, street, district) VALUES (16, 'Lexington Avenue', 3); 
INSERT INTO location (house_number, street, district) VALUES (17, 'Lexington Avenue', 3); 
INSERT INTO location (house_number, street, district) VALUES (18, 'Lexington Avenue', 3); 
INSERT INTO location (house_number, street, district) VALUES (19, 'Lexington Avenue', 3); 
INSERT INTO location (house_number, street, district) VALUES (20, 'Lexington Avenue', 3); 
INSERT INTO location (house_number, street, district) VALUES (21, 'Lexington Avenue', 3); 
INSERT INTO location (house_number, street, district) VALUES (22, 'Lexington Avenue', 3); 
INSERT INTO location (house_number, street, district) VALUES (1, 'Madison Avenue', 3); 
INSERT INTO location (house_number, street, district) VALUES (2, 'Madison Avenue', 3); 
INSERT INTO location (house_number, street, district) VALUES (3, 'Madison Avenue', 3); 
INSERT INTO location (house_number, street, district) VALUES (4, 'Madison Avenue', 3); 
INSERT INTO location (house_number, street, district) VALUES (5, 'Madison Avenue', 3); 
INSERT INTO location (house_number, street, district) VALUES (6, 'Madison Avenue', 3); 
INSERT INTO location (house_number, street, district) VALUES (7, 'Madison Avenue', 3); 
INSERT INTO location (house_number, street, district) VALUES (8, 'Madison Avenue', 3); 
INSERT INTO location (house_number, street, district) VALUES (9, 'Madison Avenue', 3); 
INSERT INTO location (house_number, street, district) VALUES (10, 'Madison Avenue', 3); 
INSERT INTO location (house_number, street, district) VALUES (11, 'Madison Avenue', 3); 
INSERT INTO location (house_number, street, district) VALUES (12, 'Madison Avenue', 3); 
INSERT INTO location (house_number, street, district) VALUES (1, 'Park Avenue', 3); 
INSERT INTO location (house_number, street, district) VALUES (2, 'Park Avenue', 3); 
INSERT INTO location (house_number, street, district) VALUES (3, 'Park Avenue', 3); 
INSERT INTO location (house_number, street, district) VALUES (4, 'Park Avenue', 3); 
INSERT INTO location (house_number, street, district) VALUES (5, 'Park Avenue', 3); 
INSERT INTO location (house_number, street, district) VALUES (6, 'Park Avenue', 3); 
INSERT INTO location (house_number, street, district) VALUES (7, 'Park Avenue', 3); 
INSERT INTO location (house_number, street, district) VALUES (8, 'Park Avenue', 3); 
INSERT INTO location (house_number, street, district) VALUES (9, 'Park Avenue', 3); 
INSERT INTO location (house_number, street, district) VALUES (10, 'Park Avenue', 3); 
INSERT INTO location (house_number, street, district) VALUES (11, 'Park Avenue', 3); 
INSERT INTO location (house_number, street, district) VALUES (12, 'Park Avenue', 3); 
INSERT INTO location (house_number, street, district) VALUES (13, 'Park Avenue', 3); 
INSERT INTO location (house_number, street, district) VALUES (14, 'Park Avenue', 3); 
INSERT INTO location (house_number, street, district) VALUES (15, 'Park Avenue', 3); 
INSERT INTO location (house_number, street, district) VALUES (16, 'Park Avenue', 3); 
INSERT INTO location (house_number, street, district) VALUES (17, 'Park Avenue', 3); 
INSERT INTO location (house_number, street, district) VALUES (18, 'Park Avenue', 3); 
INSERT INTO location (house_number, street, district) VALUES (19, 'Park Avenue', 3); 
INSERT INTO location (house_number, street, district) VALUES (20, 'Park Avenue', 3); 
INSERT INTO location (house_number, street, district) VALUES (21, 'Park Avenue', 3); 
INSERT INTO location (house_number, street, district) VALUES (1, 'Second Avenue', 3); 
INSERT INTO location (house_number, street, district) VALUES (2, 'Second Avenue', 3); 
INSERT INTO location (house_number, street, district) VALUES (3, 'Second Avenue', 3); 
INSERT INTO location (house_number, street, district) VALUES (4, 'Second Avenue', 3); 
INSERT INTO location (house_number, street, district) VALUES (5, 'Second Avenue', 3); 
INSERT INTO location (house_number, street, district) VALUES (6, 'Second Avenue', 3); 
INSERT INTO location (house_number, street, district) VALUES (7, 'Second Avenue', 3); 
INSERT INTO location (house_number, street, district) VALUES (8, 'Second Avenue', 3); 
INSERT INTO location (house_number, street, district) VALUES (9, 'Second Avenue', 3); 
INSERT INTO location (house_number, street, district) VALUES (10, 'Second Avenue', 3); 
INSERT INTO location (house_number, street, district) VALUES (11, 'Second Avenue', 3); 
INSERT INTO location (house_number, street, district) VALUES (12, 'Second Avenue', 3); 
INSERT INTO location (house_number, street, district) VALUES (1, 'Sixth Avenue', 3); 
INSERT INTO location (house_number, street, district) VALUES (2, 'Sixth Avenue', 3); 
INSERT INTO location (house_number, street, district) VALUES (3, 'Sixth Avenue', 3); 
INSERT INTO location (house_number, street, district) VALUES (4, 'Sixth Avenue', 3); 
INSERT INTO location (house_number, street, district) VALUES (5, 'Sixth Avenue', 3); 
INSERT INTO location (house_number, street, district) VALUES (6, 'Sixth Avenue', 3); 
INSERT INTO location (house_number, street, district) VALUES (7, 'Sixth Avenue', 3); 
INSERT INTO location (house_number, street, district) VALUES (8, 'Sixth Avenue', 3); 
INSERT INTO location (house_number, street, district) VALUES (9, 'Sixth Avenue', 3); 
INSERT INTO location (house_number, street, district) VALUES (10, 'Sixth Avenue', 3); 
INSERT INTO location (house_number, street, district) VALUES (11, 'Sixth Avenue', 3); 
INSERT INTO location (house_number, street, district) VALUES (12, 'Sixth Avenue', 3); 
INSERT INTO location (house_number, street, district) VALUES (13, 'Sixth Avenue', 3); 
INSERT INTO location (house_number, street, district) VALUES (14, 'Sixth Avenue', 3); 
INSERT INTO location (house_number, street, district) VALUES (1, 'Third Avenue', 3); 
INSERT INTO location (house_number, street, district) VALUES (2, 'Third Avenue', 3); 
INSERT INTO location (house_number, street, district) VALUES (3, 'Third Avenue', 3); 
INSERT INTO location (house_number, street, district) VALUES (4, 'Third Avenue', 3); 
INSERT INTO location (house_number, street, district) VALUES (5, 'Third Avenue', 3); 
INSERT INTO location (house_number, street, district) VALUES (6, 'Third Avenue', 3); 
INSERT INTO location (house_number, street, district) VALUES (7, 'Third Avenue', 3); 
INSERT INTO location (house_number, street, district) VALUES (8, 'Third Avenue', 3); 
INSERT INTO location (house_number, street, district) VALUES (9, 'Third Avenue', 3); 
INSERT INTO location (house_number, street, district) VALUES (10, 'Third Avenue', 3); 
INSERT INTO location (house_number, street, district) VALUES (11, 'Third Avenue', 3); 
INSERT INTO location (house_number, street, district) VALUES (12, 'Third Avenue', 3); 
INSERT INTO location (house_number, street, district) VALUES (13, 'Third Avenue', 3); 
INSERT INTO location (house_number, street, district) VALUES (14, 'Third Avenue', 3); 
INSERT INTO location (house_number, street, district) VALUES (15, 'Third Avenue', 3); 
INSERT INTO location (house_number, street, district) VALUES (16, 'Third Avenue', 3); 
INSERT INTO location (house_number, street, district) VALUES (17, 'Third Avenue', 3); 
INSERT INTO location (house_number, street, district) VALUES (18, 'Third Avenue', 3); 
INSERT INTO location (house_number, street, district) VALUES (19, 'Third Avenue', 3); 
INSERT INTO location (house_number, street, district) VALUES (20, 'Third Avenue', 3); 
INSERT INTO location (house_number, street, district) VALUES (21, 'Third Avenue', 3); 
INSERT INTO location (house_number, street, district) VALUES (22, 'Third Avenue', 3); 
INSERT INTO location (house_number, street, district) VALUES (23, 'Third Avenue', 3); 
INSERT INTO location (house_number, street, district) VALUES (24, 'Third Avenue', 3); 
INSERT INTO location (house_number, street, district) VALUES (25, 'Third Avenue', 3); 
INSERT INTO location (house_number, street, district) VALUES (1, 'Wall Street', 3); 
INSERT INTO location (house_number, street, district) VALUES (2, 'Wall Street', 3); 
INSERT INTO location (house_number, street, district) VALUES (3, 'Wall Street', 3); 
INSERT INTO location (house_number, street, district) VALUES (4, 'Wall Street', 3); 
INSERT INTO location (house_number, street, district) VALUES (5, 'Wall Street', 3); 
INSERT INTO location (house_number, street, district) VALUES (6, 'Wall Street', 3); 
INSERT INTO location (house_number, street, district) VALUES (7, 'Wall Street', 3); 
INSERT INTO location (house_number, street, district) VALUES (8, 'Wall Street', 3); 
INSERT INTO location (house_number, street, district) VALUES (9, 'Wall Street', 3); 
INSERT INTO location (house_number, street, district) VALUES (10, 'Wall Street', 3); 
INSERT INTO location (house_number, street, district) VALUES (11, 'Wall Street', 3); 
INSERT INTO location (house_number, street, district) VALUES (12, 'Wall Street', 3); 
INSERT INTO location (house_number, street, district) VALUES (1, 'West End Avenue', 3); 
INSERT INTO location (house_number, street, district) VALUES (2, 'West End Avenue', 3); 
INSERT INTO location (house_number, street, district) VALUES (3, 'West End Avenue', 3); 
INSERT INTO location (house_number, street, district) VALUES (4, 'West End Avenue', 3); 
INSERT INTO location (house_number, street, district) VALUES (5, 'West End Avenue', 3); 
INSERT INTO location (house_number, street, district) VALUES (6, 'West End Avenue', 3); 
INSERT INTO location (house_number, street, district) VALUES (7, 'West End Avenue', 3); 
INSERT INTO location (house_number, street, district) VALUES (8, 'West End Avenue', 3); 
INSERT INTO location (house_number, street, district) VALUES (9, 'West End Avenue', 3); 
INSERT INTO location (house_number, street, district) VALUES (10, 'West End Avenue', 3); 
INSERT INTO location (house_number, street, district) VALUES (11, 'West End Avenue', 3); 
INSERT INTO location (house_number, street, district) VALUES (12, 'West End Avenue', 3); 
INSERT INTO location (house_number, street, district) VALUES (13, 'West End Avenue', 3); 
INSERT INTO location (house_number, street, district) VALUES (1, 'Astoria Boulevard', 4); 
INSERT INTO location (house_number, street, district) VALUES (2, 'Astoria Boulevard', 4); 
INSERT INTO location (house_number, street, district) VALUES (3, 'Astoria Boulevard', 4); 
INSERT INTO location (house_number, street, district) VALUES (4, 'Astoria Boulevard', 4); 
INSERT INTO location (house_number, street, district) VALUES (5, 'Astoria Boulevard', 4); 
INSERT INTO location (house_number, street, district) VALUES (6, 'Astoria Boulevard', 4); 
INSERT INTO location (house_number, street, district) VALUES (7, 'Astoria Boulevard', 4); 
INSERT INTO location (house_number, street, district) VALUES (8, 'Astoria Boulevard', 4); 
INSERT INTO location (house_number, street, district) VALUES (9, 'Astoria Boulevard', 4); 
INSERT INTO location (house_number, street, district) VALUES (10, 'Astoria Boulevard', 4); 
INSERT INTO location (house_number, street, district) VALUES (11, 'Astoria Boulevard', 4); 
INSERT INTO location (house_number, street, district) VALUES (12, 'Astoria Boulevard', 4); 
INSERT INTO location (house_number, street, district) VALUES (13, 'Astoria Boulevard', 4); 
INSERT INTO location (house_number, street, district) VALUES (14, 'Astoria Boulevard', 4); 
INSERT INTO location (house_number, street, district) VALUES (15, 'Astoria Boulevard', 4); 
INSERT INTO location (house_number, street, district) VALUES (16, 'Astoria Boulevard', 4); 
INSERT INTO location (house_number, street, district) VALUES (17, 'Astoria Boulevard', 4); 
INSERT INTO location (house_number, street, district) VALUES (18, 'Astoria Boulevard', 4); 
INSERT INTO location (house_number, street, district) VALUES (19, 'Astoria Boulevard', 4); 
INSERT INTO location (house_number, street, district) VALUES (20, 'Astoria Boulevard', 4); 
INSERT INTO location (house_number, street, district) VALUES (21, 'Astoria Boulevard', 4); 
INSERT INTO location (house_number, street, district) VALUES (22, 'Astoria Boulevard', 4); 
INSERT INTO location (house_number, street, district) VALUES (23, 'Astoria Boulevard', 4); 
INSERT INTO location (house_number, street, district) VALUES (24, 'Astoria Boulevard', 4); 
INSERT INTO location (house_number, street, district) VALUES (25, 'Astoria Boulevard', 4); 
INSERT INTO location (house_number, street, district) VALUES (26, 'Astoria Boulevard', 4); 
INSERT INTO location (house_number, street, district) VALUES (27, 'Astoria Boulevard', 4); 
INSERT INTO location (house_number, street, district) VALUES (28, 'Astoria Boulevard', 4); 
INSERT INTO location (house_number, street, district) VALUES (1, 'Atlantic Avenue', 4); 
INSERT INTO location (house_number, street, district) VALUES (2, 'Atlantic Avenue', 4); 
INSERT INTO location (house_number, street, district) VALUES (3, 'Atlantic Avenue', 4); 
INSERT INTO location (house_number, street, district) VALUES (1, 'Beach Channel Drive', 4); 
INSERT INTO location (house_number, street, district) VALUES (2, 'Beach Channel Drive', 4); 
INSERT INTO location (house_number, street, district) VALUES (3, 'Beach Channel Drive', 4); 
INSERT INTO location (house_number, street, district) VALUES (4, 'Beach Channel Drive', 4); 
INSERT INTO location (house_number, street, district) VALUES (5, 'Beach Channel Drive', 4); 
INSERT INTO location (house_number, street, district) VALUES (6, 'Beach Channel Drive', 4); 
INSERT INTO location (house_number, street, district) VALUES (7, 'Beach Channel Drive', 4); 
INSERT INTO location (house_number, street, district) VALUES (8, 'Beach Channel Drive', 4); 
INSERT INTO location (house_number, street, district) VALUES (9, 'Beach Channel Drive', 4); 
INSERT INTO location (house_number, street, district) VALUES (10, 'Beach Channel Drive', 4); 
INSERT INTO location (house_number, street, district) VALUES (11, 'Beach Channel Drive', 4); 
INSERT INTO location (house_number, street, district) VALUES (12, 'Beach Channel Drive', 4); 
INSERT INTO location (house_number, street, district) VALUES (13, 'Beach Channel Drive', 4); 
INSERT INTO location (house_number, street, district) VALUES (14, 'Beach Channel Drive', 4); 
INSERT INTO location (house_number, street, district) VALUES (15, 'Beach Channel Drive', 4); 
INSERT INTO location (house_number, street, district) VALUES (16, 'Beach Channel Drive', 4); 
INSERT INTO location (house_number, street, district) VALUES (17, 'Beach Channel Drive', 4); 
INSERT INTO location (house_number, street, district) VALUES (18, 'Beach Channel Drive', 4); 
INSERT INTO location (house_number, street, district) VALUES (19, 'Beach Channel Drive', 4); 
INSERT INTO location (house_number, street, district) VALUES (20, 'Beach Channel Drive', 4); 
INSERT INTO location (house_number, street, district) VALUES (21, 'Beach Channel Drive', 4); 
INSERT INTO location (house_number, street, district) VALUES (22, 'Beach Channel Drive', 4); 
INSERT INTO location (house_number, street, district) VALUES (23, 'Beach Channel Drive', 4); 
INSERT INTO location (house_number, street, district) VALUES (24, 'Beach Channel Drive', 4); 
INSERT INTO location (house_number, street, district) VALUES (25, 'Beach Channel Drive', 4); 
INSERT INTO location (house_number, street, district) VALUES (26, 'Beach Channel Drive', 4); 
INSERT INTO location (house_number, street, district) VALUES (27, 'Beach Channel Drive', 4); 
INSERT INTO location (house_number, street, district) VALUES (28, 'Beach Channel Drive', 4); 
INSERT INTO location (house_number, street, district) VALUES (29, 'Beach Channel Drive', 4); 
INSERT INTO location (house_number, street, district) VALUES (1, 'Braddock Avenue', 4); 
INSERT INTO location (house_number, street, district) VALUES (2, 'Braddock Avenue', 4); 
INSERT INTO location (house_number, street, district) VALUES (3, 'Braddock Avenue', 4); 
INSERT INTO location (house_number, street, district) VALUES (4, 'Braddock Avenue', 4); 
INSERT INTO location (house_number, street, district) VALUES (5, 'Braddock Avenue', 4); 
INSERT INTO location (house_number, street, district) VALUES (6, 'Braddock Avenue', 4); 
INSERT INTO location (house_number, street, district) VALUES (7, 'Braddock Avenue', 4); 
INSERT INTO location (house_number, street, district) VALUES (8, 'Braddock Avenue', 4); 
INSERT INTO location (house_number, street, district) VALUES (9, 'Braddock Avenue', 4); 
INSERT INTO location (house_number, street, district) VALUES (10, 'Braddock Avenue', 4); 
INSERT INTO location (house_number, street, district) VALUES (11, 'Braddock Avenue', 4); 
INSERT INTO location (house_number, street, district) VALUES (12, 'Braddock Avenue', 4); 
INSERT INTO location (house_number, street, district) VALUES (13, 'Braddock Avenue', 4); 
INSERT INTO location (house_number, street, district) VALUES (14, 'Braddock Avenue', 4); 
INSERT INTO location (house_number, street, district) VALUES (15, 'Braddock Avenue', 4); 
INSERT INTO location (house_number, street, district) VALUES (16, 'Braddock Avenue', 4); 
INSERT INTO location (house_number, street, district) VALUES (17, 'Braddock Avenue', 4); 
INSERT INTO location (house_number, street, district) VALUES (18, 'Braddock Avenue', 4); 
INSERT INTO location (house_number, street, district) VALUES (19, 'Braddock Avenue', 4); 
INSERT INTO location (house_number, street, district) VALUES (20, 'Braddock Avenue', 4); 
INSERT INTO location (house_number, street, district) VALUES (21, 'Braddock Avenue', 4); 
INSERT INTO location (house_number, street, district) VALUES (22, 'Braddock Avenue', 4); 
INSERT INTO location (house_number, street, district) VALUES (23, 'Braddock Avenue', 4); 
INSERT INTO location (house_number, street, district) VALUES (24, 'Braddock Avenue', 4); 
INSERT INTO location (house_number, street, district) VALUES (25, 'Braddock Avenue', 4); 
INSERT INTO location (house_number, street, district) VALUES (26, 'Braddock Avenue', 4); 
INSERT INTO location (house_number, street, district) VALUES (1, 'Conduit Avenue', 4); 
INSERT INTO location (house_number, street, district) VALUES (2, 'Conduit Avenue', 4); 
INSERT INTO location (house_number, street, district) VALUES (3, 'Conduit Avenue', 4); 
INSERT INTO location (house_number, street, district) VALUES (1, 'Ditmars Boulevard', 4); 
INSERT INTO location (house_number, street, district) VALUES (2, 'Ditmars Boulevard', 4); 
INSERT INTO location (house_number, street, district) VALUES (3, 'Ditmars Boulevard', 4); 
INSERT INTO location (house_number, street, district) VALUES (4, 'Ditmars Boulevard', 4); 
INSERT INTO location (house_number, street, district) VALUES (5, 'Ditmars Boulevard', 4); 
INSERT INTO location (house_number, street, district) VALUES (6, 'Ditmars Boulevard', 4); 
INSERT INTO location (house_number, street, district) VALUES (7, 'Ditmars Boulevard', 4); 
INSERT INTO location (house_number, street, district) VALUES (8, 'Ditmars Boulevard', 4); 
INSERT INTO location (house_number, street, district) VALUES (9, 'Ditmars Boulevard', 4); 
INSERT INTO location (house_number, street, district) VALUES (10, 'Ditmars Boulevard', 4); 
INSERT INTO location (house_number, street, district) VALUES (11, 'Ditmars Boulevard', 4); 
INSERT INTO location (house_number, street, district) VALUES (12, 'Ditmars Boulevard', 4); 
INSERT INTO location (house_number, street, district) VALUES (13, 'Ditmars Boulevard', 4); 
INSERT INTO location (house_number, street, district) VALUES (14, 'Ditmars Boulevard', 4); 
INSERT INTO location (house_number, street, district) VALUES (15, 'Ditmars Boulevard', 4); 
INSERT INTO location (house_number, street, district) VALUES (16, 'Ditmars Boulevard', 4); 
INSERT INTO location (house_number, street, district) VALUES (17, 'Ditmars Boulevard', 4); 
INSERT INTO location (house_number, street, district) VALUES (18, 'Ditmars Boulevard', 4); 
INSERT INTO location (house_number, street, district) VALUES (19, 'Ditmars Boulevard', 4); 
INSERT INTO location (house_number, street, district) VALUES (1, 'Flushing Avenue', 4); 
INSERT INTO location (house_number, street, district) VALUES (2, 'Flushing Avenue', 4); 
INSERT INTO location (house_number, street, district) VALUES (3, 'Flushing Avenue', 4); 
INSERT INTO location (house_number, street, district) VALUES (4, 'Flushing Avenue', 4); 
INSERT INTO location (house_number, street, district) VALUES (5, 'Flushing Avenue', 4); 
INSERT INTO location (house_number, street, district) VALUES (6, 'Flushing Avenue', 4); 
INSERT INTO location (house_number, street, district) VALUES (7, 'Flushing Avenue', 4); 
INSERT INTO location (house_number, street, district) VALUES (8, 'Flushing Avenue', 4); 
INSERT INTO location (house_number, street, district) VALUES (9, 'Flushing Avenue', 4); 
INSERT INTO location (house_number, street, district) VALUES (10, 'Flushing Avenue', 4); 
INSERT INTO location (house_number, street, district) VALUES (11, 'Flushing Avenue', 4); 
INSERT INTO location (house_number, street, district) VALUES (1, 'Francis Lewis Boulevard', 4); 
INSERT INTO location (house_number, street, district) VALUES (2, 'Francis Lewis Boulevard', 4); 
INSERT INTO location (house_number, street, district) VALUES (3, 'Francis Lewis Boulevard', 4); 
INSERT INTO location (house_number, street, district) VALUES (4, 'Francis Lewis Boulevard', 4); 
INSERT INTO location (house_number, street, district) VALUES (5, 'Francis Lewis Boulevard', 4); 
INSERT INTO location (house_number, street, district) VALUES (6, 'Francis Lewis Boulevard', 4); 
INSERT INTO location (house_number, street, district) VALUES (1, 'Grand Avenue', 4); 
INSERT INTO location (house_number, street, district) VALUES (2, 'Grand Avenue', 4); 
INSERT INTO location (house_number, street, district) VALUES (3, 'Grand Avenue', 4); 
INSERT INTO location (house_number, street, district) VALUES (4, 'Grand Avenue', 4); 
INSERT INTO location (house_number, street, district) VALUES (5, 'Grand Avenue', 4); 
INSERT INTO location (house_number, street, district) VALUES (6, 'Grand Avenue', 4); 
INSERT INTO location (house_number, street, district) VALUES (7, 'Grand Avenue', 4); 
INSERT INTO location (house_number, street, district) VALUES (8, 'Grand Avenue', 4); 
INSERT INTO location (house_number, street, district) VALUES (9, 'Grand Avenue', 4); 
INSERT INTO location (house_number, street, district) VALUES (10, 'Grand Avenue', 4); 
INSERT INTO location (house_number, street, district) VALUES (11, 'Grand Avenue', 4); 
INSERT INTO location (house_number, street, district) VALUES (12, 'Grand Avenue', 4); 
INSERT INTO location (house_number, street, district) VALUES (1, 'Grand Street and Grand Avenue', 4); 
INSERT INTO location (house_number, street, district) VALUES (2, 'Grand Street and Grand Avenue', 4); 
INSERT INTO location (house_number, street, district) VALUES (3, 'Grand Street and Grand Avenue', 4); 
INSERT INTO location (house_number, street, district) VALUES (4, 'Grand Street and Grand Avenue', 4); 
INSERT INTO location (house_number, street, district) VALUES (5, 'Grand Street and Grand Avenue', 4); 
INSERT INTO location (house_number, street, district) VALUES (6, 'Grand Street and Grand Avenue', 4); 
INSERT INTO location (house_number, street, district) VALUES (1, 'Greenpoint and Roosevelt Avenues', 4); 
INSERT INTO location (house_number, street, district) VALUES (2, 'Greenpoint and Roosevelt Avenues', 4); 
INSERT INTO location (house_number, street, district) VALUES (3, 'Greenpoint and Roosevelt Avenues', 4); 
INSERT INTO location (house_number, street, district) VALUES (4, 'Greenpoint and Roosevelt Avenues', 4); 
INSERT INTO location (house_number, street, district) VALUES (5, 'Greenpoint and Roosevelt Avenues', 4); 
INSERT INTO location (house_number, street, district) VALUES (6, 'Greenpoint and Roosevelt Avenues', 4); 
INSERT INTO location (house_number, street, district) VALUES (7, 'Greenpoint and Roosevelt Avenues', 4); 
INSERT INTO location (house_number, street, district) VALUES (8, 'Greenpoint and Roosevelt Avenues', 4); 
INSERT INTO location (house_number, street, district) VALUES (9, 'Greenpoint and Roosevelt Avenues', 4); 
INSERT INTO location (house_number, street, district) VALUES (10, 'Greenpoint and Roosevelt Avenues', 4); 
INSERT INTO location (house_number, street, district) VALUES (11, 'Greenpoint and Roosevelt Avenues', 4); 
INSERT INTO location (house_number, street, district) VALUES (12, 'Greenpoint and Roosevelt Avenues', 4); 
INSERT INTO location (house_number, street, district) VALUES (13, 'Greenpoint and Roosevelt Avenues', 4); 
INSERT INTO location (house_number, street, district) VALUES (14, 'Greenpoint and Roosevelt Avenues', 4); 
INSERT INTO location (house_number, street, district) VALUES (15, 'Greenpoint and Roosevelt Avenues', 4); 
INSERT INTO location (house_number, street, district) VALUES (16, 'Greenpoint and Roosevelt Avenues', 4); 
INSERT INTO location (house_number, street, district) VALUES (17, 'Greenpoint and Roosevelt Avenues', 4); 
INSERT INTO location (house_number, street, district) VALUES (18, 'Greenpoint and Roosevelt Avenues', 4); 
INSERT INTO location (house_number, street, district) VALUES (19, 'Greenpoint and Roosevelt Avenues', 4); 
INSERT INTO location (house_number, street, district) VALUES (20, 'Greenpoint and Roosevelt Avenues', 4); 
INSERT INTO location (house_number, street, district) VALUES (21, 'Greenpoint and Roosevelt Avenues', 4); 
INSERT INTO location (house_number, street, district) VALUES (22, 'Greenpoint and Roosevelt Avenues', 4); 
INSERT INTO location (house_number, street, district) VALUES (23, 'Greenpoint and Roosevelt Avenues', 4); 
INSERT INTO location (house_number, street, district) VALUES (24, 'Greenpoint and Roosevelt Avenues', 4); 
INSERT INTO location (house_number, street, district) VALUES (25, 'Greenpoint and Roosevelt Avenues', 4); 
INSERT INTO location (house_number, street, district) VALUES (26, 'Greenpoint and Roosevelt Avenues', 4); 
INSERT INTO location (house_number, street, district) VALUES (27, 'Greenpoint and Roosevelt Avenues', 4); 
INSERT INTO location (house_number, street, district) VALUES (28, 'Greenpoint and Roosevelt Avenues', 4); 
INSERT INTO location (house_number, street, district) VALUES (29, 'Greenpoint and Roosevelt Avenues', 4); 
INSERT INTO location (house_number, street, district) VALUES (30, 'Greenpoint and Roosevelt Avenues', 4); 
INSERT INTO location (house_number, street, district) VALUES (1, 'Hillside Avenue', 4); 
INSERT INTO location (house_number, street, district) VALUES (2, 'Hillside Avenue', 4); 
INSERT INTO location (house_number, street, district) VALUES (3, 'Hillside Avenue', 4); 
INSERT INTO location (house_number, street, district) VALUES (4, 'Hillside Avenue', 4); 
INSERT INTO location (house_number, street, district) VALUES (5, 'Hillside Avenue', 4); 
INSERT INTO location (house_number, street, district) VALUES (6, 'Hillside Avenue', 4); 
INSERT INTO location (house_number, street, district) VALUES (7, 'Hillside Avenue', 4); 
INSERT INTO location (house_number, street, district) VALUES (8, 'Hillside Avenue', 4); 
INSERT INTO location (house_number, street, district) VALUES (9, 'Hillside Avenue', 4); 
INSERT INTO location (house_number, street, district) VALUES (10, 'Hillside Avenue', 4); 
INSERT INTO location (house_number, street, district) VALUES (11, 'Hillside Avenue', 4); 
INSERT INTO location (house_number, street, district) VALUES (12, 'Hillside Avenue', 4); 
INSERT INTO location (house_number, street, district) VALUES (13, 'Hillside Avenue', 4); 
INSERT INTO location (house_number, street, district) VALUES (14, 'Hillside Avenue', 4); 
INSERT INTO location (house_number, street, district) VALUES (15, 'Hillside Avenue', 4); 
INSERT INTO location (house_number, street, district) VALUES (16, 'Hillside Avenue', 4); 
INSERT INTO location (house_number, street, district) VALUES (17, 'Hillside Avenue', 4); 
INSERT INTO location (house_number, street, district) VALUES (18, 'Hillside Avenue', 4); 
INSERT INTO location (house_number, street, district) VALUES (19, 'Hillside Avenue', 4); 
INSERT INTO location (house_number, street, district) VALUES (20, 'Hillside Avenue', 4); 
INSERT INTO location (house_number, street, district) VALUES (21, 'Hillside Avenue', 4); 
INSERT INTO location (house_number, street, district) VALUES (22, 'Hillside Avenue', 4); 
INSERT INTO location (house_number, street, district) VALUES (23, 'Hillside Avenue', 4); 
INSERT INTO location (house_number, street, district) VALUES (1, 'Jamaica Avenue', 4); 
INSERT INTO location (house_number, street, district) VALUES (2, 'Jamaica Avenue', 4); 
INSERT INTO location (house_number, street, district) VALUES (3, 'Jamaica Avenue', 4); 
INSERT INTO location (house_number, street, district) VALUES (4, 'Jamaica Avenue', 4); 
INSERT INTO location (house_number, street, district) VALUES (5, 'Jamaica Avenue', 4); 
INSERT INTO location (house_number, street, district) VALUES (1, 'Junction Boulevard', 4); 
INSERT INTO location (house_number, street, district) VALUES (2, 'Junction Boulevard', 4); 
INSERT INTO location (house_number, street, district) VALUES (3, 'Junction Boulevard', 4); 
INSERT INTO location (house_number, street, district) VALUES (4, 'Junction Boulevard', 4); 
INSERT INTO location (house_number, street, district) VALUES (5, 'Junction Boulevard', 4); 
INSERT INTO location (house_number, street, district) VALUES (6, 'Junction Boulevard', 4); 
INSERT INTO location (house_number, street, district) VALUES (7, 'Junction Boulevard', 4); 
INSERT INTO location (house_number, street, district) VALUES (8, 'Junction Boulevard', 4); 
INSERT INTO location (house_number, street, district) VALUES (9, 'Junction Boulevard', 4); 
INSERT INTO location (house_number, street, district) VALUES (10, 'Junction Boulevard', 4); 
INSERT INTO location (house_number, street, district) VALUES (11, 'Junction Boulevard', 4); 
INSERT INTO location (house_number, street, district) VALUES (12, 'Junction Boulevard', 4); 
INSERT INTO location (house_number, street, district) VALUES (13, 'Junction Boulevard', 4); 
INSERT INTO location (house_number, street, district) VALUES (14, 'Junction Boulevard', 4); 
INSERT INTO location (house_number, street, district) VALUES (15, 'Junction Boulevard', 4); 
INSERT INTO location (house_number, street, district) VALUES (16, 'Junction Boulevard', 4); 
INSERT INTO location (house_number, street, district) VALUES (17, 'Junction Boulevard', 4); 
INSERT INTO location (house_number, street, district) VALUES (18, 'Junction Boulevard', 4); 
INSERT INTO location (house_number, street, district) VALUES (19, 'Junction Boulevard', 4); 
INSERT INTO location (house_number, street, district) VALUES (1, 'Kissena Boulevard', 4); 
INSERT INTO location (house_number, street, district) VALUES (2, 'Kissena Boulevard', 4); 
INSERT INTO location (house_number, street, district) VALUES (3, 'Kissena Boulevard', 4); 
INSERT INTO location (house_number, street, district) VALUES (4, 'Kissena Boulevard', 4); 
INSERT INTO location (house_number, street, district) VALUES (5, 'Kissena Boulevard', 4); 
INSERT INTO location (house_number, street, district) VALUES (6, 'Kissena Boulevard', 4); 
INSERT INTO location (house_number, street, district) VALUES (7, 'Kissena Boulevard', 4); 
INSERT INTO location (house_number, street, district) VALUES (8, 'Kissena Boulevard', 4); 
INSERT INTO location (house_number, street, district) VALUES (9, 'Kissena Boulevard', 4); 
INSERT INTO location (house_number, street, district) VALUES (10, 'Kissena Boulevard', 4); 
INSERT INTO location (house_number, street, district) VALUES (11, 'Kissena Boulevard', 4); 
INSERT INTO location (house_number, street, district) VALUES (12, 'Kissena Boulevard', 4); 
INSERT INTO location (house_number, street, district) VALUES (13, 'Kissena Boulevard', 4); 
INSERT INTO location (house_number, street, district) VALUES (14, 'Kissena Boulevard', 4); 
INSERT INTO location (house_number, street, district) VALUES (15, 'Kissena Boulevard', 4); 
INSERT INTO location (house_number, street, district) VALUES (16, 'Kissena Boulevard', 4); 
INSERT INTO location (house_number, street, district) VALUES (17, 'Kissena Boulevard', 4); 
INSERT INTO location (house_number, street, district) VALUES (18, 'Kissena Boulevard', 4); 
INSERT INTO location (house_number, street, district) VALUES (19, 'Kissena Boulevard', 4); 
INSERT INTO location (house_number, street, district) VALUES (20, 'Kissena Boulevard', 4); 
INSERT INTO location (house_number, street, district) VALUES (21, 'Kissena Boulevard', 4); 
INSERT INTO location (house_number, street, district) VALUES (22, 'Kissena Boulevard', 4); 
INSERT INTO location (house_number, street, district) VALUES (23, 'Kissena Boulevard', 4); 
INSERT INTO location (house_number, street, district) VALUES (24, 'Kissena Boulevard', 4); 
INSERT INTO location (house_number, street, district) VALUES (25, 'Kissena Boulevard', 4); 
INSERT INTO location (house_number, street, district) VALUES (26, 'Kissena Boulevard', 4); 
INSERT INTO location (house_number, street, district) VALUES (27, 'Kissena Boulevard', 4); 
INSERT INTO location (house_number, street, district) VALUES (28, 'Kissena Boulevard', 4); 
INSERT INTO location (house_number, street, district) VALUES (29, 'Kissena Boulevard', 4); 
INSERT INTO location (house_number, street, district) VALUES (30, 'Kissena Boulevard', 4); 
INSERT INTO location (house_number, street, district) VALUES (31, 'Kissena Boulevard', 4); 
INSERT INTO location (house_number, street, district) VALUES (1, 'Liberty Avenue', 4); 
INSERT INTO location (house_number, street, district) VALUES (2, 'Liberty Avenue', 4); 
INSERT INTO location (house_number, street, district) VALUES (3, 'Liberty Avenue', 4); 
INSERT INTO location (house_number, street, district) VALUES (4, 'Liberty Avenue', 4); 
INSERT INTO location (house_number, street, district) VALUES (5, 'Liberty Avenue', 4); 
INSERT INTO location (house_number, street, district) VALUES (6, 'Liberty Avenue', 4); 
INSERT INTO location (house_number, street, district) VALUES (7, 'Liberty Avenue', 4); 
INSERT INTO location (house_number, street, district) VALUES (8, 'Liberty Avenue', 4); 
INSERT INTO location (house_number, street, district) VALUES (9, 'Liberty Avenue', 4); 
INSERT INTO location (house_number, street, district) VALUES (10, 'Liberty Avenue', 4); 
INSERT INTO location (house_number, street, district) VALUES (11, 'Liberty Avenue', 4); 
INSERT INTO location (house_number, street, district) VALUES (12, 'Liberty Avenue', 4); 
INSERT INTO location (house_number, street, district) VALUES (13, 'Liberty Avenue', 4); 
INSERT INTO location (house_number, street, district) VALUES (14, 'Liberty Avenue', 4); 
INSERT INTO location (house_number, street, district) VALUES (15, 'Liberty Avenue', 4); 
INSERT INTO location (house_number, street, district) VALUES (16, 'Liberty Avenue', 4); 
INSERT INTO location (house_number, street, district) VALUES (17, 'Liberty Avenue', 4); 
INSERT INTO location (house_number, street, district) VALUES (18, 'Liberty Avenue', 4); 
INSERT INTO location (house_number, street, district) VALUES (19, 'Liberty Avenue', 4); 
INSERT INTO location (house_number, street, district) VALUES (20, 'Liberty Avenue', 4); 
INSERT INTO location (house_number, street, district) VALUES (21, 'Liberty Avenue', 4); 
INSERT INTO location (house_number, street, district) VALUES (22, 'Liberty Avenue', 4); 
INSERT INTO location (house_number, street, district) VALUES (23, 'Liberty Avenue', 4); 
INSERT INTO location (house_number, street, district) VALUES (24, 'Liberty Avenue', 4); 
INSERT INTO location (house_number, street, district) VALUES (25, 'Liberty Avenue', 4); 
INSERT INTO location (house_number, street, district) VALUES (1, 'Linden Boulevard', 4); 
INSERT INTO location (house_number, street, district) VALUES (2, 'Linden Boulevard', 4); 
INSERT INTO location (house_number, street, district) VALUES (3, 'Linden Boulevard', 4); 
INSERT INTO location (house_number, street, district) VALUES (4, 'Linden Boulevard', 4); 
INSERT INTO location (house_number, street, district) VALUES (5, 'Linden Boulevard', 4); 
INSERT INTO location (house_number, street, district) VALUES (6, 'Linden Boulevard', 4); 
INSERT INTO location (house_number, street, district) VALUES (7, 'Linden Boulevard', 4); 
INSERT INTO location (house_number, street, district) VALUES (8, 'Linden Boulevard', 4); 
INSERT INTO location (house_number, street, district) VALUES (9, 'Linden Boulevard', 4); 
INSERT INTO location (house_number, street, district) VALUES (1, 'Little Neck Parkway', 4); 
INSERT INTO location (house_number, street, district) VALUES (2, 'Little Neck Parkway', 4); 
INSERT INTO location (house_number, street, district) VALUES (3, 'Little Neck Parkway', 4); 
INSERT INTO location (house_number, street, district) VALUES (4, 'Little Neck Parkway', 4); 
INSERT INTO location (house_number, street, district) VALUES (5, 'Little Neck Parkway', 4); 
INSERT INTO location (house_number, street, district) VALUES (6, 'Little Neck Parkway', 4); 
INSERT INTO location (house_number, street, district) VALUES (7, 'Little Neck Parkway', 4); 
INSERT INTO location (house_number, street, district) VALUES (8, 'Little Neck Parkway', 4); 
INSERT INTO location (house_number, street, district) VALUES (9, 'Little Neck Parkway', 4); 
INSERT INTO location (house_number, street, district) VALUES (10, 'Little Neck Parkway', 4); 
INSERT INTO location (house_number, street, district) VALUES (11, 'Little Neck Parkway', 4); 
INSERT INTO location (house_number, street, district) VALUES (12, 'Little Neck Parkway', 4); 
INSERT INTO location (house_number, street, district) VALUES (13, 'Little Neck Parkway', 4); 
INSERT INTO location (house_number, street, district) VALUES (14, 'Little Neck Parkway', 4); 
INSERT INTO location (house_number, street, district) VALUES (15, 'Little Neck Parkway', 4); 
INSERT INTO location (house_number, street, district) VALUES (16, 'Little Neck Parkway', 4); 
INSERT INTO location (house_number, street, district) VALUES (17, 'Little Neck Parkway', 4); 
INSERT INTO location (house_number, street, district) VALUES (18, 'Little Neck Parkway', 4); 
INSERT INTO location (house_number, street, district) VALUES (19, 'Little Neck Parkway', 4); 
INSERT INTO location (house_number, street, district) VALUES (20, 'Little Neck Parkway', 4); 
INSERT INTO location (house_number, street, district) VALUES (21, 'Little Neck Parkway', 4); 
INSERT INTO location (house_number, street, district) VALUES (22, 'Little Neck Parkway', 4); 
INSERT INTO location (house_number, street, district) VALUES (23, 'Little Neck Parkway', 4); 
INSERT INTO location (house_number, street, district) VALUES (1, 'Main Street', 4); 
INSERT INTO location (house_number, street, district) VALUES (2, 'Main Street', 4); 
INSERT INTO location (house_number, street, district) VALUES (3, 'Main Street', 4); 
INSERT INTO location (house_number, street, district) VALUES (4, 'Main Street', 4); 
INSERT INTO location (house_number, street, district) VALUES (5, 'Main Street', 4); 
INSERT INTO location (house_number, street, district) VALUES (6, 'Main Street', 4); 
INSERT INTO location (house_number, street, district) VALUES (7, 'Main Street', 4); 
INSERT INTO location (house_number, street, district) VALUES (8, 'Main Street', 4); 
INSERT INTO location (house_number, street, district) VALUES (9, 'Main Street', 4); 
INSERT INTO location (house_number, street, district) VALUES (1, 'Merrick Road', 4); 
INSERT INTO location (house_number, street, district) VALUES (2, 'Merrick Road', 4); 
INSERT INTO location (house_number, street, district) VALUES (3, 'Merrick Road', 4); 
INSERT INTO location (house_number, street, district) VALUES (4, 'Merrick Road', 4); 
INSERT INTO location (house_number, street, district) VALUES (5, 'Merrick Road', 4); 
INSERT INTO location (house_number, street, district) VALUES (6, 'Merrick Road', 4); 
INSERT INTO location (house_number, street, district) VALUES (7, 'Merrick Road', 4); 
INSERT INTO location (house_number, street, district) VALUES (8, 'Merrick Road', 4); 
INSERT INTO location (house_number, street, district) VALUES (9, 'Merrick Road', 4); 
INSERT INTO location (house_number, street, district) VALUES (10, 'Merrick Road', 4); 
INSERT INTO location (house_number, street, district) VALUES (11, 'Merrick Road', 4); 
INSERT INTO location (house_number, street, district) VALUES (12, 'Merrick Road', 4); 
INSERT INTO location (house_number, street, district) VALUES (13, 'Merrick Road', 4); 
INSERT INTO location (house_number, street, district) VALUES (14, 'Merrick Road', 4); 
INSERT INTO location (house_number, street, district) VALUES (15, 'Merrick Road', 4); 
INSERT INTO location (house_number, street, district) VALUES (16, 'Merrick Road', 4); 
INSERT INTO location (house_number, street, district) VALUES (17, 'Merrick Road', 4); 
INSERT INTO location (house_number, street, district) VALUES (18, 'Merrick Road', 4); 
INSERT INTO location (house_number, street, district) VALUES (19, 'Merrick Road', 4); 
INSERT INTO location (house_number, street, district) VALUES (20, 'Merrick Road', 4); 
INSERT INTO location (house_number, street, district) VALUES (21, 'Merrick Road', 4); 
INSERT INTO location (house_number, street, district) VALUES (22, 'Merrick Road', 4); 
INSERT INTO location (house_number, street, district) VALUES (23, 'Merrick Road', 4); 
INSERT INTO location (house_number, street, district) VALUES (24, 'Merrick Road', 4); 
INSERT INTO location (house_number, street, district) VALUES (25, 'Merrick Road', 4); 
INSERT INTO location (house_number, street, district) VALUES (26, 'Merrick Road', 4); 
INSERT INTO location (house_number, street, district) VALUES (27, 'Merrick Road', 4); 
INSERT INTO location (house_number, street, district) VALUES (28, 'Merrick Road', 4); 
INSERT INTO location (house_number, street, district) VALUES (29, 'Merrick Road', 4); 
INSERT INTO location (house_number, street, district) VALUES (30, 'Merrick Road', 4); 
INSERT INTO location (house_number, street, district) VALUES (1, 'Metropolitan Avenue', 4); 
INSERT INTO location (house_number, street, district) VALUES (2, 'Metropolitan Avenue', 4); 
INSERT INTO location (house_number, street, district) VALUES (3, 'Metropolitan Avenue', 4); 
INSERT INTO location (house_number, street, district) VALUES (4, 'Metropolitan Avenue', 4); 
INSERT INTO location (house_number, street, district) VALUES (5, 'Metropolitan Avenue', 4); 
INSERT INTO location (house_number, street, district) VALUES (6, 'Metropolitan Avenue', 4); 
INSERT INTO location (house_number, street, district) VALUES (7, 'Metropolitan Avenue', 4); 
INSERT INTO location (house_number, street, district) VALUES (8, 'Metropolitan Avenue', 4); 
INSERT INTO location (house_number, street, district) VALUES (9, 'Metropolitan Avenue', 4); 
INSERT INTO location (house_number, street, district) VALUES (10, 'Metropolitan Avenue', 4); 
INSERT INTO location (house_number, street, district) VALUES (11, 'Metropolitan Avenue', 4); 
INSERT INTO location (house_number, street, district) VALUES (1, 'Myrtle Avenue', 4); 
INSERT INTO location (house_number, street, district) VALUES (2, 'Myrtle Avenue', 4); 
INSERT INTO location (house_number, street, district) VALUES (3, 'Myrtle Avenue', 4); 
INSERT INTO location (house_number, street, district) VALUES (4, 'Myrtle Avenue', 4); 
INSERT INTO location (house_number, street, district) VALUES (5, 'Myrtle Avenue', 4); 
INSERT INTO location (house_number, street, district) VALUES (6, 'Myrtle Avenue', 4); 
INSERT INTO location (house_number, street, district) VALUES (7, 'Myrtle Avenue', 4); 
INSERT INTO location (house_number, street, district) VALUES (8, 'Myrtle Avenue', 4); 
INSERT INTO location (house_number, street, district) VALUES (9, 'Myrtle Avenue', 4); 
INSERT INTO location (house_number, street, district) VALUES (10, 'Myrtle Avenue', 4); 
INSERT INTO location (house_number, street, district) VALUES (11, 'Myrtle Avenue', 4); 
INSERT INTO location (house_number, street, district) VALUES (12, 'Myrtle Avenue', 4); 
INSERT INTO location (house_number, street, district) VALUES (13, 'Myrtle Avenue', 4); 
INSERT INTO location (house_number, street, district) VALUES (14, 'Myrtle Avenue', 4); 
INSERT INTO location (house_number, street, district) VALUES (15, 'Myrtle Avenue', 4); 
INSERT INTO location (house_number, street, district) VALUES (16, 'Myrtle Avenue', 4); 
INSERT INTO location (house_number, street, district) VALUES (17, 'Myrtle Avenue', 4); 
INSERT INTO location (house_number, street, district) VALUES (18, 'Myrtle Avenue', 4); 
INSERT INTO location (house_number, street, district) VALUES (19, 'Myrtle Avenue', 4); 
INSERT INTO location (house_number, street, district) VALUES (20, 'Myrtle Avenue', 4); 
INSERT INTO location (house_number, street, district) VALUES (21, 'Myrtle Avenue', 4); 
INSERT INTO location (house_number, street, district) VALUES (22, 'Myrtle Avenue', 4); 
INSERT INTO location (house_number, street, district) VALUES (23, 'Myrtle Avenue', 4); 
INSERT INTO location (house_number, street, district) VALUES (24, 'Myrtle Avenue', 4); 
INSERT INTO location (house_number, street, district) VALUES (25, 'Myrtle Avenue', 4); 
INSERT INTO location (house_number, street, district) VALUES (26, 'Myrtle Avenue', 4); 
INSERT INTO location (house_number, street, district) VALUES (27, 'Myrtle Avenue', 4); 
INSERT INTO location (house_number, street, district) VALUES (28, 'Myrtle Avenue', 4); 
INSERT INTO location (house_number, street, district) VALUES (29, 'Myrtle Avenue', 4); 
INSERT INTO location (house_number, street, district) VALUES (30, 'Myrtle Avenue', 4); 
INSERT INTO location (house_number, street, district) VALUES (31, 'Myrtle Avenue', 4); 
INSERT INTO location (house_number, street, district) VALUES (1, 'New York State Route 25A', 4); 
INSERT INTO location (house_number, street, district) VALUES (2, 'New York State Route 25A', 4); 
INSERT INTO location (house_number, street, district) VALUES (3, 'New York State Route 25A', 4); 
INSERT INTO location (house_number, street, district) VALUES (4, 'New York State Route 25A', 4); 
INSERT INTO location (house_number, street, district) VALUES (5, 'New York State Route 25A', 4); 
INSERT INTO location (house_number, street, district) VALUES (6, 'New York State Route 25A', 4); 
INSERT INTO location (house_number, street, district) VALUES (7, 'New York State Route 25A', 4); 
INSERT INTO location (house_number, street, district) VALUES (8, 'New York State Route 25A', 4); 
INSERT INTO location (house_number, street, district) VALUES (9, 'New York State Route 25A', 4); 
INSERT INTO location (house_number, street, district) VALUES (10, 'New York State Route 25A', 4); 
INSERT INTO location (house_number, street, district) VALUES (11, 'New York State Route 25A', 4); 
INSERT INTO location (house_number, street, district) VALUES (12, 'New York State Route 25A', 4); 
INSERT INTO location (house_number, street, district) VALUES (13, 'New York State Route 25A', 4); 
INSERT INTO location (house_number, street, district) VALUES (14, 'New York State Route 25A', 4); 
INSERT INTO location (house_number, street, district) VALUES (15, 'New York State Route 25A', 4); 
INSERT INTO location (house_number, street, district) VALUES (16, 'New York State Route 25A', 4); 
INSERT INTO location (house_number, street, district) VALUES (17, 'New York State Route 25A', 4); 
INSERT INTO location (house_number, street, district) VALUES (18, 'New York State Route 25A', 4); 
INSERT INTO location (house_number, street, district) VALUES (19, 'New York State Route 25A', 4); 
INSERT INTO location (house_number, street, district) VALUES (20, 'New York State Route 25A', 4); 
INSERT INTO location (house_number, street, district) VALUES (21, 'New York State Route 25A', 4); 
INSERT INTO location (house_number, street, district) VALUES (22, 'New York State Route 25A', 4); 
INSERT INTO location (house_number, street, district) VALUES (23, 'New York State Route 25A', 4); 
INSERT INTO location (house_number, street, district) VALUES (1, 'New York State Route 27', 4); 
INSERT INTO location (house_number, street, district) VALUES (2, 'New York State Route 27', 4); 
INSERT INTO location (house_number, street, district) VALUES (3, 'New York State Route 27', 4); 
INSERT INTO location (house_number, street, district) VALUES (4, 'New York State Route 27', 4); 
INSERT INTO location (house_number, street, district) VALUES (5, 'New York State Route 27', 4); 
INSERT INTO location (house_number, street, district) VALUES (6, 'New York State Route 27', 4); 
INSERT INTO location (house_number, street, district) VALUES (7, 'New York State Route 27', 4); 
INSERT INTO location (house_number, street, district) VALUES (8, 'New York State Route 27', 4); 
INSERT INTO location (house_number, street, district) VALUES (1, 'Parsons Boulevard', 4); 
INSERT INTO location (house_number, street, district) VALUES (2, 'Parsons Boulevard', 4); 
INSERT INTO location (house_number, street, district) VALUES (3, 'Parsons Boulevard', 4); 
INSERT INTO location (house_number, street, district) VALUES (4, 'Parsons Boulevard', 4); 
INSERT INTO location (house_number, street, district) VALUES (5, 'Parsons Boulevard', 4); 
INSERT INTO location (house_number, street, district) VALUES (6, 'Parsons Boulevard', 4); 
INSERT INTO location (house_number, street, district) VALUES (7, 'Parsons Boulevard', 4); 
INSERT INTO location (house_number, street, district) VALUES (8, 'Parsons Boulevard', 4); 
INSERT INTO location (house_number, street, district) VALUES (9, 'Parsons Boulevard', 4); 
INSERT INTO location (house_number, street, district) VALUES (10, 'Parsons Boulevard', 4); 
INSERT INTO location (house_number, street, district) VALUES (11, 'Parsons Boulevard', 4); 
INSERT INTO location (house_number, street, district) VALUES (12, 'Parsons Boulevard', 4); 
INSERT INTO location (house_number, street, district) VALUES (13, 'Parsons Boulevard', 4); 
INSERT INTO location (house_number, street, district) VALUES (14, 'Parsons Boulevard', 4); 
INSERT INTO location (house_number, street, district) VALUES (15, 'Parsons Boulevard', 4); 
INSERT INTO location (house_number, street, district) VALUES (16, 'Parsons Boulevard', 4); 
INSERT INTO location (house_number, street, district) VALUES (17, 'Parsons Boulevard', 4); 
INSERT INTO location (house_number, street, district) VALUES (18, 'Parsons Boulevard', 4); 
INSERT INTO location (house_number, street, district) VALUES (19, 'Parsons Boulevard', 4); 
INSERT INTO location (house_number, street, district) VALUES (20, 'Parsons Boulevard', 4); 
INSERT INTO location (house_number, street, district) VALUES (21, 'Parsons Boulevard', 4); 
INSERT INTO location (house_number, street, district) VALUES (22, 'Parsons Boulevard', 4); 
INSERT INTO location (house_number, street, district) VALUES (23, 'Parsons Boulevard', 4); 
INSERT INTO location (house_number, street, district) VALUES (24, 'Parsons Boulevard', 4); 
INSERT INTO location (house_number, street, district) VALUES (25, 'Parsons Boulevard', 4); 
INSERT INTO location (house_number, street, district) VALUES (26, 'Parsons Boulevard', 4); 
INSERT INTO location (house_number, street, district) VALUES (27, 'Parsons Boulevard', 4); 
INSERT INTO location (house_number, street, district) VALUES (28, 'Parsons Boulevard', 4); 
INSERT INTO location (house_number, street, district) VALUES (1, 'Queens Boulevard', 4); 
INSERT INTO location (house_number, street, district) VALUES (2, 'Queens Boulevard', 4); 
INSERT INTO location (house_number, street, district) VALUES (3, 'Queens Boulevard', 4); 
INSERT INTO location (house_number, street, district) VALUES (4, 'Queens Boulevard', 4); 
INSERT INTO location (house_number, street, district) VALUES (5, 'Queens Boulevard', 4); 
INSERT INTO location (house_number, street, district) VALUES (6, 'Queens Boulevard', 4); 
INSERT INTO location (house_number, street, district) VALUES (7, 'Queens Boulevard', 4); 
INSERT INTO location (house_number, street, district) VALUES (8, 'Queens Boulevard', 4); 
INSERT INTO location (house_number, street, district) VALUES (9, 'Queens Boulevard', 4); 
INSERT INTO location (house_number, street, district) VALUES (10, 'Queens Boulevard', 4); 
INSERT INTO location (house_number, street, district) VALUES (11, 'Queens Boulevard', 4); 
INSERT INTO location (house_number, street, district) VALUES (12, 'Queens Boulevard', 4); 
INSERT INTO location (house_number, street, district) VALUES (13, 'Queens Boulevard', 4); 
INSERT INTO location (house_number, street, district) VALUES (14, 'Queens Boulevard', 4); 
INSERT INTO location (house_number, street, district) VALUES (15, 'Queens Boulevard', 4); 
INSERT INTO location (house_number, street, district) VALUES (16, 'Queens Boulevard', 4); 
INSERT INTO location (house_number, street, district) VALUES (1, 'Rockaway Beach Boulevard', 4); 
INSERT INTO location (house_number, street, district) VALUES (2, 'Rockaway Beach Boulevard', 4); 
INSERT INTO location (house_number, street, district) VALUES (3, 'Rockaway Beach Boulevard', 4); 
INSERT INTO location (house_number, street, district) VALUES (4, 'Rockaway Beach Boulevard', 4); 
INSERT INTO location (house_number, street, district) VALUES (5, 'Rockaway Beach Boulevard', 4); 
INSERT INTO location (house_number, street, district) VALUES (6, 'Rockaway Beach Boulevard', 4); 
INSERT INTO location (house_number, street, district) VALUES (7, 'Rockaway Beach Boulevard', 4); 
INSERT INTO location (house_number, street, district) VALUES (8, 'Rockaway Beach Boulevard', 4); 
INSERT INTO location (house_number, street, district) VALUES (9, 'Rockaway Beach Boulevard', 4); 
INSERT INTO location (house_number, street, district) VALUES (10, 'Rockaway Beach Boulevard', 4); 
INSERT INTO location (house_number, street, district) VALUES (11, 'Rockaway Beach Boulevard', 4); 
INSERT INTO location (house_number, street, district) VALUES (12, 'Rockaway Beach Boulevard', 4); 
INSERT INTO location (house_number, street, district) VALUES (13, 'Rockaway Beach Boulevard', 4); 
INSERT INTO location (house_number, street, district) VALUES (14, 'Rockaway Beach Boulevard', 4); 
INSERT INTO location (house_number, street, district) VALUES (15, 'Rockaway Beach Boulevard', 4); 
INSERT INTO location (house_number, street, district) VALUES (16, 'Rockaway Beach Boulevard', 4); 
INSERT INTO location (house_number, street, district) VALUES (17, 'Rockaway Beach Boulevard', 4); 
INSERT INTO location (house_number, street, district) VALUES (18, 'Rockaway Beach Boulevard', 4); 
INSERT INTO location (house_number, street, district) VALUES (19, 'Rockaway Beach Boulevard', 4); 
INSERT INTO location (house_number, street, district) VALUES (20, 'Rockaway Beach Boulevard', 4); 
INSERT INTO location (house_number, street, district) VALUES (21, 'Rockaway Beach Boulevard', 4); 
INSERT INTO location (house_number, street, district) VALUES (22, 'Rockaway Beach Boulevard', 4); 
INSERT INTO location (house_number, street, district) VALUES (23, 'Rockaway Beach Boulevard', 4); 
INSERT INTO location (house_number, street, district) VALUES (24, 'Rockaway Beach Boulevard', 4); 
INSERT INTO location (house_number, street, district) VALUES (1, 'Rockaway Boulevard', 4); 
INSERT INTO location (house_number, street, district) VALUES (2, 'Rockaway Boulevard', 4); 
INSERT INTO location (house_number, street, district) VALUES (3, 'Rockaway Boulevard', 4); 
INSERT INTO location (house_number, street, district) VALUES (4, 'Rockaway Boulevard', 4); 
INSERT INTO location (house_number, street, district) VALUES (5, 'Rockaway Boulevard', 4); 
INSERT INTO location (house_number, street, district) VALUES (6, 'Rockaway Boulevard', 4); 
INSERT INTO location (house_number, street, district) VALUES (7, 'Rockaway Boulevard', 4); 
INSERT INTO location (house_number, street, district) VALUES (8, 'Rockaway Boulevard', 4); 
INSERT INTO location (house_number, street, district) VALUES (9, 'Rockaway Boulevard', 4); 
INSERT INTO location (house_number, street, district) VALUES (10, 'Rockaway Boulevard', 4); 
INSERT INTO location (house_number, street, district) VALUES (11, 'Rockaway Boulevard', 4); 
INSERT INTO location (house_number, street, district) VALUES (1, 'Rockaway Freeway', 4); 
INSERT INTO location (house_number, street, district) VALUES (1, 'Shore Front Parkway', 4); 
INSERT INTO location (house_number, street, district) VALUES (2, 'Shore Front Parkway', 4); 
INSERT INTO location (house_number, street, district) VALUES (3, 'Shore Front Parkway', 4); 
INSERT INTO location (house_number, street, district) VALUES (4, 'Shore Front Parkway', 4); 
INSERT INTO location (house_number, street, district) VALUES (1, 'Springfield Boulevard', 4); 
INSERT INTO location (house_number, street, district) VALUES (2, 'Springfield Boulevard', 4); 
INSERT INTO location (house_number, street, district) VALUES (3, 'Springfield Boulevard', 4); 
INSERT INTO location (house_number, street, district) VALUES (4, 'Springfield Boulevard', 4); 
INSERT INTO location (house_number, street, district) VALUES (5, 'Springfield Boulevard', 4); 
INSERT INTO location (house_number, street, district) VALUES (6, 'Springfield Boulevard', 4); 
INSERT INTO location (house_number, street, district) VALUES (1, 'Steinway Street', 4); 
INSERT INTO location (house_number, street, district) VALUES (2, 'Steinway Street', 4); 
INSERT INTO location (house_number, street, district) VALUES (3, 'Steinway Street', 4); 
INSERT INTO location (house_number, street, district) VALUES (4, 'Steinway Street', 4); 
INSERT INTO location (house_number, street, district) VALUES (5, 'Steinway Street', 4); 
INSERT INTO location (house_number, street, district) VALUES (6, 'Steinway Street', 4); 
INSERT INTO location (house_number, street, district) VALUES (7, 'Steinway Street', 4); 
INSERT INTO location (house_number, street, district) VALUES (8, 'Steinway Street', 4); 
INSERT INTO location (house_number, street, district) VALUES (9, 'Steinway Street', 4); 
INSERT INTO location (house_number, street, district) VALUES (10, 'Steinway Street', 4); 
INSERT INTO location (house_number, street, district) VALUES (11, 'Steinway Street', 4); 
INSERT INTO location (house_number, street, district) VALUES (12, 'Steinway Street', 4); 
INSERT INTO location (house_number, street, district) VALUES (13, 'Steinway Street', 4); 
INSERT INTO location (house_number, street, district) VALUES (14, 'Steinway Street', 4); 
INSERT INTO location (house_number, street, district) VALUES (15, 'Steinway Street', 4); 
INSERT INTO location (house_number, street, district) VALUES (16, 'Steinway Street', 4); 
INSERT INTO location (house_number, street, district) VALUES (17, 'Steinway Street', 4); 
INSERT INTO location (house_number, street, district) VALUES (18, 'Steinway Street', 4); 
INSERT INTO location (house_number, street, district) VALUES (19, 'Steinway Street', 4); 
INSERT INTO location (house_number, street, district) VALUES (20, 'Steinway Street', 4); 
INSERT INTO location (house_number, street, district) VALUES (1, 'Union Turnpike', 4); 
INSERT INTO location (house_number, street, district) VALUES (2, 'Union Turnpike', 4); 
INSERT INTO location (house_number, street, district) VALUES (3, 'Union Turnpike', 4); 
INSERT INTO location (house_number, street, district) VALUES (4, 'Union Turnpike', 4); 
INSERT INTO location (house_number, street, district) VALUES (5, 'Union Turnpike', 4); 
INSERT INTO location (house_number, street, district) VALUES (6, 'Union Turnpike', 4); 
INSERT INTO location (house_number, street, district) VALUES (7, 'Union Turnpike', 4); 
INSERT INTO location (house_number, street, district) VALUES (8, 'Union Turnpike', 4); 
INSERT INTO location (house_number, street, district) VALUES (9, 'Union Turnpike', 4); 
INSERT INTO location (house_number, street, district) VALUES (10, 'Union Turnpike', 4); 
INSERT INTO location (house_number, street, district) VALUES (11, 'Union Turnpike', 4); 
INSERT INTO location (house_number, street, district) VALUES (12, 'Union Turnpike', 4); 
INSERT INTO location (house_number, street, district) VALUES (13, 'Union Turnpike', 4); 
INSERT INTO location (house_number, street, district) VALUES (14, 'Union Turnpike', 4); 
INSERT INTO location (house_number, street, district) VALUES (15, 'Union Turnpike', 4); 
INSERT INTO location (house_number, street, district) VALUES (16, 'Union Turnpike', 4); 
INSERT INTO location (house_number, street, district) VALUES (17, 'Union Turnpike', 4); 
INSERT INTO location (house_number, street, district) VALUES (18, 'Union Turnpike', 4); 
INSERT INTO location (house_number, street, district) VALUES (19, 'Union Turnpike', 4); 
INSERT INTO location (house_number, street, district) VALUES (20, 'Union Turnpike', 4); 
INSERT INTO location (house_number, street, district) VALUES (21, 'Union Turnpike', 4); 
INSERT INTO location (house_number, street, district) VALUES (22, 'Union Turnpike', 4); 
INSERT INTO location (house_number, street, district) VALUES (23, 'Union Turnpike', 4); 
INSERT INTO location (house_number, street, district) VALUES (24, 'Union Turnpike', 4); 
INSERT INTO location (house_number, street, district) VALUES (25, 'Union Turnpike', 4); 
INSERT INTO location (house_number, street, district) VALUES (26, 'Union Turnpike', 4); 
INSERT INTO location (house_number, street, district) VALUES (27, 'Union Turnpike', 4); 
INSERT INTO location (house_number, street, district) VALUES (28, 'Union Turnpike', 4); 
INSERT INTO location (house_number, street, district) VALUES (29, 'Union Turnpike', 4); 
INSERT INTO location (house_number, street, district) VALUES (30, 'Union Turnpike', 4); 
INSERT INTO location (house_number, street, district) VALUES (31, 'Union Turnpike', 4); 
INSERT INTO location (house_number, street, district) VALUES (1, 'Utopia Parkway', 4); 
INSERT INTO location (house_number, street, district) VALUES (2, 'Utopia Parkway', 4); 
INSERT INTO location (house_number, street, district) VALUES (3, 'Utopia Parkway', 4); 
INSERT INTO location (house_number, street, district) VALUES (4, 'Utopia Parkway', 4); 
INSERT INTO location (house_number, street, district) VALUES (1, 'Woodhaven and Cross Bay Boulevards', 4); 
INSERT INTO location (house_number, street, district) VALUES (2, 'Woodhaven and Cross Bay Boulevards', 4); 
INSERT INTO location (house_number, street, district) VALUES (3, 'Woodhaven and Cross Bay Boulevards', 4); 
INSERT INTO location (house_number, street, district) VALUES (4, 'Woodhaven and Cross Bay Boulevards', 4); 
INSERT INTO location (house_number, street, district) VALUES (5, 'Woodhaven and Cross Bay Boulevards', 4); 
INSERT INTO location (house_number, street, district) VALUES (6, 'Woodhaven and Cross Bay Boulevards', 4); 
INSERT INTO location (house_number, street, district) VALUES (7, 'Woodhaven and Cross Bay Boulevards', 4); 
INSERT INTO location (house_number, street, district) VALUES (8, 'Woodhaven and Cross Bay Boulevards', 4); 
INSERT INTO location (house_number, street, district) VALUES (9, 'Woodhaven and Cross Bay Boulevards', 4); 
INSERT INTO location (house_number, street, district) VALUES (10, 'Woodhaven and Cross Bay Boulevards', 4); 
INSERT INTO location (house_number, street, district) VALUES (11, 'Woodhaven and Cross Bay Boulevards', 4); 
INSERT INTO location (house_number, street, district) VALUES (12, 'Woodhaven and Cross Bay Boulevards', 4); 
INSERT INTO location (house_number, street, district) VALUES (13, 'Woodhaven and Cross Bay Boulevards', 4); 
INSERT INTO location (house_number, street, district) VALUES (14, 'Woodhaven and Cross Bay Boulevards', 4); 
INSERT INTO location (house_number, street, district) VALUES (15, 'Woodhaven and Cross Bay Boulevards', 4); 
INSERT INTO location (house_number, street, district) VALUES (16, 'Woodhaven and Cross Bay Boulevards', 4); 
INSERT INTO location (house_number, street, district) VALUES (17, 'Woodhaven and Cross Bay Boulevards', 4); 
INSERT INTO location (house_number, street, district) VALUES (18, 'Woodhaven and Cross Bay Boulevards', 4); 
INSERT INTO location (house_number, street, district) VALUES (1, 'Amboy Road', 5); 
INSERT INTO location (house_number, street, district) VALUES (2, 'Amboy Road', 5); 
INSERT INTO location (house_number, street, district) VALUES (3, 'Amboy Road', 5); 
INSERT INTO location (house_number, street, district) VALUES (4, 'Amboy Road', 5); 
INSERT INTO location (house_number, street, district) VALUES (5, 'Amboy Road', 5); 
INSERT INTO location (house_number, street, district) VALUES (6, 'Amboy Road', 5); 
INSERT INTO location (house_number, street, district) VALUES (7, 'Amboy Road', 5); 
INSERT INTO location (house_number, street, district) VALUES (8, 'Amboy Road', 5); 
INSERT INTO location (house_number, street, district) VALUES (9, 'Amboy Road', 5); 
INSERT INTO location (house_number, street, district) VALUES (10, 'Amboy Road', 5); 
INSERT INTO location (house_number, street, district) VALUES (11, 'Amboy Road', 5); 
INSERT INTO location (house_number, street, district) VALUES (12, 'Amboy Road', 5); 
INSERT INTO location (house_number, street, district) VALUES (13, 'Amboy Road', 5); 
INSERT INTO location (house_number, street, district) VALUES (14, 'Amboy Road', 5); 
INSERT INTO location (house_number, street, district) VALUES (15, 'Amboy Road', 5); 
INSERT INTO location (house_number, street, district) VALUES (16, 'Amboy Road', 5); 
INSERT INTO location (house_number, street, district) VALUES (17, 'Amboy Road', 5); 
INSERT INTO location (house_number, street, district) VALUES (18, 'Amboy Road', 5); 
INSERT INTO location (house_number, street, district) VALUES (19, 'Amboy Road', 5); 
INSERT INTO location (house_number, street, district) VALUES (20, 'Amboy Road', 5); 
INSERT INTO location (house_number, street, district) VALUES (21, 'Amboy Road', 5); 
INSERT INTO location (house_number, street, district) VALUES (22, 'Amboy Road', 5); 
INSERT INTO location (house_number, street, district) VALUES (23, 'Amboy Road', 5); 
INSERT INTO location (house_number, street, district) VALUES (1, 'Arthur Kill Road', 5); 
INSERT INTO location (house_number, street, district) VALUES (2, 'Arthur Kill Road', 5); 
INSERT INTO location (house_number, street, district) VALUES (3, 'Arthur Kill Road', 5); 
INSERT INTO location (house_number, street, district) VALUES (4, 'Arthur Kill Road', 5); 
INSERT INTO location (house_number, street, district) VALUES (1, 'Father Capodanno Boulevard', 5); 
INSERT INTO location (house_number, street, district) VALUES (2, 'Father Capodanno Boulevard', 5); 
INSERT INTO location (house_number, street, district) VALUES (3, 'Father Capodanno Boulevard', 5); 
INSERT INTO location (house_number, street, district) VALUES (4, 'Father Capodanno Boulevard', 5); 
INSERT INTO location (house_number, street, district) VALUES (5, 'Father Capodanno Boulevard', 5); 
INSERT INTO location (house_number, street, district) VALUES (6, 'Father Capodanno Boulevard', 5); 
INSERT INTO location (house_number, street, district) VALUES (7, 'Father Capodanno Boulevard', 5); 
INSERT INTO location (house_number, street, district) VALUES (8, 'Father Capodanno Boulevard', 5); 
INSERT INTO location (house_number, street, district) VALUES (9, 'Father Capodanno Boulevard', 5); 
INSERT INTO location (house_number, street, district) VALUES (10, 'Father Capodanno Boulevard', 5); 
INSERT INTO location (house_number, street, district) VALUES (11, 'Father Capodanno Boulevard', 5); 
INSERT INTO location (house_number, street, district) VALUES (12, 'Father Capodanno Boulevard', 5); 
INSERT INTO location (house_number, street, district) VALUES (13, 'Father Capodanno Boulevard', 5); 
INSERT INTO location (house_number, street, district) VALUES (14, 'Father Capodanno Boulevard', 5); 
INSERT INTO location (house_number, street, district) VALUES (15, 'Father Capodanno Boulevard', 5); 
INSERT INTO location (house_number, street, district) VALUES (16, 'Father Capodanno Boulevard', 5); 
INSERT INTO location (house_number, street, district) VALUES (17, 'Father Capodanno Boulevard', 5); 
INSERT INTO location (house_number, street, district) VALUES (18, 'Father Capodanno Boulevard', 5); 
INSERT INTO location (house_number, street, district) VALUES (19, 'Father Capodanno Boulevard', 5); 
INSERT INTO location (house_number, street, district) VALUES (20, 'Father Capodanno Boulevard', 5); 
INSERT INTO location (house_number, street, district) VALUES (21, 'Father Capodanno Boulevard', 5); 
INSERT INTO location (house_number, street, district) VALUES (22, 'Father Capodanno Boulevard', 5); 
INSERT INTO location (house_number, street, district) VALUES (23, 'Father Capodanno Boulevard', 5); 
INSERT INTO location (house_number, street, district) VALUES (24, 'Father Capodanno Boulevard', 5); 
INSERT INTO location (house_number, street, district) VALUES (25, 'Father Capodanno Boulevard', 5); 
INSERT INTO location (house_number, street, district) VALUES (1, 'Hylan Boulevard', 5); 
INSERT INTO location (house_number, street, district) VALUES (2, 'Hylan Boulevard', 5); 
INSERT INTO location (house_number, street, district) VALUES (3, 'Hylan Boulevard', 5); 
INSERT INTO location (house_number, street, district) VALUES (4, 'Hylan Boulevard', 5); 
INSERT INTO location (house_number, street, district) VALUES (5, 'Hylan Boulevard', 5); 
INSERT INTO location (house_number, street, district) VALUES (6, 'Hylan Boulevard', 5); 
INSERT INTO location (house_number, street, district) VALUES (7, 'Hylan Boulevard', 5); 
INSERT INTO location (house_number, street, district) VALUES (8, 'Hylan Boulevard', 5); 
INSERT INTO location (house_number, street, district) VALUES (9, 'Hylan Boulevard', 5); 
INSERT INTO location (house_number, street, district) VALUES (1, 'Lily Pond Avenue', 5); 
INSERT INTO location (house_number, street, district) VALUES (2, 'Lily Pond Avenue', 5); 
INSERT INTO location (house_number, street, district) VALUES (3, 'Lily Pond Avenue', 5); 
INSERT INTO location (house_number, street, district) VALUES (4, 'Lily Pond Avenue', 5); 
INSERT INTO location (house_number, street, district) VALUES (5, 'Lily Pond Avenue', 5); 
INSERT INTO location (house_number, street, district) VALUES (6, 'Lily Pond Avenue', 5); 
INSERT INTO location (house_number, street, district) VALUES (7, 'Lily Pond Avenue', 5); 
INSERT INTO location (house_number, street, district) VALUES (8, 'Lily Pond Avenue', 5); 
INSERT INTO location (house_number, street, district) VALUES (9, 'Lily Pond Avenue', 5); 
INSERT INTO location (house_number, street, district) VALUES (10, 'Lily Pond Avenue', 5); 
INSERT INTO location (house_number, street, district) VALUES (11, 'Lily Pond Avenue', 5); 
INSERT INTO location (house_number, street, district) VALUES (12, 'Lily Pond Avenue', 5); 
INSERT INTO location (house_number, street, district) VALUES (13, 'Lily Pond Avenue', 5); 
INSERT INTO location (house_number, street, district) VALUES (14, 'Lily Pond Avenue', 5); 
INSERT INTO location (house_number, street, district) VALUES (15, 'Lily Pond Avenue', 5); 
INSERT INTO location (house_number, street, district) VALUES (16, 'Lily Pond Avenue', 5); 
INSERT INTO location (house_number, street, district) VALUES (17, 'Lily Pond Avenue', 5); 
INSERT INTO location (house_number, street, district) VALUES (18, 'Lily Pond Avenue', 5); 
INSERT INTO location (house_number, street, district) VALUES (19, 'Lily Pond Avenue', 5); 
INSERT INTO location (house_number, street, district) VALUES (20, 'Lily Pond Avenue', 5); 
INSERT INTO location (house_number, street, district) VALUES (21, 'Lily Pond Avenue', 5); 
INSERT INTO location (house_number, street, district) VALUES (22, 'Lily Pond Avenue', 5); 
INSERT INTO location (house_number, street, district) VALUES (23, 'Lily Pond Avenue', 5); 
INSERT INTO location (house_number, street, district) VALUES (24, 'Lily Pond Avenue', 5); 
INSERT INTO location (house_number, street, district) VALUES (25, 'Lily Pond Avenue', 5); 
INSERT INTO location (house_number, street, district) VALUES (26, 'Lily Pond Avenue', 5); 
INSERT INTO location (house_number, street, district) VALUES (1, 'Metropolitan Avenue', 5); 
INSERT INTO location (house_number, street, district) VALUES (2, 'Metropolitan Avenue', 5); 
INSERT INTO location (house_number, street, district) VALUES (3, 'Metropolitan Avenue', 5); 
INSERT INTO location (house_number, street, district) VALUES (4, 'Metropolitan Avenue', 5); 
INSERT INTO location (house_number, street, district) VALUES (1, 'Richmond Avenue', 5); 
INSERT INTO location (house_number, street, district) VALUES (2, 'Richmond Avenue', 5); 
INSERT INTO location (house_number, street, district) VALUES (3, 'Richmond Avenue', 5); 
INSERT INTO location (house_number, street, district) VALUES (4, 'Richmond Avenue', 5); 
INSERT INTO location (house_number, street, district) VALUES (5, 'Richmond Avenue', 5); 
INSERT INTO location (house_number, street, district) VALUES (6, 'Richmond Avenue', 5); 
INSERT INTO location (house_number, street, district) VALUES (7, 'Richmond Avenue', 5); 
INSERT INTO location (house_number, street, district) VALUES (8, 'Richmond Avenue', 5); 
INSERT INTO location (house_number, street, district) VALUES (9, 'Richmond Avenue', 5); 
INSERT INTO location (house_number, street, district) VALUES (10, 'Richmond Avenue', 5); 
INSERT INTO location (house_number, street, district) VALUES (1, 'Richmond Road', 5); 
INSERT INTO location (house_number, street, district) VALUES (2, 'Richmond Road', 5); 
INSERT INTO location (house_number, street, district) VALUES (3, 'Richmond Road', 5); 
INSERT INTO location (house_number, street, district) VALUES (4, 'Richmond Road', 5); 
INSERT INTO location (house_number, street, district) VALUES (5, 'Richmond Road', 5); 
INSERT INTO location (house_number, street, district) VALUES (6, 'Richmond Road', 5); 
INSERT INTO location (house_number, street, district) VALUES (7, 'Richmond Road', 5); 
INSERT INTO location (house_number, street, district) VALUES (8, 'Richmond Road', 5); 
INSERT INTO location (house_number, street, district) VALUES (9, 'Richmond Road', 5); 
INSERT INTO location (house_number, street, district) VALUES (10, 'Richmond Road', 5); 
INSERT INTO location (house_number, street, district) VALUES (11, 'Richmond Road', 5); 
INSERT INTO location (house_number, street, district) VALUES (12, 'Richmond Road', 5); 
INSERT INTO location (house_number, street, district) VALUES (13, 'Richmond Road', 5); 
INSERT INTO location (house_number, street, district) VALUES (14, 'Richmond Road', 5); 
INSERT INTO location (house_number, street, district) VALUES (15, 'Richmond Road', 5); 
INSERT INTO location (house_number, street, district) VALUES (16, 'Richmond Road', 5); 
INSERT INTO location (house_number, street, district) VALUES (17, 'Richmond Road', 5); 
INSERT INTO location (house_number, street, district) VALUES (1, 'Tompkins Avenue', 5); 
INSERT INTO location (house_number, street, district) VALUES (2, 'Tompkins Avenue', 5); 
INSERT INTO location (house_number, street, district) VALUES (3, 'Tompkins Avenue', 5); 
INSERT INTO location (house_number, street, district) VALUES (4, 'Tompkins Avenue', 5); 
INSERT INTO location (house_number, street, district) VALUES (5, 'Tompkins Avenue', 5); 
INSERT INTO location (house_number, street, district) VALUES (6, 'Tompkins Avenue', 5); 
INSERT INTO location (house_number, street, district) VALUES (7, 'Tompkins Avenue', 5); 
INSERT INTO location (house_number, street, district) VALUES (8, 'Tompkins Avenue', 5); 
INSERT INTO location (house_number, street, district) VALUES (9, 'Tompkins Avenue', 5); 
INSERT INTO location (house_number, street, district) VALUES (10, 'Tompkins Avenue', 5); 
INSERT INTO location (house_number, street, district) VALUES (11, 'Tompkins Avenue', 5); 
INSERT INTO location (house_number, street, district) VALUES (12, 'Tompkins Avenue', 5); 
INSERT INTO location (house_number, street, district) VALUES (13, 'Tompkins Avenue', 5); 
INSERT INTO location (house_number, street, district) VALUES (14, 'Tompkins Avenue', 5); 
INSERT INTO location (house_number, street, district) VALUES (15, 'Tompkins Avenue', 5); 
INSERT INTO location (house_number, street, district) VALUES (1, 'Vanderbilt Avenue', 5); 
INSERT INTO location (house_number, street, district) VALUES (2, 'Vanderbilt Avenue', 5); 
INSERT INTO location (house_number, street, district) VALUES (1, 'Victory Boulevard', 5); 
INSERT INTO location (house_number, street, district) VALUES (2, 'Victory Boulevard', 5); 
INSERT INTO location (house_number, street, district) VALUES (3, 'Victory Boulevard', 5); 
INSERT INTO location (house_number, street, district) VALUES (4, 'Victory Boulevard', 5); 
INSERT INTO location (house_number, street, district) VALUES (5, 'Victory Boulevard', 5); 
INSERT INTO location (house_number, street, district) VALUES (6, 'Victory Boulevard', 5); 
INSERT INTO location (house_number, street, district) VALUES (7, 'Victory Boulevard', 5); 
INSERT INTO location (house_number, street, district) VALUES (8, 'Victory Boulevard', 5); 
INSERT INTO location (house_number, street, district) VALUES (9, 'Victory Boulevard', 5); 
INSERT INTO location (house_number, street, district) VALUES (10, 'Victory Boulevard', 5); 
INSERT INTO location (house_number, street, district) VALUES (11, 'Victory Boulevard', 5); 
INSERT INTO location (house_number, street, district) VALUES (12, 'Victory Boulevard', 5); 
INSERT INTO location (house_number, street, district) VALUES (13, 'Victory Boulevard', 5); 
INSERT INTO location (house_number, street, district) VALUES (14, 'Victory Boulevard', 5); 
INSERT INTO location (house_number, street, district) VALUES (15, 'Victory Boulevard', 5); 
INSERT INTO location (house_number, street, district) VALUES (16, 'Victory Boulevard', 5); 
INSERT INTO location (house_number, street, district) VALUES (17, 'Victory Boulevard', 5); 

INSERT INTO police_station VALUES (1, 113827, '21:00:00', '08:00:00', 64); 
INSERT INTO police_station VALUES (2, 121456, '21:00:00', '08:00:00', 185); 
INSERT INTO police_station VALUES (3, 100879, '21:00:00', '08:00:00', 223); 
INSERT INTO police_station VALUES (4, 162451, '21:00:00', '08:00:00', 370); 
INSERT INTO police_station VALUES (5, 154501, '21:00:00', '08:00:00', 529); 
INSERT INTO police_station VALUES (6, 183067, '21:00:00', '08:00:00', 603); 
INSERT INTO police_station VALUES (7, 159370, '21:00:00', '08:00:00', 697); 
INSERT INTO police_station VALUES (8, 149579, '21:00:00', '08:00:00', 812); 
INSERT INTO police_station VALUES (9, 199623, '21:00:00', '08:00:00', 937); 
INSERT INTO police_station VALUES (10, 123135, '21:00:00', '08:00:00', 961); 
INSERT INTO police_station VALUES (11, 135341, '21:00:00', '08:00:00', 1066); 
INSERT INTO police_station VALUES (12, 187948, '21:00:00', '08:00:00', 1088); 
INSERT INTO police_station VALUES (13, 103736, '21:00:00', '08:00:00', 1268); 
INSERT INTO police_station VALUES (14, 110996, '21:00:00', '08:00:00', 1271); 
INSERT INTO police_station VALUES (15, 170798, '21:00:00', '08:00:00', 1479); 
INSERT INTO police_station VALUES (16, 159024, '21:00:00', '08:00:00', 1547); 
INSERT INTO police_station VALUES (17, 114945, '21:00:00', '08:00:00', 1728); 
INSERT INTO police_station VALUES (18, 128193, '21:00:00', '08:00:00', 1740); 
INSERT INTO police_station VALUES (19, 150521, '21:00:00', '08:00:00', 1875); 
INSERT INTO person VALUES (3333704429, 'Eugene', 'MALE', 'Lee', 777.0); 
INSERT INTO person VALUES (724403049, 'Sarah', 'FEMALE', 'Miller', 1009.0); 
INSERT INTO person VALUES (183872256, 'Megan', 'FEMALE', 'Thompson', 1893.0); 
INSERT INTO person VALUES (494672349, 'Sarah', 'FEMALE', 'Robertson', 140.0); 
INSERT INTO person VALUES (4185292384, 'Zachary', 'MALE', 'Moore', 282.0); 
INSERT INTO person VALUES (5816268787, 'Diana', 'FEMALE', 'Richards', 227.0); 
INSERT INTO person VALUES (6959059, 'Teresa', 'FEMALE', 'Harris', 246.0); 
INSERT INTO person VALUES (9778947057, 'Brittany', 'FEMALE', 'Bell', 1305.0); 
INSERT INTO person VALUES (7199686984, 'Evelyn', 'FEMALE', 'Watson', 876.0); 
INSERT INTO person VALUES (2764784075, 'Marilyn', 'FEMALE', 'Saunders', 1762.0); 
INSERT INTO person VALUES (6425603832, 'Edward', 'MALE', 'Walsh', 659.0); 
INSERT INTO person VALUES (2159810647, 'Noah', 'MALE', 'Reid', 543.0); 
INSERT INTO person VALUES (73276785, 'Joshua', 'MALE', 'Powell', 1147.0); 
INSERT INTO person VALUES (4146522622, 'Gabriel', 'MALE', 'Bell', 278.0); 
INSERT INTO person VALUES (6785484603, 'Alexander', 'MALE', 'Brown', 1273.0); 
INSERT INTO person VALUES (530370555, 'James', 'MALE', 'Campbell', 1828.0); 
INSERT INTO person VALUES (63856065, 'Tiffany', 'FEMALE', 'Ross', 1817.0); 
INSERT INTO person VALUES (3875659592, 'Joyce', 'FEMALE', 'Murphy', 573.0); 
INSERT INTO person VALUES (9908439459, 'Kelly', 'FEMALE', 'Griffiths', 377.0); 
INSERT INTO person VALUES (5044592212, 'Ashley', 'FEMALE', 'Jones', 671.0); 
INSERT INTO person VALUES (7363895549, 'Evelyn', 'FEMALE', 'Morgan', 1978.0); 
INSERT INTO person VALUES (7503175263, 'Thomas', 'MALE', 'Stewart', 601.0); 
INSERT INTO person VALUES (3605870625, 'Edward', 'MALE', 'Cooper', 1605.0); 
INSERT INTO person VALUES (9119537276, 'Ruth', 'FEMALE', 'Lloyd', 112.0); 
INSERT INTO person VALUES (7026762491, 'Christina', 'FEMALE', 'King', 27.0); 
INSERT INTO person VALUES (5830488339, 'Deborah', 'FEMALE', 'Thomas', 1101.0); 
INSERT INTO person VALUES (9217549468, 'Maria', 'FEMALE', 'Harrison', 714.0); 
INSERT INTO person VALUES (5061856944, 'Richard', 'MALE', 'Watson', 1757.0); 
INSERT INTO person VALUES (8884322403, 'Vincent', 'MALE', 'James', 912.0); 
INSERT INTO person VALUES (7837788363, 'Logan', 'MALE', 'Harris', 1138.0); 
INSERT INTO person VALUES (998857543, 'Keith', 'MALE', 'Phillips', 1566.0); 
INSERT INTO person VALUES (1447147767, 'Nancy', 'FEMALE', 'Davies', 39.0); 
INSERT INTO person VALUES (7978311937, 'Deborah', 'FEMALE', 'Walsh', 1681.0); 
INSERT INTO person VALUES (3330876702, 'Jane', 'FEMALE', 'Morris', 489.0); 
INSERT INTO person VALUES (1323984149, 'Billy', 'MALE', 'Clarke', 1684.0); 
INSERT INTO person VALUES (7638370564, 'Joe', 'MALE', 'Harris', 1268.0); 
INSERT INTO person VALUES (8819435914, 'Abigail', 'FEMALE', 'Robinson', 171.0); 
INSERT INTO person VALUES (914721879, 'Bruce', 'MALE', 'Rogers', 452.0); 
INSERT INTO person VALUES (7588842460, 'Ruth', 'FEMALE', 'Bennett', 276.0); 
INSERT INTO person VALUES (2503182427, 'Lisa', 'FEMALE', 'Lloyd', 675.0); 
INSERT INTO person VALUES (6874811190, 'Nancy', 'FEMALE', 'Smith', 1856.0); 
INSERT INTO person VALUES (5287187562, 'Harold', 'MALE', 'White', 816.0); 
INSERT INTO person VALUES (8898964157, 'Austin', 'MALE', 'Powell', 1526.0); 
INSERT INTO person VALUES (247337518, 'Catherine', 'FEMALE', 'Cox', 849.0); 
INSERT INTO person VALUES (8961156071, 'Eugene', 'MALE', 'Richards', 1927.0); 
INSERT INTO person VALUES (8867287, 'Peter', 'MALE', 'Rose', 1772.0); 
INSERT INTO person VALUES (1797336556, 'Maria', 'FEMALE', 'Rose', 1154.0); 
INSERT INTO person VALUES (6078274201, 'Maria', 'FEMALE', 'Hall', 854.0); 
INSERT INTO person VALUES (2828256174, 'Judy', 'FEMALE', 'Martin', 1535.0); 
INSERT INTO person VALUES (4494989073, 'Kenneth', 'MALE', 'Miller', 862.0); 
INSERT INTO person VALUES (9649456644, 'Harold', 'MALE', 'Green', 1540.0); 
INSERT INTO person VALUES (8352624295, 'Joshua', 'MALE', 'Shaw', 483.0); 
INSERT INTO person VALUES (7707426132, 'Jerry', 'MALE', 'Martin', 1432.0); 
INSERT INTO person VALUES (9291950343, 'Larry', 'MALE', 'Carter', 6.0); 
INSERT INTO person VALUES (2114792950, 'Walter', 'MALE', 'Harrison', 196.0); 
INSERT INTO person VALUES (1843654587, 'Robert', 'MALE', 'Smith', 1423.0); 
INSERT INTO person VALUES (5678781262, 'Sandra', 'FEMALE', 'Stewart', 805.0); 
INSERT INTO person VALUES (9605769105, 'Ralph', 'MALE', 'Holmes', 208.0); 
INSERT INTO person VALUES (8165369116, 'Diana', 'FEMALE', 'Williams', 1267.0); 
INSERT INTO person VALUES (8801581437, 'Ann', 'FEMALE', 'Butler', 1881.0); 
INSERT INTO person VALUES (8297134284, 'Rose', 'FEMALE', 'Taylor', 1753.0); 
INSERT INTO person VALUES (4232661170, 'Alice', 'FEMALE', 'Hughes', 376.0); 
INSERT INTO person VALUES (3729312064, 'Debra', 'FEMALE', 'Phillips', 1887.0); 
INSERT INTO person VALUES (575286224, 'Eric', 'MALE', 'Palmer', 1873.0); 
INSERT INTO person VALUES (4137239416, 'Heather', 'FEMALE', 'Cox', 1033.0); 
INSERT INTO person VALUES (5887591167, 'Debra', 'FEMALE', 'Richards', 1337.0); 
INSERT INTO person VALUES (3299943059, 'Stephen', 'MALE', 'Price', 563.0); 
INSERT INTO person VALUES (2741202524, 'Diane', 'FEMALE', 'Ross', 1740.0); 
INSERT INTO person VALUES (605919641, 'Olivia', 'FEMALE', 'Green', 1490.0); 
INSERT INTO person VALUES (8596567459, 'Jacqueline', 'FEMALE', 'Butler', 1519.0); 
INSERT INTO person VALUES (4574131525, 'Jacqueline', 'FEMALE', 'Wilson', 2017.0); 
INSERT INTO person VALUES (89945349, 'Mary', 'FEMALE', 'Marshall', 830.0); 
INSERT INTO person VALUES (7752332671, 'Mark', 'MALE', 'Kennedy', 285.0); 
INSERT INTO person VALUES (3677617574, 'Karen', 'FEMALE', 'Anderson', 1956.0); 
INSERT INTO person VALUES (6582179370, 'Christian', 'MALE', 'Roberts', 1162.0); 
INSERT INTO person VALUES (2618608420, 'Julia', 'FEMALE', 'Watson', 938.0); 
INSERT INTO person VALUES (2606257107, 'Heather', 'FEMALE', 'Hill', 1242.0); 
INSERT INTO person VALUES (1086506547, 'Cynthia', 'FEMALE', 'Harris', 850.0); 
INSERT INTO person VALUES (4601457626, 'Alice', 'FEMALE', 'Saunders', 1667.0); 
INSERT INTO person VALUES (331767391, 'Christina', 'FEMALE', 'Bailey', 187.0); 
INSERT INTO person VALUES (42812517, 'Hannah', 'FEMALE', 'Edwards', 1492.0); 
INSERT INTO person VALUES (5999675643, 'Larry', 'MALE', 'Davis', 951.0); 
INSERT INTO person VALUES (9678377613, 'Benjamin', 'MALE', 'Thomson', 804.0); 
INSERT INTO person VALUES (33495050, 'Jean', 'FEMALE', 'Moore', 1140.0); 
INSERT INTO person VALUES (156465647, 'Amber', 'FEMALE', 'Hunt', 1637.0); 
INSERT INTO person VALUES (2722450174, 'Karen', 'FEMALE', 'Bennett', 951.0); 
INSERT INTO person VALUES (655045389, 'Natalie', 'FEMALE', 'Campbell', 796.0); 
INSERT INTO person VALUES (9881619009, 'Eric', 'MALE', 'Richards', 941.0); 
INSERT INTO person VALUES (2697519686, 'Ethan', 'MALE', 'Morris', 296.0); 
INSERT INTO person VALUES (9282292704, 'Jack', 'MALE', 'Martin', 1034.0); 
INSERT INTO person VALUES (1396121140, 'Susan', 'FEMALE', 'Allen', 60.0); 
INSERT INTO person VALUES (6134232998, 'Richard', 'MALE', 'Miller', 1589.0); 
INSERT INTO person VALUES (6211534487, 'Olivia', 'FEMALE', 'Cooper', 921.0); 
INSERT INTO person VALUES (6360761693, 'Alexander', 'MALE', 'Parker', 294.0); 
INSERT INTO person VALUES (9949984246, 'Peter', 'MALE', 'James', 2037.0); 
INSERT INTO person VALUES (315109824, 'Lisa', 'FEMALE', 'James', 1730.0); 
INSERT INTO person VALUES (3234282895, 'Marie', 'FEMALE', 'Ellis', 1669.0); 
INSERT INTO person VALUES (3620875699, 'Hannah', 'FEMALE', 'Rose', 1878.0); 
INSERT INTO person VALUES (7258290102, 'Deborah', 'FEMALE', 'Lee', 1674.0); 
INSERT INTO person VALUES (287757210, 'Danielle', 'FEMALE', 'Clarke', 1247.0); 
INSERT INTO person VALUES (3132911772, 'Peter', 'MALE', 'Owen', 653.0); 
INSERT INTO person VALUES (4937779508, 'Marilyn', 'FEMALE', 'Scott', 1138.0); 
INSERT INTO person VALUES (2628396395, 'Donald', 'MALE', 'Roberts', 672.0); 
INSERT INTO person VALUES (7902107151, 'Lori', 'FEMALE', 'Cook', 1392.0); 
INSERT INTO person VALUES (973946064, 'Joseph', 'MALE', 'Jones', 602.0); 
INSERT INTO person VALUES (1532961156, 'Martha', 'FEMALE', 'Turner', 484.0); 
INSERT INTO person VALUES (7134934387, 'Beverly', 'FEMALE', 'Baker', 1135.0); 
INSERT INTO person VALUES (2145235072, 'Bryan', 'MALE', 'Walsh', 1722.0); 
INSERT INTO person VALUES (4189650228, 'Marie', 'FEMALE', 'Walker', 1979.0); 
INSERT INTO person VALUES (8601777527, 'Christina', 'FEMALE', 'Simpson', 563.0); 
INSERT INTO person VALUES (64794828, 'Paul', 'MALE', 'Reynolds', 594.0); 
INSERT INTO person VALUES (970467003, 'Mary', 'FEMALE', 'Rogers', 1251.0); 
INSERT INTO person VALUES (873643545, 'Patricia', 'FEMALE', 'Ellis', 1462.0); 
INSERT INTO person VALUES (6649711320, 'Sean', 'MALE', 'Hill', 1768.0); 
INSERT INTO person VALUES (895288515, 'Ashley', 'FEMALE', 'Rose', 324.0); 
INSERT INTO person VALUES (3630751150, 'Arthur', 'MALE', 'Lewis', 821.0); 
INSERT INTO person VALUES (2916554345, 'Martha', 'FEMALE', 'Cox', 8.0); 
INSERT INTO person VALUES (3448603412, 'Brandon', 'MALE', 'Williams', 547.0); 
INSERT INTO person VALUES (6744778090, 'Ethan', 'MALE', 'Hill', 583.0); 
INSERT INTO person VALUES (8286944639, 'Jean', 'FEMALE', 'Hall', 1292.0); 
INSERT INTO person VALUES (136892890, 'Jacob', 'MALE', 'Rogers', 103.0); 
INSERT INTO person VALUES (629382215, 'John', 'MALE', 'Cooper', 2006.0); 
INSERT INTO person VALUES (8994860515, 'Kathryn', 'FEMALE', 'Harrison', 1118.0); 
INSERT INTO person VALUES (673796884, 'Cheryl', 'FEMALE', 'Clarke', 1758.0); 
INSERT INTO person VALUES (1434223616, 'Ruth', 'FEMALE', 'Miller', 623.0); 
INSERT INTO person VALUES (7049545405, 'Gerald', 'MALE', 'Patel', 2026.0); 
INSERT INTO person VALUES (6566108792, 'Helen', 'FEMALE', 'Campbell', 1914.0); 
INSERT INTO person VALUES (9180897961, 'John', 'MALE', 'Hunter', 1253.0); 
INSERT INTO person VALUES (4847124701, 'Gabriel', 'MALE', 'Graham', 256.0); 
INSERT INTO person VALUES (4377339430, 'Olivia', 'FEMALE', 'Ross', 192.0); 
INSERT INTO person VALUES (1775376821, 'Madison', 'FEMALE', 'Walsh', 1617.0); 
INSERT INTO person VALUES (7117203493, 'Hannah', 'FEMALE', 'Thomas', 326.0); 
INSERT INTO person VALUES (1388136366, 'Jane', 'FEMALE', 'Ward', 897.0); 
INSERT INTO person VALUES (8462228514, 'Amanda', 'FEMALE', 'Bennett', 1488.0); 
INSERT INTO person VALUES (1077232901, 'Dylan', 'MALE', 'Kennedy', 1048.0); 
INSERT INTO person VALUES (1726947013, 'Alexander', 'MALE', 'Griffiths', 1805.0); 
INSERT INTO person VALUES (6739919069, 'Rebecca', 'FEMALE', 'Lloyd', 1558.0); 
INSERT INTO person VALUES (3582847395, 'Sarah', 'FEMALE', 'Saunders', 955.0); 
INSERT INTO person VALUES (5028415226, 'Ralph', 'MALE', 'Walsh', 1864.0); 
INSERT INTO person VALUES (8308806396, 'Walter', 'MALE', 'Patel', 553.0); 
INSERT INTO person VALUES (3623168702, 'Olivia', 'FEMALE', 'Butler', 1331.0); 
INSERT INTO person VALUES (2933590832, 'Diana', 'FEMALE', 'Lewis', 977.0); 
INSERT INTO person VALUES (7780846849, 'Katherine', 'FEMALE', 'Mitchell', 1046.0); 
INSERT INTO person VALUES (4795702887, 'Janet', 'FEMALE', 'Patel', 1541.0); 
INSERT INTO person VALUES (2251468163, 'Jason', 'MALE', 'Hunter', 1147.0); 
INSERT INTO person VALUES (8250307948, 'Jack', 'MALE', 'Kelly', 1839.0); 
INSERT INTO person VALUES (7789807900, 'Roy', 'MALE', 'Edwards', 1947.0); 
INSERT INTO person VALUES (3685579418, 'Theresa', 'FEMALE', 'Martin', 1764.0); 
INSERT INTO person VALUES (5232193111, 'Linda', 'FEMALE', 'Palmer', 279.0); 
INSERT INTO person VALUES (3970240785, 'Kathleen', 'FEMALE', 'Reynolds', 36.0); 
INSERT INTO person VALUES (2470129489, 'Christopher', 'MALE', 'Thomson', 364.0); 
INSERT INTO person VALUES (2295929299, 'Gregory', 'MALE', 'Reynolds', 264.0); 
INSERT INTO person VALUES (8898434476, 'Catherine', 'FEMALE', 'Allen', 258.0); 
INSERT INTO person VALUES (1941873951, 'Karen', 'FEMALE', 'Butler', 1057.0); 
INSERT INTO person VALUES (2104946538, 'Sean', 'MALE', 'Robinson', 358.0); 
INSERT INTO person VALUES (5704227064, 'Ryan', 'MALE', 'Harris', 439.0); 
INSERT INTO person VALUES (5111651243, 'Kevin', 'MALE', 'White', 1016.0); 
INSERT INTO person VALUES (7995746073, 'Edward', 'MALE', 'Jackson', 1913.0); 
INSERT INTO person VALUES (2466625925, 'Ralph', 'MALE', 'Fox', 1855.0); 
INSERT INTO person VALUES (433750133, 'Andrew', 'MALE', 'Thomson', 1217.0); 
INSERT INTO person VALUES (6287424274, 'Jerry', 'MALE', 'Rogers', 1651.0); 
INSERT INTO person VALUES (6102813757, 'Ryan', 'MALE', 'Parker', 1161.0); 
INSERT INTO person VALUES (1344971636, 'Hannah', 'FEMALE', 'Walsh', 1009.0); 
INSERT INTO person VALUES (4504273146, 'Shirley', 'FEMALE', 'Bailey', 1819.0); 
INSERT INTO person VALUES (1656245404, 'Lauren', 'FEMALE', 'Walker', 1194.0); 
INSERT INTO person VALUES (9261655102, 'Julie', 'FEMALE', 'Hughes', 1527.0); 
INSERT INTO person VALUES (1402700254, 'Olivia', 'FEMALE', 'Carter', 1656.0); 
INSERT INTO person VALUES (1304766217, 'Ronald', 'MALE', 'Clarke', 1324.0); 
INSERT INTO person VALUES (4522745768, 'Timothy', 'MALE', 'Robinson', 500.0); 
INSERT INTO person VALUES (8786652298, 'Eugene', 'MALE', 'Lee', 874.0); 
INSERT INTO person VALUES (667477952, 'Steven', 'MALE', 'Martin', 1069.0); 
INSERT INTO person VALUES (442534033, 'Anna', 'FEMALE', 'Adams', 1999.0); 
INSERT INTO person VALUES (8727143297, 'Mark', 'MALE', 'James', 251.0); 
INSERT INTO person VALUES (5240301675, 'Jerry', 'MALE', 'Scott', 793.0); 
INSERT INTO person VALUES (2346514247, 'Laura', 'FEMALE', 'Robertson', 1809.0); 
INSERT INTO person VALUES (8639194628, 'Megan', 'FEMALE', 'Campbell', 1890.0); 
INSERT INTO person VALUES (7389971554, 'Nathan', 'MALE', 'Owen', 500.0); 
INSERT INTO person VALUES (4874964574, 'James', 'MALE', 'Bell', 512.0); 
INSERT INTO person VALUES (7602818165, 'Paul', 'MALE', 'Hunter', 1706.0); 
INSERT INTO person VALUES (7632514829, 'Jacqueline', 'FEMALE', 'Griffiths', 1785.0); 
INSERT INTO person VALUES (8524340538, 'Terry', 'MALE', 'Butler', 1669.0); 
INSERT INTO person VALUES (5162693726, 'Sandra', 'FEMALE', 'Matthews', 1439.0); 
INSERT INTO person VALUES (8489739000, 'Brittany', 'FEMALE', 'Morris', 1181.0); 
INSERT INTO person VALUES (4021393797, 'Dorothy', 'FEMALE', 'Kelly', 1261.0); 
INSERT INTO person VALUES (20174839, 'Henry', 'MALE', 'Allen', 1721.0); 
INSERT INTO person VALUES (1739247335, 'Steven', 'MALE', 'Allen', 2030.0); 
INSERT INTO person VALUES (3287336778, 'Jerry', 'MALE', 'Moore', 615.0); 
INSERT INTO person VALUES (8049216726, 'Russell', 'MALE', 'Holmes', 1844.0); 
INSERT INTO person VALUES (249275476, 'Patrick', 'MALE', 'Collins', 1745.0); 
INSERT INTO person VALUES (691736890, 'Harold', 'MALE', 'Butler', 1545.0); 
INSERT INTO person VALUES (3177456586, 'Brian', 'MALE', 'Davies', 1402.0); 
INSERT INTO person VALUES (4401387698, 'Henry', 'MALE', 'Davis', 884.0); 
INSERT INTO person VALUES (4680158992, 'Catherine', 'FEMALE', 'Thomson', 1117.0); 
INSERT INTO person VALUES (6803544725, 'Dorothy', 'FEMALE', 'Martin', 1568.0); 
INSERT INTO person VALUES (7357116282, 'Christian', 'MALE', 'Davies', 1274.0); 
INSERT INTO person VALUES (828093849, 'Jordan', 'MALE', 'Matthews', 601.0); 
INSERT INTO person VALUES (3905440857, 'Christine', 'FEMALE', 'Ward', 1999.0); 
INSERT INTO person VALUES (4693673, 'Ethan', 'MALE', 'Cooper', 14.0); 
INSERT INTO person VALUES (3532958747, 'Jeffrey', 'MALE', 'Adams', 1771.0); 
INSERT INTO person VALUES (4229252406, 'David', 'MALE', 'Bennett', 1567.0); 
INSERT INTO person VALUES (576849947, 'Joshua', 'MALE', 'Bailey', 200.0); 
INSERT INTO person VALUES (5926753676, 'James', 'MALE', 'Ellis', 1436.0); 
INSERT INTO person VALUES (199267623, 'Rebecca', 'FEMALE', 'Robertson', 893.0); 
INSERT INTO person VALUES (3490147846, 'Joseph', 'MALE', 'Baker', 552.0); 
INSERT INTO person VALUES (8247586853, 'Andrew', 'MALE', 'Reynolds', 1164.0); 
INSERT INTO person VALUES (4721629012, 'David', 'MALE', 'Thomson', 1514.0); 
INSERT INTO person VALUES (4434399646, 'James', 'MALE', 'Reynolds', 447.0); 
INSERT INTO person VALUES (8013478297, 'Stephanie', 'FEMALE', 'Brown', 1994.0); 
INSERT INTO person VALUES (7742270994, 'Johnny', 'MALE', 'Cook', 572.0); 
INSERT INTO person VALUES (4084784833, 'Kathleen', 'FEMALE', 'Cox', 1674.0); 
INSERT INTO person VALUES (3136446999, 'Frances', 'FEMALE', 'Shaw', 1152.0); 
INSERT INTO person VALUES (5663398520, 'Lisa', 'FEMALE', 'Reid', 582.0); 
INSERT INTO person VALUES (34159993, 'Katherine', 'FEMALE', 'Khan', 804.0); 
INSERT INTO person VALUES (311643008, 'Roy', 'MALE', 'Rose', 626.0); 
INSERT INTO person VALUES (2100509713, 'Amber', 'FEMALE', 'Knight', 1410.0); 
INSERT INTO person VALUES (1645671178, 'Harold', 'MALE', 'Morgan', 1814.0); 
INSERT INTO person VALUES (9521169486, 'Brenda', 'FEMALE', 'Martin', 1222.0); 
INSERT INTO person VALUES (22624787, 'Lauren', 'FEMALE', 'Cooper', 1186.0); 
INSERT INTO person VALUES (9391131021, 'Christian', 'MALE', 'Fox', 652.0); 
INSERT INTO person VALUES (5706218783, 'Walter', 'MALE', 'Young', 1351.0); 
INSERT INTO person VALUES (7199872529, 'Angela', 'FEMALE', 'Carter', 1955.0); 
INSERT INTO person VALUES (7223941609, 'Rachel', 'FEMALE', 'Davies', 1984.0); 
INSERT INTO person VALUES (9043827626, 'Maria', 'FEMALE', 'Mason', 618.0); 
INSERT INTO person VALUES (3292205633, 'Russell', 'MALE', 'Reynolds', 1948.0); 
INSERT INTO person VALUES (1543214988, 'Debra', 'FEMALE', 'Morris', 1746.0); 
INSERT INTO person VALUES (7024635404, 'Amanda', 'FEMALE', 'Fox', 201.0); 
INSERT INTO person VALUES (1596232262, 'Betty', 'FEMALE', 'Bell', 1946.0); 
INSERT INTO person VALUES (1467272200, 'Frances', 'FEMALE', 'Cooper', 345.0); 
INSERT INTO person VALUES (6686346759, 'Austin', 'MALE', 'Marshall', 1310.0); 
INSERT INTO person VALUES (1225846030, 'Christine', 'FEMALE', 'Richardson', 1082.0); 
INSERT INTO person VALUES (4649157443, 'Jacob', 'MALE', 'Gray', 829.0); 
INSERT INTO person VALUES (7189693847, 'Jonathan', 'MALE', 'Lee', 1399.0); 
INSERT INTO person VALUES (9103738417, 'Douglas', 'MALE', 'Fox', 1919.0); 
INSERT INTO person VALUES (170436028, 'Brenda', 'FEMALE', 'Robertson', 413.0); 
INSERT INTO person VALUES (8593887236, 'Sara', 'FEMALE', 'Collins', 1243.0); 
INSERT INTO person VALUES (625341427, 'Gerald', 'MALE', 'Stewart', 591.0); 
INSERT INTO person VALUES (7374628852, 'Natalie', 'FEMALE', 'Patel', 65.0); 
INSERT INTO person VALUES (9528691675, 'Sarah', 'FEMALE', 'Morris', 1931.0); 
INSERT INTO person VALUES (8142207926, 'Christina', 'FEMALE', 'Owen', 997.0); 
INSERT INTO person VALUES (6148383214, 'Samuel', 'MALE', 'Davies', 539.0); 
INSERT INTO person VALUES (9526631680, 'Brenda', 'FEMALE', 'Clark', 773.0); 
INSERT INTO person VALUES (65044329, 'Nancy', 'FEMALE', 'Mitchell', 1667.0); 
INSERT INTO person VALUES (7205298827, 'Johnny', 'MALE', 'White', 822.0); 
INSERT INTO person VALUES (4909185801, 'Julia', 'FEMALE', 'Walsh', 430.0); 
INSERT INTO person VALUES (896816695, 'Walter', 'MALE', 'Shaw', 276.0); 
INSERT INTO person VALUES (1646217374, 'Sean', 'MALE', 'Matthews', 1313.0); 
INSERT INTO person VALUES (3188621092, 'Alexis', 'FEMALE', 'Turner', 509.0); 
INSERT INTO person VALUES (1101845991, 'Zachary', 'MALE', 'Cox', 975.0); 
INSERT INTO person VALUES (3058777359, 'Elizabeth', 'FEMALE', 'Rose', 903.0); 
INSERT INTO person VALUES (487801604, 'Jacob', 'MALE', 'Scott', 744.0); 
INSERT INTO person VALUES (6905365210, 'Jerry', 'MALE', 'Khan', 1008.0); 
INSERT INTO person VALUES (7035216384, 'Ann', 'FEMALE', 'Saunders', 1633.0); 
INSERT INTO person VALUES (799396295, 'Kyle', 'MALE', 'Harris', 813.0); 
INSERT INTO person VALUES (160995675, 'Paul', 'MALE', 'Bennett', 532.0); 
INSERT INTO person VALUES (5896847007, 'Ryan', 'MALE', 'Shaw', 1913.0); 
INSERT INTO person VALUES (8503574289, 'Albert', 'MALE', 'James', 753.0); 
INSERT INTO person VALUES (9869227973, 'James', 'MALE', 'Lewis', 1774.0); 
INSERT INTO person VALUES (4817738280, 'Philip', 'MALE', 'Jones', 302.0); 
INSERT INTO person VALUES (2216477287, 'Justin', 'MALE', 'Johnson', 514.0); 
INSERT INTO person VALUES (9402226720, 'Helen', 'FEMALE', 'Morgan', 190.0); 
INSERT INTO person VALUES (4519131276, 'Martha', 'FEMALE', 'Kennedy', 1436.0); 
INSERT INTO person VALUES (9107705014, 'Judy', 'FEMALE', 'Hughes', 1960.0); 
INSERT INTO person VALUES (479571874, 'Philip', 'MALE', 'Kelly', 389.0); 
INSERT INTO person VALUES (8912343682, 'Maria', 'FEMALE', 'Harris', 505.0); 
INSERT INTO person VALUES (8037404332, 'Randy', 'MALE', 'Phillips', 1015.0); 
INSERT INTO person VALUES (1334645421, 'Heather', 'FEMALE', 'Taylor', 1868.0); 
INSERT INTO person VALUES (8324316672, 'Carol', 'FEMALE', 'Morris', 1814.0); 
INSERT INTO person VALUES (2147667607, 'Eric', 'MALE', 'Walker', 103.0); 
INSERT INTO person VALUES (5756199989, 'Amy', 'FEMALE', 'Taylor', 1587.0); 
INSERT INTO person VALUES (170294506, 'Donna', 'FEMALE', 'Allen', 1264.0); 
INSERT INTO person VALUES (9332656424, 'Rachel', 'FEMALE', 'Robinson', 1769.0); 
INSERT INTO person VALUES (2563458704, 'Maria', 'FEMALE', 'Thompson', 1952.0); 
INSERT INTO person VALUES (9904832540, 'Kathleen', 'FEMALE', 'Phillips', 736.0); 
INSERT INTO person VALUES (27728022, 'Juan', 'MALE', 'Smith', 148.0); 
INSERT INTO person VALUES (7927736258, 'Jane', 'FEMALE', 'Davies', 351.0); 
INSERT INTO person VALUES (5818404158, 'Benjamin', 'MALE', 'Simpson', 1265.0); 
INSERT INTO person VALUES (5135724775, 'Hannah', 'FEMALE', 'Chapman', 1380.0); 
INSERT INTO person VALUES (9373342172, 'Ryan', 'MALE', 'Lloyd', 990.0); 
INSERT INTO person VALUES (6775791662, 'Betty', 'FEMALE', 'Anderson', 1223.0); 
INSERT INTO person VALUES (268243538, 'Sarah', 'FEMALE', 'Robinson', 1098.0); 
INSERT INTO person VALUES (6683189156, 'Wayne', 'MALE', 'Richardson', 100.0); 
INSERT INTO person VALUES (564325847, 'Eric', 'MALE', 'Thomson', 497.0); 
INSERT INTO person VALUES (982155399, 'Donald', 'MALE', 'Wilson', 146.0); 
INSERT INTO person VALUES (8818543421, 'Alexander', 'MALE', 'Graham', 729.0); 
INSERT INTO person VALUES (8041287913, 'Randy', 'MALE', 'King', 573.0); 
INSERT INTO person VALUES (9476157357, 'Andrew', 'MALE', 'Scott', 266.0); 
INSERT INTO person VALUES (8232328991, 'Dennis', 'MALE', 'Powell', 141.0); 
INSERT INTO person VALUES (442391154, 'Ann', 'FEMALE', 'Murray', 1421.0); 
INSERT INTO person VALUES (3703674053, 'Pamela', 'FEMALE', 'Murphy', 780.0); 
INSERT INTO person VALUES (3211997629, 'Maria', 'FEMALE', 'Ellis', 280.0); 
INSERT INTO person VALUES (2232351724, 'Christina', 'FEMALE', 'James', 950.0); 
INSERT INTO person VALUES (7360770862, 'Kelly', 'FEMALE', 'Richards', 279.0); 
INSERT INTO person VALUES (7792878777, 'Olivia', 'FEMALE', 'Morris', 1990.0); 
INSERT INTO person VALUES (5764428137, 'Austin', 'MALE', 'Shaw', 1605.0); 
INSERT INTO person VALUES (9098991739, 'Denise', 'FEMALE', 'Turner', 473.0); 
INSERT INTO person VALUES (560234189, 'Sarah', 'FEMALE', 'Adams', 1420.0); 
INSERT INTO person VALUES (1169980511, 'Carolyn', 'FEMALE', 'Lee', 1427.0); 
INSERT INTO person VALUES (1646994379, 'Eric', 'MALE', 'Russell', 1899.0); 
INSERT INTO person VALUES (6408581640, 'Sean', 'MALE', 'Moore', 535.0); 
INSERT INTO person VALUES (2451183965, 'Cynthia', 'FEMALE', 'Jackson', 1463.0); 
INSERT INTO person VALUES (8021966740, 'Kelly', 'FEMALE', 'Thompson', 1913.0); 
INSERT INTO person VALUES (5424464485, 'Terry', 'MALE', 'Richardson', 790.0); 
INSERT INTO person VALUES (51425127, 'Stephanie', 'FEMALE', 'Kelly', 2016.0); 
INSERT INTO person VALUES (4133650854, 'Gloria', 'FEMALE', 'Harris', 1216.0); 
INSERT INTO person VALUES (7824382064, 'Raymond', 'MALE', 'Wright', 643.0); 
INSERT INTO person VALUES (800997605, 'Ruth', 'FEMALE', 'Harrison', 1269.0); 
INSERT INTO person VALUES (8462611529, 'Philip', 'MALE', 'White', 1124.0); 
INSERT INTO person VALUES (1027861261, 'Cheryl', 'FEMALE', 'Anderson', 361.0); 
INSERT INTO person VALUES (9644355, 'Donna', 'FEMALE', 'Wood', 1445.0); 
INSERT INTO person VALUES (3208337987, 'Jacqueline', 'FEMALE', 'Walsh', 1856.0); 
INSERT INTO person VALUES (8064791714, 'Ashley', 'FEMALE', 'Ellis', 64.0); 
INSERT INTO person VALUES (5660169139, 'Marilyn', 'FEMALE', 'Martin', 1965.0); 
INSERT INTO person VALUES (7401705647, 'Theresa', 'FEMALE', 'Knight', 1923.0); 
INSERT INTO person VALUES (3554928219, 'Logan', 'MALE', 'Carter', 125.0); 
INSERT INTO person VALUES (9999491690, 'Steven', 'MALE', 'Rose', 1319.0); 
INSERT INTO person VALUES (768655035, 'Kathryn', 'FEMALE', 'Bennett', 1026.0); 
INSERT INTO person VALUES (6688535340, 'Diana', 'FEMALE', 'Khan', 2000.0); 
INSERT INTO person VALUES (8579468883, 'Rose', 'FEMALE', 'Graham', 1705.0); 
INSERT INTO person VALUES (4883869338, 'Timothy', 'MALE', 'Clark', 1772.0); 
INSERT INTO person VALUES (838882605, 'Christian', 'MALE', 'Kelly', 925.0); 
INSERT INTO person VALUES (226210553, 'Paul', 'MALE', 'Kennedy', 269.0); 
INSERT INTO person VALUES (182241909, 'Eric', 'MALE', 'Walker', 1265.0); 
INSERT INTO person VALUES (509555040, 'Julia', 'FEMALE', 'Harris', 292.0); 
INSERT INTO person VALUES (687946018, 'Bruce', 'MALE', 'Johnson', 1694.0); 
INSERT INTO person VALUES (5145211903, 'Noah', 'MALE', 'Kelly', 1562.0); 
INSERT INTO person VALUES (2022461216, 'Juan', 'MALE', 'Davies', 1683.0); 
INSERT INTO person VALUES (7228358591, 'Karen', 'FEMALE', 'Stevens', 501.0); 
INSERT INTO person VALUES (887941043, 'Virginia', 'FEMALE', 'Lee', 1870.0); 
INSERT INTO person VALUES (4892642756, 'Carol', 'FEMALE', 'King', 64.0); 
INSERT INTO person VALUES (667216757, 'Deborah', 'FEMALE', 'Palmer', 1419.0); 
INSERT INTO person VALUES (7056172624, 'Ashley', 'FEMALE', 'Brown', 686.0); 
INSERT INTO person VALUES (2058348332, 'Joan', 'FEMALE', 'Cook', 263.0); 
INSERT INTO person VALUES (6795515936, 'Nicole', 'FEMALE', 'Morgan', 778.0); 
INSERT INTO person VALUES (742236869, 'Jose', 'MALE', 'Marshall', 1888.0); 
INSERT INTO person VALUES (5460356868, 'Harry', 'MALE', 'Rose', 958.0); 
INSERT INTO person VALUES (8644229273, 'Olivia', 'FEMALE', 'Palmer', 1852.0); 
INSERT INTO person VALUES (7345984117, 'Beverly', 'FEMALE', 'Taylor', 24.0); 
INSERT INTO person VALUES (8455708892, 'Steven', 'MALE', 'Lewis', 1072.0); 
INSERT INTO person VALUES (9249247949, 'Anna', 'FEMALE', 'Saunders', 1279.0); 
INSERT INTO person VALUES (6746602977, 'Joe', 'MALE', 'Stevens', 677.0); 
INSERT INTO person VALUES (801428615, 'Deborah', 'FEMALE', 'Hill', 1883.0); 
INSERT INTO person VALUES (6412769273, 'William', 'MALE', 'Price', 1849.0); 
INSERT INTO person VALUES (9993205994, 'Natalie', 'FEMALE', 'Lloyd', 740.0); 
INSERT INTO person VALUES (1614897385, 'Donald', 'MALE', 'Lee', 1542.0); 
INSERT INTO person VALUES (7296665998, 'Margaret', 'FEMALE', 'Edwards', 1977.0); 
INSERT INTO person VALUES (34881951, 'Amber', 'FEMALE', 'Richardson', 2036.0); 
INSERT INTO person VALUES (26782184, 'Patrick', 'MALE', 'Mason', 1582.0); 
INSERT INTO person VALUES (2523148124, 'Bobby', 'MALE', 'King', 392.0); 
INSERT INTO person VALUES (3717782922, 'Lisa', 'FEMALE', 'Cooper', 296.0); 
INSERT INTO person VALUES (193967570, 'Roger', 'MALE', 'Morris', 1114.0); 
INSERT INTO person VALUES (7194170501, 'Amy', 'FEMALE', 'Moore', 1721.0); 
INSERT INTO person VALUES (7556655671, 'Benjamin', 'MALE', 'Powell', 1198.0); 
INSERT INTO person VALUES (4332266833, 'Austin', 'MALE', 'Hughes', 687.0); 
INSERT INTO person VALUES (1128426135, 'Philip', 'MALE', 'Owen', 883.0); 
INSERT INTO person VALUES (524392248, 'Daniel', 'MALE', 'Price', 233.0); 
INSERT INTO person VALUES (7424104528, 'Laura', 'FEMALE', 'Ellis', 772.0); 
INSERT INTO person VALUES (8374163638, 'Dennis', 'MALE', 'Reynolds', 1931.0); 
INSERT INTO person VALUES (2707512002, 'Victoria', 'FEMALE', 'Graham', 1943.0); 
INSERT INTO person VALUES (9035653544, 'Patrick', 'MALE', 'Price', 735.0); 
INSERT INTO person VALUES (6219197566, 'Kyle', 'MALE', 'Saunders', 1912.0); 
INSERT INTO person VALUES (8601963178, 'Kyle', 'MALE', 'Hughes', 268.0); 
INSERT INTO person VALUES (5748672630, 'Nathan', 'MALE', 'Mason', 1081.0); 
INSERT INTO person VALUES (7572513827, 'Adam', 'MALE', 'Richards', 169.0); 
INSERT INTO person VALUES (7730664303, 'William', 'MALE', 'Gray', 1189.0); 
INSERT INTO person VALUES (8215789330, 'Patricia', 'FEMALE', 'Collins', 1738.0); 
INSERT INTO person VALUES (9160691320, 'Rachel', 'FEMALE', 'Turner', 515.0); 
INSERT INTO person VALUES (3254907520, 'Katherine', 'FEMALE', 'Bell', 1394.0); 
INSERT INTO person VALUES (869963848, 'Eric', 'MALE', 'Moore', 1749.0); 
INSERT INTO person VALUES (3464253762, 'Patricia', 'FEMALE', 'Jones', 1149.0); 
INSERT INTO person VALUES (6551779197, 'Doris', 'FEMALE', 'Bennett', 1929.0); 
INSERT INTO person VALUES (2738671346, 'Alan', 'MALE', 'Murray', 1431.0); 
INSERT INTO person VALUES (6630121371, 'Daniel', 'MALE', 'Bailey', 1348.0); 
INSERT INTO person VALUES (573320862, 'Pamela', 'FEMALE', 'Wilkinson', 413.0); 
INSERT INTO person VALUES (2318542988, 'Natalie', 'FEMALE', 'Young', 479.0); 
INSERT INTO person VALUES (3282446401, 'Ralph', 'MALE', 'Lewis', 1577.0); 
INSERT INTO person VALUES (1980911396, 'Jack', 'MALE', 'Ross', 1337.0); 
INSERT INTO person VALUES (9996726090, 'Noah', 'MALE', 'Gray', 41.0); 
INSERT INTO person VALUES (7498612684, 'Terry', 'MALE', 'Reynolds', 413.0); 
INSERT INTO person VALUES (8579646924, 'Alice', 'FEMALE', 'Owen', 1717.0); 
INSERT INTO person VALUES (315631855, 'Gregory', 'MALE', 'Shaw', 141.0); 
INSERT INTO person VALUES (6124390962, 'Pamela', 'FEMALE', 'Thomson', 1949.0); 
INSERT INTO person VALUES (8518846959, 'Randy', 'MALE', 'Hill', 1567.0); 
INSERT INTO person VALUES (9690616823, 'Brenda', 'FEMALE', 'Knight', 1498.0); 
INSERT INTO person VALUES (1912999785, 'Dennis', 'MALE', 'Evans', 1350.0); 
INSERT INTO person VALUES (5708885115, 'Jeffrey', 'MALE', 'Reid', 978.0); 
INSERT INTO person VALUES (3832324266, 'Robert', 'MALE', 'Powell', 1827.0); 
INSERT INTO person VALUES (9948630352, 'Michelle', 'FEMALE', 'Davis', 842.0); 
INSERT INTO person VALUES (3435242688, 'Kevin', 'MALE', 'Chapman', 257.0); 
INSERT INTO person VALUES (9813299381, 'Charles', 'MALE', 'Reid', 555.0); 
INSERT INTO person VALUES (4422773815, 'Katherine', 'FEMALE', 'Evans', 179.0); 
INSERT INTO person VALUES (742734956, 'Patricia', 'FEMALE', 'White', 154.0); 
INSERT INTO person VALUES (3894258992, 'Jeffrey', 'MALE', 'James', 1375.0); 
INSERT INTO person VALUES (2393313509, 'Doris', 'FEMALE', 'Bennett', 1306.0); 
INSERT INTO person VALUES (4109703176, 'Karen', 'FEMALE', 'Chapman', 791.0); 
INSERT INTO person VALUES (4967882119, 'Julie', 'FEMALE', 'Johnson', 1683.0); 
INSERT INTO person VALUES (8848776739, 'Lori', 'FEMALE', 'Brown', 1750.0); 
INSERT INTO person VALUES (9950768169, 'Bryan', 'MALE', 'Morris', 691.0); 
INSERT INTO person VALUES (4707238041, 'Jonathan', 'MALE', 'Simpson', 568.0); 
INSERT INTO person VALUES (5587846193, 'Lauren', 'FEMALE', 'Wood', 1582.0); 
INSERT INTO person VALUES (1123551500, 'James', 'MALE', 'Kelly', 1968.0); 
INSERT INTO person VALUES (455683079, 'Christina', 'FEMALE', 'Jones', 680.0); 
INSERT INTO person VALUES (9213604720, 'Carolyn', 'FEMALE', 'Walker', 963.0); 
INSERT INTO person VALUES (63191512, 'Mark', 'MALE', 'Butler', 688.0); 
INSERT INTO person VALUES (8157812720, 'Sharon', 'FEMALE', 'Reid', 932.0); 
INSERT INTO person VALUES (3552901602, 'Judy', 'FEMALE', 'Edwards', 135.0); 
INSERT INTO person VALUES (3373257224, 'Albert', 'MALE', 'Robertson', 1082.0); 
INSERT INTO person VALUES (898014681, 'Scott', 'MALE', 'Harrison', 1804.0); 
INSERT INTO person VALUES (4310392083, 'Thomas', 'MALE', 'Butler', 7.0); 
INSERT INTO person VALUES (9621386841, 'Kevin', 'MALE', 'Walsh', 18.0); 
INSERT INTO person VALUES (2272878351, 'Joan', 'FEMALE', 'Hall', 1403.0); 
INSERT INTO person VALUES (8281461840, 'Emily', 'FEMALE', 'Hill', 341.0); 
INSERT INTO person VALUES (3171248165, 'Ann', 'FEMALE', 'Hill', 1263.0); 
INSERT INTO person VALUES (7382945293, 'Jack', 'MALE', 'Shaw', 1267.0); 
INSERT INTO person VALUES (3887867948, 'Juan', 'MALE', 'Johnson', 21.0); 
INSERT INTO person VALUES (326099730, 'Denise', 'FEMALE', 'Davis', 1349.0); 
INSERT INTO person VALUES (8489438550, 'Diane', 'FEMALE', 'Evans', 591.0); 
INSERT INTO person VALUES (8416811295, 'Ralph', 'MALE', 'Allen', 706.0); 
INSERT INTO person VALUES (5940471588, 'Christina', 'FEMALE', 'Miller', 533.0); 
INSERT INTO person VALUES (1947104794, 'Kevin', 'MALE', 'Carter', 932.0); 
INSERT INTO person VALUES (32583756, 'Bruce', 'MALE', 'Green', 562.0); 
INSERT INTO person VALUES (223189013, 'Frances', 'FEMALE', 'Stewart', 1934.0); 
INSERT INTO person VALUES (5838399178, 'Christine', 'FEMALE', 'Rogers', 863.0); 
INSERT INTO person VALUES (7858226134, 'Lori', 'FEMALE', 'Moore', 959.0); 
INSERT INTO person VALUES (2409516722, 'Sharon', 'FEMALE', 'Robinson', 1893.0); 
INSERT INTO person VALUES (7276518430, 'Larry', 'MALE', 'Turner', 605.0); 
INSERT INTO person VALUES (5980635555, 'Alexis', 'FEMALE', 'Brown', 1777.0); 
INSERT INTO person VALUES (5071575976, 'Joshua', 'MALE', 'Brown', 971.0); 
INSERT INTO person VALUES (667117282, 'Heather', 'FEMALE', 'Mitchell', 1009.0); 
INSERT INTO person VALUES (1718407763, 'Eugene', 'MALE', 'Jackson', 1459.0); 
INSERT INTO person VALUES (8310153907, 'Wayne', 'MALE', 'Shaw', 1211.0); 
INSERT INTO person VALUES (3495205429, 'Danielle', 'FEMALE', 'Carter', 1912.0); 
INSERT INTO person VALUES (6332292948, 'Nancy', 'FEMALE', 'Robertson', 1751.0); 
INSERT INTO person VALUES (2688856989, 'Ralph', 'MALE', 'Palmer', 206.0); 
INSERT INTO person VALUES (2599407926, 'Helen', 'FEMALE', 'Green', 1421.0); 
INSERT INTO person VALUES (3616633647, 'Kathryn', 'FEMALE', 'Hill', 1356.0); 
INSERT INTO person VALUES (1504685517, 'Dorothy', 'FEMALE', 'Robinson', 1166.0); 
INSERT INTO person VALUES (4237585610, 'Kathleen', 'FEMALE', 'Stewart', 729.0); 
INSERT INTO person VALUES (2664799841, 'Joan', 'FEMALE', 'Harris', 1348.0); 
INSERT INTO person VALUES (351715123, 'Ashley', 'FEMALE', 'Adams', 195.0); 
INSERT INTO person VALUES (6549957403, 'Jason', 'MALE', 'Green', 1782.0); 
INSERT INTO person VALUES (2243772523, 'Natalie', 'FEMALE', 'Adams', 183.0); 
INSERT INTO person VALUES (3475799060, 'Larry', 'MALE', 'Miller', 940.0); 
INSERT INTO person VALUES (6069552696, 'Olivia', 'FEMALE', 'Turner', 778.0); 
INSERT INTO person VALUES (9008442275, 'Rachel', 'FEMALE', 'Lee', 1165.0); 
INSERT INTO person VALUES (9206316846, 'Brittany', 'FEMALE', 'Bell', 294.0); 
INSERT INTO person VALUES (992519921, 'Donna', 'FEMALE', 'Saunders', 1442.0); 
INSERT INTO person VALUES (82192928, 'Alexis', 'FEMALE', 'Reid', 1055.0); 
INSERT INTO person VALUES (7448531487, 'Sarah', 'FEMALE', 'Parker', 1674.0); 
INSERT INTO person VALUES (2973835769, 'Ethan', 'MALE', 'Jackson', 635.0); 
INSERT INTO person VALUES (4930357093, 'Jean', 'FEMALE', 'Mitchell', 851.0); 
INSERT INTO person VALUES (3354575895, 'Judith', 'FEMALE', 'Robinson', 969.0); 
INSERT INTO person VALUES (4103410960, 'Gregory', 'MALE', 'Murray', 1736.0); 
INSERT INTO person VALUES (1228528971, 'Victoria', 'FEMALE', 'Robertson', 903.0); 
INSERT INTO person VALUES (469223449, 'Christine', 'FEMALE', 'Stevens', 1842.0); 
INSERT INTO person VALUES (4621153024, 'Keith', 'MALE', 'Bailey', 1346.0); 
INSERT INTO person VALUES (4445662582, 'Daniel', 'MALE', 'Marshall', 1292.0); 
INSERT INTO person VALUES (7874758886, 'Justin', 'MALE', 'Chapman', 592.0); 
INSERT INTO person VALUES (17937794, 'Jesse', 'MALE', 'Brown', 1002.0); 
INSERT INTO person VALUES (4144334435, 'Ryan', 'MALE', 'Johnson', 65.0); 
INSERT INTO person VALUES (62799859, 'Gerald', 'MALE', 'Clarke', 666.0); 
INSERT INTO person VALUES (8301822057, 'Michelle', 'FEMALE', 'Matthews', 1247.0); 
INSERT INTO person VALUES (6206368598, 'Scott', 'MALE', 'Kennedy', 1048.0); 
INSERT INTO person VALUES (3823481396, 'Juan', 'MALE', 'Palmer', 1890.0); 
INSERT INTO person VALUES (359719460, 'Scott', 'MALE', 'Hall', 182.0); 
INSERT INTO person VALUES (7970919069, 'Michael', 'MALE', 'Hunter', 958.0); 
INSERT INTO person VALUES (6122554933, 'John', 'MALE', 'Simpson', 78.0); 
INSERT INTO person VALUES (3605319806, 'Joshua', 'MALE', 'Davies', 1893.0); 
INSERT INTO person VALUES (929318478, 'Timothy', 'MALE', 'Griffiths', 1033.0); 
INSERT INTO person VALUES (2727769001, 'Paul', 'MALE', 'Shaw', 388.0); 
INSERT INTO person VALUES (7955197102, 'Kathryn', 'FEMALE', 'Bailey', 678.0); 
INSERT INTO person VALUES (6250917255, 'Jessica', 'FEMALE', 'Johnson', 339.0); 
INSERT INTO person VALUES (6221651614, 'Dorothy', 'FEMALE', 'Morgan', 886.0); 
INSERT INTO person VALUES (9837659084, 'Victoria', 'FEMALE', 'Griffiths', 277.0); 
INSERT INTO person VALUES (2599636978, 'Doris', 'FEMALE', 'Williams', 1869.0); 
INSERT INTO person VALUES (6054739033, 'Gerald', 'MALE', 'Bell', 62.0); 
INSERT INTO person VALUES (44983193, 'Julie', 'FEMALE', 'Matthews', 1130.0); 
INSERT INTO person VALUES (5828971222, 'Karen', 'FEMALE', 'Lee', 652.0); 
INSERT INTO person VALUES (3207431888, 'Louis', 'MALE', 'Walsh', 776.0); 
INSERT INTO person VALUES (5497977595, 'Denise', 'FEMALE', 'Shaw', 1255.0); 
INSERT INTO person VALUES (9345925801, 'Amber', 'FEMALE', 'Collins', 552.0); 
INSERT INTO person VALUES (929384252, 'Karen', 'FEMALE', 'Carter', 1782.0); 
INSERT INTO person VALUES (579865868, 'Karen', 'FEMALE', 'Kelly', 1700.0); 
INSERT INTO person VALUES (4560335305, 'Keith', 'MALE', 'Green', 368.0); 
INSERT INTO person VALUES (740150509, 'Ryan', 'MALE', 'Rose', 1865.0); 
INSERT INTO person VALUES (12014315, 'Dorothy', 'FEMALE', 'Butler', 1147.0); 
INSERT INTO person VALUES (1960738451, 'Aaron', 'MALE', 'Cooper', 1956.0); 
INSERT INTO person VALUES (9650831908, 'Madison', 'FEMALE', 'Wood', 1030.0); 
INSERT INTO person VALUES (5295903080, 'Sean', 'MALE', 'Parker', 721.0); 
INSERT INTO person VALUES (7628725409, 'Jerry', 'MALE', 'Robertson', 1750.0); 
INSERT INTO person VALUES (820723670, 'Ralph', 'MALE', 'Chapman', 374.0); 
INSERT INTO person VALUES (29846030, 'Nicole', 'FEMALE', 'Palmer', 628.0); 
INSERT INTO person VALUES (3785766188, 'Deborah', 'FEMALE', 'Reid', 517.0); 
INSERT INTO person VALUES (5069718200, 'Christian', 'MALE', 'Cox', 1123.0); 
INSERT INTO person VALUES (846500732, 'Elizabeth', 'FEMALE', 'Harris', 768.0); 
INSERT INTO person VALUES (864384084, 'Brittany', 'FEMALE', 'Martin', 1705.0); 
INSERT INTO person VALUES (6258269616, 'Carol', 'FEMALE', 'Powell', 385.0); 
INSERT INTO person VALUES (3367287375, 'Amanda', 'FEMALE', 'Khan', 1081.0); 
INSERT INTO person VALUES (6168122890, 'Joan', 'FEMALE', 'Jackson', 1672.0); 
INSERT INTO person VALUES (8467300346, 'Emma', 'FEMALE', 'Stewart', 597.0); 
INSERT INTO person VALUES (864068553, 'Andrea', 'FEMALE', 'Simpson', 1532.0); 
INSERT INTO person VALUES (5068326298, 'Maria', 'FEMALE', 'Anderson', 284.0); 
INSERT INTO person VALUES (8220712301, 'Frances', 'FEMALE', 'Morgan', 1931.0); 
INSERT INTO person VALUES (9514568537, 'Ann', 'FEMALE', 'Walsh', 99.0); 
INSERT INTO person VALUES (2125184537, 'Joan', 'FEMALE', 'Chapman', 1184.0); 
INSERT INTO person VALUES (6740752470, 'Jack', 'MALE', 'Griffiths', 938.0); 
INSERT INTO person VALUES (6304546214, 'Lawrence', 'MALE', 'Stewart', 958.0); 
INSERT INTO person VALUES (4877128116, 'Hannah', 'FEMALE', 'Ellis', 907.0); 
INSERT INTO person VALUES (8094234227, 'Tiffany', 'FEMALE', 'Adams', 2036.0); 
INSERT INTO person VALUES (757528261, 'Jeremy', 'MALE', 'Simpson', 2023.0); 
INSERT INTO person VALUES (5415533611, 'Rose', 'FEMALE', 'Ward', 136.0); 
INSERT INTO person VALUES (1294617583, 'Ashley', 'FEMALE', 'Thompson', 1192.0); 
INSERT INTO person VALUES (2445658134, 'Samantha', 'FEMALE', 'White', 1046.0); 
INSERT INTO person VALUES (1949358599, 'Philip', 'MALE', 'Wright', 902.0); 
INSERT INTO person VALUES (9938971471, 'Pamela', 'FEMALE', 'Richards', 1558.0); 
INSERT INTO person VALUES (224262445, 'Cheryl', 'FEMALE', 'Rogers', 1433.0); 
INSERT INTO person VALUES (8365704596, 'Edward', 'MALE', 'Matthews', 65.0); 
INSERT INTO person VALUES (7338460800, 'Victoria', 'FEMALE', 'King', 1556.0); 
INSERT INTO person VALUES (1871316110, 'Natalie', 'FEMALE', 'Chapman', 997.0); 
INSERT INTO person VALUES (3816507100, 'Shirley', 'FEMALE', 'Robinson', 1162.0); 
INSERT INTO person VALUES (5805323664, 'Gerald', 'MALE', 'Allen', 58.0); 
INSERT INTO person VALUES (650621438, 'Brian', 'MALE', 'Martin', 269.0); 
INSERT INTO person VALUES (48477594, 'John', 'MALE', 'Thompson', 139.0); 
INSERT INTO person VALUES (3544467742, 'Martha', 'FEMALE', 'Marshall', 1892.0); 
INSERT INTO person VALUES (9218181289, 'Tyler', 'MALE', 'Thomson', 556.0); 
INSERT INTO person VALUES (599081117, 'Janice', 'FEMALE', 'Khan', 659.0); 
INSERT INTO person VALUES (4310144000, 'Edward', 'MALE', 'Lewis', 169.0); 
INSERT INTO person VALUES (718537501, 'Victoria', 'FEMALE', 'Gray', 234.0); 
INSERT INTO person VALUES (2458716060, 'Amy', 'FEMALE', 'Matthews', 1996.0); 
INSERT INTO person VALUES (3536620264, 'Cynthia', 'FEMALE', 'Mitchell', 1570.0); 
INSERT INTO person VALUES (2320717362, 'Robert', 'MALE', 'White', 1202.0); 
INSERT INTO person VALUES (9269335365, 'Kelly', 'FEMALE', 'Reid', 1824.0); 
INSERT INTO person VALUES (1178528934, 'Jesse', 'MALE', 'Parker', 769.0); 
INSERT INTO person VALUES (7047557505, 'Amber', 'FEMALE', 'Harrison', 1396.0); 
INSERT INTO person VALUES (2673194402, 'Brandon', 'MALE', 'Miller', 1441.0); 
INSERT INTO person VALUES (1169457059, 'Vincent', 'MALE', 'Owen', 1978.0); 
INSERT INTO person VALUES (8515420815, 'Brandon', 'MALE', 'Stewart', 1627.0); 
INSERT INTO person VALUES (8601216944, 'Grace', 'FEMALE', 'Carter', 1610.0); 
INSERT INTO person VALUES (8267452699, 'Jason', 'MALE', 'Robinson', 915.0); 
INSERT INTO person VALUES (9577158880, 'Rachel', 'FEMALE', 'Hall', 1737.0); 
INSERT INTO person VALUES (941573486, 'Albert', 'MALE', 'King', 586.0); 
INSERT INTO person VALUES (6051571615, 'Amber', 'FEMALE', 'Palmer', 1134.0); 
INSERT INTO person VALUES (7999466738, 'Stephanie', 'FEMALE', 'Wood', 2004.0); 
INSERT INTO person VALUES (6268184606, 'Terry', 'MALE', 'Walker', 1046.0); 
INSERT INTO person VALUES (2536706327, 'Megan', 'FEMALE', 'Bennett', 1442.0); 
INSERT INTO person VALUES (3393227621, 'Lisa', 'FEMALE', 'White', 761.0); 
INSERT INTO person VALUES (4801678318, 'Emily', 'FEMALE', 'Lloyd', 1423.0); 
INSERT INTO person VALUES (7753430956, 'Alexis', 'FEMALE', 'Davis', 1546.0); 
INSERT INTO person VALUES (635734411, 'Teresa', 'FEMALE', 'Bailey', 2022.0); 
INSERT INTO person VALUES (6318676946, 'Marilyn', 'FEMALE', 'White', 1466.0); 
INSERT INTO person VALUES (9956682084, 'Michelle', 'FEMALE', 'Robinson', 184.0); 
INSERT INTO person VALUES (73138639, 'Lawrence', 'MALE', 'Parker', 669.0); 
INSERT INTO person VALUES (7815502983, 'Raymond', 'MALE', 'Clarke', 1986.0); 
INSERT INTO person VALUES (1206816638, 'Barbara', 'FEMALE', 'Morris', 491.0); 
INSERT INTO person VALUES (1256709490, 'Nicholas', 'MALE', 'Thompson', 947.0); 
INSERT INTO person VALUES (8039793944, 'Gregory', 'MALE', 'Turner', 1148.0); 
INSERT INTO person VALUES (761878992, 'Henry', 'MALE', 'Baker', 1546.0); 
INSERT INTO person VALUES (4152108077, 'William', 'MALE', 'Lloyd', 1268.0); 
INSERT INTO person VALUES (4207403294, 'Kenneth', 'MALE', 'Rose', 1820.0); 
INSERT INTO person VALUES (254929867, 'Roger', 'MALE', 'Rose', 1716.0); 
INSERT INTO person VALUES (6208842265, 'Joe', 'MALE', 'Patel', 259.0); 
INSERT INTO person VALUES (155932212, 'Joshua', 'MALE', 'Hughes', 477.0); 
INSERT INTO person VALUES (6077539712, 'Patricia', 'FEMALE', 'Kelly', 1428.0); 
INSERT INTO person VALUES (8526154, 'Rachel', 'FEMALE', 'Parker', 284.0); 
INSERT INTO person VALUES (8292237058, 'Dennis', 'MALE', 'Carter', 1789.0); 
INSERT INTO person VALUES (5346685177, 'John', 'MALE', 'Campbell', 1835.0); 
INSERT INTO person VALUES (2305676666, 'Nicole', 'FEMALE', 'Wilson', 1986.0); 
INSERT INTO person VALUES (9649224235, 'Jessica', 'FEMALE', 'Richardson', 1562.0); 
INSERT INTO person VALUES (1799119165, 'Brittany', 'FEMALE', 'Young', 588.0); 
INSERT INTO person VALUES (3842453404, 'Harry', 'MALE', 'Campbell', 997.0); 
INSERT INTO person VALUES (3529184072, 'Joan', 'FEMALE', 'Lewis', 466.0); 
INSERT INTO person VALUES (7950895871, 'Joshua', 'MALE', 'Ward', 1511.0); 
INSERT INTO person VALUES (9206664395, 'Amy', 'FEMALE', 'Saunders', 337.0); 
INSERT INTO person VALUES (4083708312, 'Randy', 'MALE', 'White', 1467.0); 
INSERT INTO person VALUES (9332745941, 'Michael', 'MALE', 'Turner', 896.0); 
INSERT INTO person VALUES (8206233439, 'Virginia', 'FEMALE', 'Robinson', 706.0); 
INSERT INTO person VALUES (5243791172, 'Dorothy', 'FEMALE', 'Stewart', 2012.0); 
INSERT INTO person VALUES (2393367913, 'Kathryn', 'FEMALE', 'Saunders', 520.0); 
INSERT INTO person VALUES (1676214067, 'Theresa', 'FEMALE', 'Williams', 116.0); 
INSERT INTO person VALUES (8294965139, 'Tiffany', 'FEMALE', 'Scott', 167.0); 
INSERT INTO person VALUES (5179993143, 'Justin', 'MALE', 'Jackson', 1555.0); 
INSERT INTO person VALUES (7892986108, 'Christian', 'MALE', 'Rose', 287.0); 
INSERT INTO person VALUES (6952639396, 'Stephen', 'MALE', 'Williams', 1103.0); 
INSERT INTO person VALUES (3040539986, 'Larry', 'MALE', 'Clark', 1275.0); 
INSERT INTO person VALUES (2096377139, 'Margaret', 'FEMALE', 'Cooper', 246.0); 
INSERT INTO person VALUES (7862750223, 'Roy', 'MALE', 'Harrison', 1336.0); 
INSERT INTO person VALUES (566409680, 'Emily', 'FEMALE', 'Richardson', 306.0); 
INSERT INTO person VALUES (559675346, 'Carl', 'MALE', 'Jackson', 864.0); 
INSERT INTO person VALUES (9876257443, 'Kenneth', 'MALE', 'Cooper', 2009.0); 
INSERT INTO person VALUES (4780393265, 'Edward', 'MALE', 'Campbell', 1869.0); 
INSERT INTO person VALUES (2087680843, 'Ralph', 'MALE', 'Hunter', 947.0); 
INSERT INTO person VALUES (7159113812, 'Kevin', 'MALE', 'Stevens', 485.0); 
INSERT INTO person VALUES (953869286, 'Dylan', 'MALE', 'Russell', 1970.0); 
INSERT INTO person VALUES (2267559633, 'Christine', 'FEMALE', 'Thomson', 1917.0); 
INSERT INTO person VALUES (2071704486, 'Virginia', 'FEMALE', 'Robinson', 270.0); 
INSERT INTO person VALUES (9850296639, 'Steven', 'MALE', 'Hughes', 530.0); 
INSERT INTO person VALUES (4316632621, 'Gloria', 'FEMALE', 'Edwards', 521.0); 
INSERT INTO person VALUES (1174601488, 'Teresa', 'FEMALE', 'Walker', 815.0); 
INSERT INTO person VALUES (3915225287, 'Aaron', 'MALE', 'Clark', 1781.0); 
INSERT INTO person VALUES (1513427498, 'Janice', 'FEMALE', 'Reid', 950.0); 
INSERT INTO person VALUES (9722921640, 'Harold', 'MALE', 'Wilson', 703.0); 
INSERT INTO person VALUES (7610127707, 'Barbara', 'FEMALE', 'Hunt', 73.0); 
INSERT INTO person VALUES (5334849561, 'Diana', 'FEMALE', 'Price', 1269.0); 
INSERT INTO person VALUES (1408573198, 'Brenda', 'FEMALE', 'Collins', 973.0); 
INSERT INTO person VALUES (8613476199, 'Teresa', 'FEMALE', 'Hunter', 788.0); 
INSERT INTO person VALUES (1808878336, 'Joan', 'FEMALE', 'Baker', 1020.0); 
INSERT INTO person VALUES (4370170041, 'Eric', 'MALE', 'Hunter', 41.0); 
INSERT INTO person VALUES (279427114, 'Juan', 'MALE', 'Murray', 1081.0); 
INSERT INTO person VALUES (845428175, 'Brian', 'MALE', 'Morris', 798.0); 
INSERT INTO person VALUES (438654667, 'Alan', 'MALE', 'Taylor', 911.0); 
INSERT INTO person VALUES (4254471996, 'Michael', 'MALE', 'Gray', 306.0); 
INSERT INTO person VALUES (217146405, 'Jeffrey', 'MALE', 'Green', 209.0); 
INSERT INTO person VALUES (9005408994, 'Jessica', 'FEMALE', 'Graham', 1468.0); 
INSERT INTO person VALUES (518598548, 'Douglas', 'MALE', 'Harrison', 1723.0); 
INSERT INTO person VALUES (985442068, 'Dennis', 'MALE', 'Bailey', 1077.0); 
INSERT INTO person VALUES (1228265722, 'Russell', 'MALE', 'Owen', 776.0); 
INSERT INTO person VALUES (8790353950, 'Linda', 'FEMALE', 'Jackson', 1071.0); 
INSERT INTO person VALUES (724584273, 'Frances', 'FEMALE', 'Walsh', 1608.0); 
INSERT INTO person VALUES (5975453770, 'Bryan', 'MALE', 'Reid', 1795.0); 
INSERT INTO person VALUES (118087940, 'Julia', 'FEMALE', 'Hughes', 2036.0); 
INSERT INTO person VALUES (4766424609, 'Gary', 'MALE', 'Thomson', 1860.0); 
INSERT INTO person VALUES (753362351, 'Nathan', 'MALE', 'Davis', 1198.0); 
INSERT INTO person VALUES (4353712347, 'Patricia', 'FEMALE', 'Russell', 320.0); 
INSERT INTO person VALUES (5134156568, 'Lori', 'FEMALE', 'Cox', 915.0); 
INSERT INTO person VALUES (5632932519, 'Julia', 'FEMALE', 'Chapman', 1106.0); 
INSERT INTO person VALUES (8075876704, 'Jesse', 'MALE', 'Cox', 1086.0); 
INSERT INTO person VALUES (1797806791, 'Scott', 'MALE', 'Smith', 1164.0); 
INSERT INTO person VALUES (7865624827, 'Edward', 'MALE', 'Davis', 229.0); 
INSERT INTO person VALUES (2046265580, 'Andrew', 'MALE', 'Campbell', 756.0); 
INSERT INTO person VALUES (6417865303, 'Nathan', 'MALE', 'Harrison', 1080.0); 
INSERT INTO person VALUES (664738025, 'Marilyn', 'FEMALE', 'Morris', 311.0); 
INSERT INTO person VALUES (1493552996, 'Sean', 'MALE', 'Matthews', 248.0); 
INSERT INTO person VALUES (3059592887, 'Thomas', 'MALE', 'Simpson', 1972.0); 
INSERT INTO person VALUES (8230448987, 'Megan', 'FEMALE', 'Mason', 1515.0); 
INSERT INTO person VALUES (4482469867, 'Rachel', 'FEMALE', 'Jones', 1047.0); 
INSERT INTO person VALUES (342388473, 'Beverly', 'FEMALE', 'Young', 340.0); 
INSERT INTO person VALUES (4226554469, 'Lori', 'FEMALE', 'Thomas', 1264.0); 
INSERT INTO person VALUES (7533914188, 'Jean', 'FEMALE', 'Williams', 990.0); 
INSERT INTO person VALUES (6810983148, 'Evelyn', 'FEMALE', 'Hunter', 2026.0); 
INSERT INTO person VALUES (4294112111, 'Frank', 'MALE', 'Graham', 1854.0); 
INSERT INTO person VALUES (1586229311, 'Frances', 'FEMALE', 'Butler', 113.0); 
INSERT INTO person VALUES (452302496, 'Cynthia', 'FEMALE', 'Robinson', 1756.0); 
INSERT INTO person VALUES (8383703389, 'Logan', 'MALE', 'Morris', 752.0); 
INSERT INTO person VALUES (5101769719, 'Melissa', 'FEMALE', 'Wilkinson', 1775.0); 
INSERT INTO person VALUES (846418182, 'Jason', 'MALE', 'Richards', 208.0); 
INSERT INTO person VALUES (1004233503, 'Sarah', 'FEMALE', 'Davies', 134.0); 
INSERT INTO person VALUES (970718756, 'Joe', 'MALE', 'Scott', 1294.0); 
INSERT INTO person VALUES (4909749236, 'Ann', 'FEMALE', 'Harrison', 1123.0); 
INSERT INTO person VALUES (349677206, 'Christopher', 'MALE', 'Ward', 209.0); 
INSERT INTO person VALUES (2476107056, 'Brenda', 'FEMALE', 'Griffiths', 1723.0); 
INSERT INTO person VALUES (13447526, 'Lauren', 'FEMALE', 'Watson', 289.0); 
INSERT INTO person VALUES (2575211944, 'Amber', 'FEMALE', 'Wright', 77.0); 
INSERT INTO person VALUES (9698593795, 'Lori', 'FEMALE', 'Kennedy', 423.0); 
INSERT INTO person VALUES (621957061, 'Susan', 'FEMALE', 'Turner', 623.0); 
INSERT INTO person VALUES (5662853108, 'Janice', 'FEMALE', 'Carter', 1158.0); 
INSERT INTO person VALUES (1261540165, 'Denise', 'FEMALE', 'Thomas', 1132.0); 
INSERT INTO person VALUES (3249508457, 'Gary', 'MALE', 'Cook', 1904.0); 
INSERT INTO person VALUES (7310261180, 'Jonathan', 'MALE', 'Chapman', 411.0); 
INSERT INTO person VALUES (9823739685, 'Michelle', 'FEMALE', 'Cooper', 1485.0); 
INSERT INTO person VALUES (265524251, 'Angela', 'FEMALE', 'Rogers', 475.0); 
INSERT INTO person VALUES (9117254166, 'Vincent', 'MALE', 'Lewis', 1070.0); 
INSERT INTO person VALUES (2276949249, 'Ralph', 'MALE', 'Marshall', 1647.0); 
INSERT INTO person VALUES (1015792835, 'Jordan', 'MALE', 'Robinson', 583.0); 
INSERT INTO person VALUES (5040278286, 'James', 'MALE', 'Fox', 1828.0); 
INSERT INTO person VALUES (9800509403, 'Timothy', 'MALE', 'Cox', 1505.0); 
INSERT INTO person VALUES (6164697978, 'Linda', 'FEMALE', 'Allen', 1487.0); 
INSERT INTO person VALUES (1172857044, 'Teresa', 'FEMALE', 'Wilson', 1529.0); 
INSERT INTO person VALUES (1986546759, 'Janice', 'FEMALE', 'Cooper', 1572.0); 
INSERT INTO person VALUES (8541614, 'Matthew', 'MALE', 'Cooper', 1230.0); 
INSERT INTO person VALUES (182350461, 'Diana', 'FEMALE', 'Stewart', 684.0); 
INSERT INTO person VALUES (3749285788, 'Denise', 'FEMALE', 'Bell', 2003.0); 
INSERT INTO person VALUES (8718143561, 'James', 'MALE', 'Russell', 1772.0); 
INSERT INTO person VALUES (1492454783, 'Lisa', 'FEMALE', 'Turner', 1304.0); 
INSERT INTO person VALUES (6373956255, 'Grace', 'FEMALE', 'Hunter', 3.0); 
INSERT INTO person VALUES (9536459920, 'Harold', 'MALE', 'Holmes', 1305.0); 
INSERT INTO person VALUES (6223750044, 'Janice', 'FEMALE', 'Evans', 466.0); 
INSERT INTO person VALUES (18147950, 'Teresa', 'FEMALE', 'Khan', 1499.0); 
INSERT INTO person VALUES (7730491256, 'Brittany', 'FEMALE', 'Thomson', 58.0); 
INSERT INTO person VALUES (1884446376, 'Deborah', 'FEMALE', 'Davis', 1153.0); 
INSERT INTO person VALUES (6634190427, 'Debra', 'FEMALE', 'Walsh', 683.0); 
INSERT INTO person VALUES (697940925, 'Vincent', 'MALE', 'Walsh', 1292.0); 
INSERT INTO person VALUES (9221786349, 'Samantha', 'FEMALE', 'Kelly', 1871.0); 
INSERT INTO person VALUES (429661762, 'Kathleen', 'FEMALE', 'Jones', 359.0); 
INSERT INTO person VALUES (9126600751, 'Diana', 'FEMALE', 'Mitchell', 1638.0); 
INSERT INTO person VALUES (3967729142, 'Paul', 'MALE', 'Richards', 1081.0); 
INSERT INTO person VALUES (9124569749, 'Jonathan', 'MALE', 'Stewart', 1346.0); 
INSERT INTO person VALUES (4837614161, 'Lisa', 'FEMALE', 'Collins', 664.0); 
INSERT INTO person VALUES (6899611629, 'John', 'MALE', 'Scott', 1726.0); 
INSERT INTO person VALUES (192991452, 'Jonathan', 'MALE', 'Harrison', 1638.0); 
INSERT INTO person VALUES (5040810219, 'Danielle', 'FEMALE', 'Scott', 1711.0); 
INSERT INTO person VALUES (2518761552, 'Karen', 'FEMALE', 'Wood', 1876.0); 
INSERT INTO person VALUES (139775415, 'Kenneth', 'MALE', 'Ellis', 273.0); 
INSERT INTO person VALUES (6878992888, 'Linda', 'FEMALE', 'King', 619.0); 
INSERT INTO person VALUES (413736783, 'Julia', 'FEMALE', 'Knight', 1259.0); 
INSERT INTO person VALUES (446246506, 'Karen', 'FEMALE', 'Mason', 1695.0); 
INSERT INTO person VALUES (3376985033, 'Justin', 'MALE', 'Khan', 793.0); 
INSERT INTO person VALUES (1846398792, 'Gabriel', 'MALE', 'Carter', 1929.0); 
INSERT INTO person VALUES (54645329, 'Jonathan', 'MALE', 'Reid', 302.0); 
INSERT INTO person VALUES (9346744387, 'Amber', 'FEMALE', 'Matthews', 563.0); 
INSERT INTO person VALUES (775554513, 'Catherine', 'FEMALE', 'Cooper', 952.0); 
INSERT INTO person VALUES (2181947386, 'Janet', 'FEMALE', 'Collins', 1113.0); 
INSERT INTO person VALUES (1065483411, 'Gregory', 'MALE', 'Wilson', 1098.0); 
INSERT INTO person VALUES (2840696041, 'Patricia', 'FEMALE', 'Anderson', 1805.0); 
INSERT INTO person VALUES (9498960433, 'Jonathan', 'MALE', 'Ross', 1498.0); 
INSERT INTO person VALUES (8682814780, 'Kathryn', 'FEMALE', 'Wilson', 26.0); 
INSERT INTO person VALUES (523231858, 'Virginia', 'FEMALE', 'Butler', 512.0); 
INSERT INTO person VALUES (2782786032, 'Edward', 'MALE', 'Davis', 255.0); 
INSERT INTO person VALUES (9543978787, 'Virginia', 'FEMALE', 'Walsh', 508.0); 
INSERT INTO person VALUES (307649575, 'Thomas', 'MALE', 'Owen', 2019.0); 
INSERT INTO person VALUES (9715475208, 'Samuel', 'MALE', 'Anderson', 1556.0); 
INSERT INTO person VALUES (8871673745, 'Rachel', 'FEMALE', 'Ellis', 1290.0); 
INSERT INTO person VALUES (818493397, 'Kelly', 'FEMALE', 'Martin', 1291.0); 
INSERT INTO person VALUES (4571453615, 'Lauren', 'FEMALE', 'Knight', 11.0); 
INSERT INTO person VALUES (8407672757, 'Terry', 'MALE', 'Kelly', 688.0); 
INSERT INTO person VALUES (1805687223, 'Gabriel', 'MALE', 'Thomas', 472.0); 
INSERT INTO person VALUES (8535599872, 'Edward', 'MALE', 'Murray', 1111.0); 
INSERT INTO person VALUES (4509641139, 'Cheryl', 'FEMALE', 'Lloyd', 107.0); 
INSERT INTO person VALUES (209227964, 'Gerald', 'MALE', 'Price', 77.0); 
INSERT INTO person VALUES (3277448412, 'Billy', 'MALE', 'Miller', 285.0); 
INSERT INTO person VALUES (4601783174, 'Christian', 'MALE', 'Johnson', 698.0); 
INSERT INTO person VALUES (8492120469, 'Alexander', 'MALE', 'Murray', 435.0); 
INSERT INTO person VALUES (6407906197, 'Kenneth', 'MALE', 'Murphy', 918.0); 
INSERT INTO person VALUES (9271813491, 'Gerald', 'MALE', 'Wood', 1820.0); 
INSERT INTO person VALUES (9687907242, 'Cheryl', 'FEMALE', 'Wright', 1757.0); 
INSERT INTO person VALUES (1774110544, 'Andrea', 'FEMALE', 'Richards', 1367.0); 
INSERT INTO person VALUES (6589269267, 'Adam', 'MALE', 'Hughes', 310.0); 
INSERT INTO person VALUES (530683289, 'Cynthia', 'FEMALE', 'Morris', 73.0); 
INSERT INTO person VALUES (1042521700, 'Andrew', 'MALE', 'Wright', 461.0); 
INSERT INTO person VALUES (4194329028, 'Cynthia', 'FEMALE', 'Clarke', 1946.0); 
INSERT INTO person VALUES (7729379930, 'Laura', 'FEMALE', 'Palmer', 1348.0); 
INSERT INTO person VALUES (3538166309, 'Nathan', 'MALE', 'Lewis', 1075.0); 
INSERT INTO person VALUES (1205763534, 'Jack', 'MALE', 'Walker', 545.0); 
INSERT INTO person VALUES (5459169390, 'Angela', 'FEMALE', 'James', 1594.0); 
INSERT INTO person VALUES (8145680524, 'Logan', 'MALE', 'Ellis', 848.0); 
INSERT INTO person VALUES (1952260669, 'Helen', 'FEMALE', 'Parker', 89.0); 
INSERT INTO person VALUES (5667910735, 'Linda', 'FEMALE', 'Griffiths', 843.0); 
INSERT INTO person VALUES (189521235, 'Danielle', 'FEMALE', 'Lloyd', 397.0); 
INSERT INTO person VALUES (1738307101, 'Sandra', 'FEMALE', 'Lloyd', 826.0); 
INSERT INTO person VALUES (5258661324, 'Amanda', 'FEMALE', 'Martin', 352.0); 
INSERT INTO person VALUES (7188430246, 'Evelyn', 'FEMALE', 'Owen', 1840.0); 
INSERT INTO person VALUES (4820981377, 'Jennifer', 'FEMALE', 'Palmer', 5.0); 
INSERT INTO person VALUES (8169163946, 'Mary', 'FEMALE', 'Roberts', 349.0); 
INSERT INTO person VALUES (5548495207, 'Bruce', 'MALE', 'Hall', 990.0); 
INSERT INTO person VALUES (9372154147, 'Nicholas', 'MALE', 'Griffiths', 1539.0); 
INSERT INTO person VALUES (5149352526, 'Larry', 'MALE', 'Saunders', 1458.0); 
INSERT INTO person VALUES (141753034, 'Maria', 'FEMALE', 'Saunders', 558.0); 
INSERT INTO person VALUES (8299539463, 'Johnny', 'MALE', 'Davis', 170.0); 
INSERT INTO person VALUES (593715878, 'Lawrence', 'MALE', 'Kennedy', 512.0); 
INSERT INTO person VALUES (4152132133, 'Christopher', 'MALE', 'Powell', 501.0); 
INSERT INTO person VALUES (254829023, 'Brittany', 'FEMALE', 'Campbell', 1547.0); 
INSERT INTO person VALUES (5862786764, 'Raymond', 'MALE', 'Murphy', 184.0); 
INSERT INTO person VALUES (7543982398, 'Rose', 'FEMALE', 'King', 1151.0); 
INSERT INTO person VALUES (4510155847, 'Thomas', 'MALE', 'Walsh', 1395.0); 
INSERT INTO person VALUES (2455932535, 'Madison', 'FEMALE', 'Price', 1665.0); 
INSERT INTO person VALUES (621186695, 'Kathryn', 'FEMALE', 'Bennett', 1824.0); 
INSERT INTO person VALUES (4962428516, 'Steven', 'MALE', 'Wilkinson', 1617.0); 
INSERT INTO person VALUES (9218678224, 'Vincent', 'MALE', 'Matthews', 616.0); 
INSERT INTO person VALUES (6813743030, 'Nicholas', 'MALE', 'Palmer', 1235.0); 
INSERT INTO person VALUES (943613533, 'Christina', 'FEMALE', 'Thompson', 1422.0); 
INSERT INTO person VALUES (5946216248, 'Gabriel', 'MALE', 'Robinson', 1818.0); 
INSERT INTO person VALUES (6627947706, 'Deborah', 'FEMALE', 'Griffiths', 1683.0); 
INSERT INTO person VALUES (8557987231, 'Janice', 'FEMALE', 'Robinson', 315.0); 
INSERT INTO person VALUES (821688229, 'Doris', 'FEMALE', 'Fox', 118.0); 
INSERT INTO person VALUES (3199164907, 'Pamela', 'FEMALE', 'Smith', 1799.0); 
INSERT INTO person VALUES (3315763590, 'Anna', 'FEMALE', 'Turner', 1371.0); 
INSERT INTO person VALUES (2805940089, 'Ruth', 'FEMALE', 'Bennett', 766.0); 
INSERT INTO person VALUES (1328616252, 'Judy', 'FEMALE', 'Knight', 1354.0); 
INSERT INTO person VALUES (2524426706, 'Harry', 'MALE', 'Kennedy', 599.0); 
INSERT INTO person VALUES (9268589578, 'Philip', 'MALE', 'Parker', 1085.0); 
INSERT INTO person VALUES (5353762482, 'Ethan', 'MALE', 'Thompson', 934.0); 
INSERT INTO person VALUES (1140692931, 'Margaret', 'FEMALE', 'Miller', 1051.0); 
INSERT INTO person VALUES (3444518053, 'Dylan', 'MALE', 'Palmer', 2010.0); 
INSERT INTO person VALUES (5045541721, 'Carolyn', 'FEMALE', 'Lee', 291.0); 
INSERT INTO person VALUES (855733312, 'Amy', 'FEMALE', 'Collins', 709.0); 
INSERT INTO person VALUES (6975374272, 'Katherine', 'FEMALE', 'Simpson', 186.0); 
INSERT INTO person VALUES (9339398270, 'Ryan', 'MALE', 'Mason', 765.0); 
INSERT INTO person VALUES (9802967915, 'Marie', 'FEMALE', 'Patel', 1239.0); 
INSERT INTO person VALUES (7802353404, 'Douglas', 'MALE', 'Morris', 1181.0); 
INSERT INTO person VALUES (6250613734, 'Jerry', 'MALE', 'Evans', 1620.0); 
INSERT INTO person VALUES (50735353, 'Amy', 'FEMALE', 'Matthews', 1290.0); 
INSERT INTO person VALUES (2364391832, 'Debra', 'FEMALE', 'Saunders', 1839.0); 
INSERT INTO person VALUES (7552824579, 'Catherine', 'FEMALE', 'Richardson', 911.0); 
INSERT INTO person VALUES (4361324255, 'David', 'MALE', 'Marshall', 354.0); 
INSERT INTO person VALUES (1444352482, 'Doris', 'FEMALE', 'Thomson', 1128.0); 
INSERT INTO person VALUES (4875306053, 'Michelle', 'FEMALE', 'Murray', 1018.0); 
INSERT INTO person VALUES (8460239514, 'Stephen', 'MALE', 'Evans', 827.0); 
INSERT INTO person VALUES (2426839836, 'Wayne', 'MALE', 'Edwards', 9.0); 
INSERT INTO person VALUES (3101309327, 'Gregory', 'MALE', 'Williams', 1409.0); 
INSERT INTO person VALUES (9969667323, 'Jordan', 'MALE', 'Stevens', 379.0); 
INSERT INTO person VALUES (5980756449, 'Alexis', 'FEMALE', 'Thomas', 1248.0); 
INSERT INTO person VALUES (9186122312, 'Martha', 'FEMALE', 'Bailey', 532.0); 
INSERT INTO person VALUES (1914138828, 'Bruce', 'MALE', 'Hunter', 1642.0); 
INSERT INTO person VALUES (7903971304, 'Carol', 'FEMALE', 'Jones', 390.0); 
INSERT INTO person VALUES (6500677558, 'Deborah', 'FEMALE', 'Patel', 1474.0); 
INSERT INTO person VALUES (9631286451, 'Kevin', 'MALE', 'Moore', 897.0); 
INSERT INTO person VALUES (9965432947, 'Kevin', 'MALE', 'Thompson', 1695.0); 
INSERT INTO person VALUES (9604464816, 'Louis', 'MALE', 'Thomas', 1553.0); 
INSERT INTO person VALUES (9119700768, 'Patricia', 'FEMALE', 'Richards', 857.0); 
INSERT INTO person VALUES (8242400321, 'Nancy', 'FEMALE', 'Wilkinson', 978.0); 
INSERT INTO person VALUES (4814850013, 'Timothy', 'MALE', 'Anderson', 789.0); 
INSERT INTO person VALUES (5213390504, 'Elizabeth', 'FEMALE', 'Taylor', 280.0); 
INSERT INTO person VALUES (9874672021, 'Alan', 'MALE', 'Matthews', 1307.0); 
INSERT INTO person VALUES (911257906, 'Julia', 'FEMALE', 'Murray', 1472.0); 
INSERT INTO person VALUES (3235701619, 'Daniel', 'MALE', 'Simpson', 614.0); 
INSERT INTO person VALUES (5358152033, 'Evelyn', 'FEMALE', 'Chapman', 1477.0); 
INSERT INTO person VALUES (489428481, 'Kimberly', 'FEMALE', 'Harrison', 293.0); 
INSERT INTO person VALUES (8676917241, 'Deborah', 'FEMALE', 'Graham', 1977.0); 
INSERT INTO person VALUES (356568649, 'Larry', 'MALE', 'Taylor', 1524.0); 
INSERT INTO person VALUES (4132937295, 'Steven', 'MALE', 'Green', 1801.0); 
INSERT INTO person VALUES (5484792878, 'Randy', 'MALE', 'Green', 1818.0); 
INSERT INTO person VALUES (9273249864, 'Frank', 'MALE', 'Morris', 1476.0); 
INSERT INTO person VALUES (4576393833, 'Steven', 'MALE', 'Watson', 737.0); 
INSERT INTO person VALUES (8512642816, 'Evelyn', 'FEMALE', 'Hunter', 846.0); 
INSERT INTO person VALUES (9896155194, 'Catherine', 'FEMALE', 'Mason', 1364.0); 
INSERT INTO person VALUES (3342556192, 'Evelyn', 'FEMALE', 'Bennett', 191.0); 
INSERT INTO person VALUES (8994202379, 'Christine', 'FEMALE', 'Wilkinson', 284.0); 
INSERT INTO person VALUES (8861904442, 'Larry', 'MALE', 'Ellis', 553.0); 
INSERT INTO person VALUES (4760360097, 'Amanda', 'FEMALE', 'Carter', 1088.0); 
INSERT INTO person VALUES (8687466447, 'Pamela', 'FEMALE', 'Kelly', 1444.0); 
INSERT INTO person VALUES (2066712520, 'Kimberly', 'FEMALE', 'Powell', 6.0); 
INSERT INTO person VALUES (9010657548, 'Ryan', 'MALE', 'Marshall', 927.0); 
INSERT INTO person VALUES (9012807009, 'Amber', 'FEMALE', 'Collins', 1926.0); 
INSERT INTO person VALUES (4946468067, 'Jesse', 'MALE', 'Collins', 382.0); 
INSERT INTO person VALUES (3735614478, 'Roy', 'MALE', 'Davis', 1353.0); 
INSERT INTO person VALUES (2446924441, 'Roy', 'MALE', 'Khan', 773.0); 
INSERT INTO person VALUES (4525764439, 'Christian', 'MALE', 'Richardson', 1803.0); 
INSERT INTO person VALUES (162478048, 'Doris', 'FEMALE', 'Thompson', 797.0); 
INSERT INTO person VALUES (8358219148, 'Tyler', 'MALE', 'Roberts', 1656.0); 
INSERT INTO person VALUES (3140457274, 'James', 'MALE', 'King', 361.0); 
INSERT INTO person VALUES (5613901164, 'Kathryn', 'FEMALE', 'Knight', 1832.0); 
INSERT INTO person VALUES (4159912486, 'Austin', 'MALE', 'Lee', 1381.0); 
INSERT INTO person VALUES (2403506947, 'Michael', 'MALE', 'Matthews', 1479.0); 
INSERT INTO person VALUES (5670451720, 'Barbara', 'FEMALE', 'Ross', 1171.0); 
INSERT INTO person VALUES (5515944079, 'Harold', 'MALE', 'Stevens', 1441.0); 
INSERT INTO person VALUES (2335695607, 'Nicholas', 'MALE', 'Morgan', 1827.0); 
INSERT INTO person VALUES (3116342583, 'Brandon', 'MALE', 'Wright', 168.0); 
INSERT INTO person VALUES (9464789801, 'Christian', 'MALE', 'Collins', 1983.0); 
INSERT INTO person VALUES (113186020, 'Edward', 'MALE', 'Johnson', 2013.0); 
INSERT INTO person VALUES (9416596848, 'Virginia', 'FEMALE', 'Green', 1362.0); 
INSERT INTO person VALUES (4120763151, 'Megan', 'FEMALE', 'Saunders', 314.0); 
INSERT INTO person VALUES (6183169703, 'Harry', 'MALE', 'Wilson', 685.0); 
INSERT INTO person VALUES (3459286579, 'Bryan', 'MALE', 'Richards', 1998.0); 
INSERT INTO person VALUES (7721387142, 'Logan', 'MALE', 'Reid', 1626.0); 
INSERT INTO person VALUES (5239794753, 'Amy', 'FEMALE', 'Stevens', 1146.0); 
INSERT INTO person VALUES (760636045, 'Johnny', 'MALE', 'King', 634.0); 
INSERT INTO person VALUES (529434908, 'Lisa', 'FEMALE', 'Hunt', 1648.0); 
INSERT INTO person VALUES (8582564276, 'Christian', 'MALE', 'Jackson', 634.0); 
INSERT INTO person VALUES (6774207014, 'Scott', 'MALE', 'Parker', 955.0); 
INSERT INTO person VALUES (3692436016, 'Jeremy', 'MALE', 'Davies', 1523.0); 
INSERT INTO person VALUES (89475748, 'Roger', 'MALE', 'Thomas', 1579.0); 
INSERT INTO person VALUES (8667812304, 'Jason', 'MALE', 'Mitchell', 1461.0); 
INSERT INTO person VALUES (2875975138, 'Jack', 'MALE', 'Morgan', 852.0); 
INSERT INTO person VALUES (6927794921, 'Billy', 'MALE', 'Brown', 982.0); 
INSERT INTO person VALUES (450838380, 'Amber', 'FEMALE', 'Cox', 918.0); 
INSERT INTO person VALUES (5181931231, 'Julie', 'FEMALE', 'Bailey', 1120.0); 
INSERT INTO person VALUES (4715985817, 'Danielle', 'FEMALE', 'Owen', 35.0); 
INSERT INTO person VALUES (9537129131, 'Kathryn', 'FEMALE', 'Allen', 1587.0); 
INSERT INTO person VALUES (396252921, 'Aaron', 'MALE', 'Russell', 117.0); 
INSERT INTO person VALUES (5158700745, 'Anthony', 'MALE', 'Hughes', 343.0); 
INSERT INTO person VALUES (1743696124, 'Dennis', 'MALE', 'Knight', 634.0); 
INSERT INTO person VALUES (4696395055, 'Daniel', 'MALE', 'Wilkinson', 584.0); 
INSERT INTO person VALUES (9540289395, 'Abigail', 'FEMALE', 'Graham', 1040.0); 
INSERT INTO person VALUES (439125577, 'Nicole', 'FEMALE', 'Robertson', 126.0); 
INSERT INTO person VALUES (844433616, 'Bruce', 'MALE', 'Cooper', 13.0); 
INSERT INTO person VALUES (1457509710, 'Brittany', 'FEMALE', 'Cox', 1608.0); 
INSERT INTO person VALUES (3482712181, 'Abigail', 'FEMALE', 'Collins', 950.0); 
INSERT INTO person VALUES (924750075, 'Ruth', 'FEMALE', 'Turner', 1281.0); 
INSERT INTO person VALUES (4756811253, 'Margaret', 'FEMALE', 'Murphy', 1368.0); 
INSERT INTO person VALUES (579571587, 'Aaron', 'MALE', 'Murphy', 490.0); 
INSERT INTO person VALUES (5009505969, 'Shirley', 'FEMALE', 'Richards', 1928.0); 
INSERT INTO person VALUES (6492725886, 'Roy', 'MALE', 'Graham', 1019.0); 
INSERT INTO person VALUES (554322322, 'Denise', 'FEMALE', 'Khan', 1270.0); 
INSERT INTO person VALUES (6890959948, 'Ralph', 'MALE', 'Bell', 1750.0); 
INSERT INTO person VALUES (7005599060, 'Alan', 'MALE', 'Morris', 703.0); 
INSERT INTO person VALUES (678069200, 'Tiffany', 'FEMALE', 'Young', 27.0); 
INSERT INTO person VALUES (8468578394, 'Helen', 'FEMALE', 'Clark', 1120.0); 
INSERT INTO person VALUES (8558796364, 'Timothy', 'MALE', 'Stewart', 47.0); 
INSERT INTO person VALUES (2197385808, 'Amber', 'FEMALE', 'Gray', 400.0); 
INSERT INTO person VALUES (797052744, 'Edward', 'MALE', 'Campbell', 673.0); 
INSERT INTO person VALUES (4682857479, 'Walter', 'MALE', 'Bailey', 1560.0); 
INSERT INTO person VALUES (605714180, 'Paul', 'MALE', 'Hall', 1771.0); 
INSERT INTO person VALUES (7398132257, 'Paul', 'MALE', 'Parker', 1268.0); 
INSERT INTO person VALUES (2663742811, 'Patricia', 'FEMALE', 'James', 97.0); 
INSERT INTO person VALUES (4342839866, 'Tiffany', 'FEMALE', 'Fox', 1348.0); 
INSERT INTO person VALUES (3781999794, 'Eugene', 'MALE', 'Carter', 444.0); 
INSERT INTO person VALUES (877237486, 'Lauren', 'FEMALE', 'Morris', 509.0); 
INSERT INTO person VALUES (2965312864, 'Kathleen', 'FEMALE', 'Thomson', 1822.0); 
INSERT INTO person VALUES (6720625744, 'Matthew', 'MALE', 'Jackson', 216.0); 
INSERT INTO person VALUES (4997944045, 'Jacob', 'MALE', 'Stewart', 947.0); 
INSERT INTO person VALUES (961117893, 'David', 'MALE', 'Morgan', 590.0); 
INSERT INTO person VALUES (2292942803, 'Theresa', 'FEMALE', 'Evans', 417.0); 
INSERT INTO person VALUES (5352351557, 'Joan', 'FEMALE', 'Johnson', 957.0); 
INSERT INTO person VALUES (6508672637, 'Adam', 'MALE', 'Lewis', 1218.0); 
INSERT INTO person VALUES (3641982663, 'Roy', 'MALE', 'Kelly', 1152.0); 
INSERT INTO person VALUES (259346770, 'Donna', 'FEMALE', 'Khan', 975.0); 
INSERT INTO person VALUES (59951141, 'Russell', 'MALE', 'Clarke', 999.0); 
INSERT INTO person VALUES (3869811490, 'Mark', 'MALE', 'Hughes', 602.0); 
INSERT INTO person VALUES (3061175833, 'Megan', 'FEMALE', 'Phillips', 1170.0); 
INSERT INTO person VALUES (6913262420, 'Carolyn', 'FEMALE', 'Moore', 400.0); 
INSERT INTO person VALUES (923843054, 'Zachary', 'MALE', 'Richardson', 898.0); 
INSERT INTO person VALUES (2637586031, 'Kathleen', 'FEMALE', 'Kelly', 976.0); 
INSERT INTO person VALUES (158173902, 'Billy', 'MALE', 'Palmer', 99.0); 
INSERT INTO person VALUES (3512680842, 'Alan', 'MALE', 'Patel', 1065.0); 
INSERT INTO person VALUES (9108967086, 'Noah', 'MALE', 'Parker', 1790.0); 
INSERT INTO person VALUES (3013352877, 'Henry', 'MALE', 'Owen', 363.0); 
INSERT INTO person VALUES (5386747623, 'Dennis', 'MALE', 'Graham', 139.0); 
INSERT INTO person VALUES (7066198898, 'Janet', 'FEMALE', 'Robertson', 428.0); 
INSERT INTO person VALUES (5724640825, 'Peter', 'MALE', 'Collins', 1671.0); 
INSERT INTO person VALUES (4929618015, 'Christopher', 'MALE', 'King', 1883.0); 
INSERT INTO person VALUES (7455722600, 'Willie', 'MALE', 'Clark', 1011.0); 
INSERT INTO person VALUES (4921634496, 'Kevin', 'MALE', 'Murphy', 510.0); 
INSERT INTO person VALUES (7856161224, 'Emily', 'FEMALE', 'Rogers', 729.0); 
INSERT INTO person VALUES (3411307499, 'Billy', 'MALE', 'Richardson', 168.0); 
INSERT INTO person VALUES (2197205555, 'Lauren', 'FEMALE', 'Wilson', 818.0); 
INSERT INTO person VALUES (3814960380, 'Grace', 'FEMALE', 'James', 716.0); 
INSERT INTO person VALUES (314936478, 'Jacqueline', 'FEMALE', 'Russell', 1123.0); 
INSERT INTO person VALUES (5488424851, 'Timothy', 'MALE', 'Owen', 1607.0); 
INSERT INTO person VALUES (498881573, 'Bobby', 'MALE', 'Rogers', 355.0); 
INSERT INTO person VALUES (5009683289, 'Ryan', 'MALE', 'Richardson', 704.0); 
INSERT INTO person VALUES (2729200127, 'Arthur', 'MALE', 'Williams', 1923.0); 
INSERT INTO person VALUES (5384253768, 'John', 'MALE', 'Thomson', 150.0); 
INSERT INTO person VALUES (5452832401, 'Marilyn', 'FEMALE', 'Hunt', 449.0); 
INSERT INTO person VALUES (339522899, 'Judith', 'FEMALE', 'Wright', 2030.0); 
INSERT INTO person VALUES (415132141, 'Elizabeth', 'FEMALE', 'Walsh', 401.0); 
INSERT INTO person VALUES (4277945400, 'Natalie', 'FEMALE', 'Richards', 1858.0); 
INSERT INTO person VALUES (5419276820, 'Ronald', 'MALE', 'Murray', 987.0); 
INSERT INTO person VALUES (3746628722, 'Christopher', 'MALE', 'Kelly', 970.0); 
INSERT INTO person VALUES (1509490856, 'Gary', 'MALE', 'Saunders', 287.0); 
INSERT INTO person VALUES (4502666365, 'Frances', 'FEMALE', 'Owen', 1253.0); 
INSERT INTO person VALUES (1188691346, 'Henry', 'MALE', 'Hill', 1154.0); 
INSERT INTO person VALUES (1727113204, 'Brandon', 'MALE', 'Lewis', 26.0); 
INSERT INTO person VALUES (3974144971, 'Abigail', 'FEMALE', 'Saunders', 1996.0); 
INSERT INTO person VALUES (5756476862, 'Scott', 'MALE', 'Clarke', 1923.0); 
INSERT INTO person VALUES (4948433005, 'Sarah', 'FEMALE', 'Bailey', 1744.0); 
INSERT INTO person VALUES (678375530, 'Tyler', 'MALE', 'Edwards', 1568.0); 
INSERT INTO person VALUES (2553186432, 'Amanda', 'FEMALE', 'Evans', 1120.0); 
INSERT INTO person VALUES (2578757626, 'Stephen', 'MALE', 'Parker', 1772.0); 
INSERT INTO person VALUES (2057655641, 'Gloria', 'FEMALE', 'Williams', 1855.0); 
INSERT INTO person VALUES (7717543202, 'Janet', 'FEMALE', 'Graham', 152.0); 
INSERT INTO person VALUES (3067602851, 'Samuel', 'MALE', 'Gray', 585.0); 
INSERT INTO person VALUES (8185310140, 'Donald', 'MALE', 'Robertson', 1212.0); 
INSERT INTO person VALUES (919387180, 'Joshua', 'MALE', 'Harrison', 662.0); 
INSERT INTO person VALUES (4277367230, 'Doris', 'FEMALE', 'Ellis', 1131.0); 
INSERT INTO person VALUES (1097592259, 'Pamela', 'FEMALE', 'Russell', 1935.0); 
INSERT INTO person VALUES (9565216459, 'Gabriel', 'MALE', 'Campbell', 1841.0); 
INSERT INTO person VALUES (3375117535, 'Dennis', 'MALE', 'Moore', 876.0); 
INSERT INTO person VALUES (682471815, 'Lori', 'FEMALE', 'Khan', 978.0); 
INSERT INTO person VALUES (9404513285, 'Theresa', 'FEMALE', 'Carter', 608.0); 
INSERT INTO person VALUES (2695163117, 'Ralph', 'MALE', 'Cox', 660.0); 
INSERT INTO person VALUES (3310635283, 'William', 'MALE', 'Walker', 940.0); 
INSERT INTO person VALUES (3202980720, 'Keith', 'MALE', 'Thompson', 1971.0); 
INSERT INTO person VALUES (1883180506, 'Judith', 'FEMALE', 'Wilkinson', 1310.0); 
INSERT INTO person VALUES (4678208055, 'Amber', 'FEMALE', 'Richardson', 1883.0); 
INSERT INTO person VALUES (2591145976, 'Michael', 'MALE', 'Phillips', 641.0); 
INSERT INTO person VALUES (8814720012, 'Harold', 'MALE', 'Adams', 479.0); 
INSERT INTO person VALUES (3197237529, 'Michael', 'MALE', 'Powell', 1094.0); 
INSERT INTO person VALUES (1670900128, 'Danielle', 'FEMALE', 'Young', 1487.0); 
INSERT INTO person VALUES (8901705946, 'Amanda', 'FEMALE', 'Ellis', 1131.0); 
INSERT INTO person VALUES (4660430705, 'Willie', 'MALE', 'Morris', 471.0); 
INSERT INTO person VALUES (9868669493, 'Samuel', 'MALE', 'Palmer', 55.0); 
INSERT INTO person VALUES (7561247689, 'Joan', 'FEMALE', 'Thomas', 1942.0); 
INSERT INTO person VALUES (4538112653, 'Martha', 'FEMALE', 'Parker', 294.0); 
INSERT INTO person VALUES (6154214820, 'Scott', 'MALE', 'Ward', 671.0); 
INSERT INTO person VALUES (6839251998, 'Alexis', 'FEMALE', 'White', 1038.0); 
INSERT INTO person VALUES (8525275907, 'Kimberly', 'FEMALE', 'Phillips', 340.0); 
INSERT INTO person VALUES (1338606143, 'Judy', 'FEMALE', 'Kelly', 540.0); 
INSERT INTO person VALUES (7570984723, 'Doris', 'FEMALE', 'Campbell', 1488.0); 
INSERT INTO person VALUES (3283875119, 'Jordan', 'MALE', 'Wood', 1298.0); 
INSERT INTO person VALUES (2817811883, 'Christian', 'MALE', 'White', 1191.0); 
INSERT INTO person VALUES (736855881, 'Jennifer', 'FEMALE', 'Thompson', 1333.0); 
INSERT INTO person VALUES (1994988073, 'Andrew', 'MALE', 'Phillips', 832.0); 
INSERT INTO person VALUES (2766228960, 'Ashley', 'FEMALE', 'Phillips', 1582.0); 
INSERT INTO person VALUES (3444692294, 'Teresa', 'FEMALE', 'Lewis', 748.0); 
INSERT INTO person VALUES (3643233202, 'Bobby', 'MALE', 'Martin', 288.0); 
INSERT INTO person VALUES (724539573, 'Albert', 'MALE', 'Adams', 315.0); 
INSERT INTO person VALUES (5797291345, 'Carolyn', 'FEMALE', 'Khan', 271.0); 
INSERT INTO person VALUES (3727800222, 'Terry', 'MALE', 'Marshall', 1454.0); 
INSERT INTO person VALUES (6535301876, 'Frank', 'MALE', 'Murphy', 872.0); 
INSERT INTO person VALUES (9182905697, 'Douglas', 'MALE', 'Wright', 647.0); 
INSERT INTO person VALUES (7230418573, 'Wayne', 'MALE', 'Harris', 123.0); 
INSERT INTO person VALUES (2160205970, 'Timothy', 'MALE', 'Davis', 127.0); 
INSERT INTO person VALUES (555397720, 'Alexis', 'FEMALE', 'Martin', 1414.0); 
INSERT INTO person VALUES (8638859898, 'Elizabeth', 'FEMALE', 'Robinson', 732.0); 
INSERT INTO person VALUES (7031606779, 'Kenneth', 'MALE', 'Clark', 19.0); 
INSERT INTO person VALUES (3472211090, 'Amanda', 'FEMALE', 'Young', 776.0); 
INSERT INTO person VALUES (6724112947, 'Joan', 'FEMALE', 'Wilkinson', 673.0); 
INSERT INTO person VALUES (4248153304, 'Katherine', 'FEMALE', 'Ward', 427.0); 
INSERT INTO person VALUES (501664277, 'Olivia', 'FEMALE', 'Matthews', 565.0); 
INSERT INTO person VALUES (7322275520, 'Thomas', 'MALE', 'Murray', 1843.0); 
INSERT INTO person VALUES (8907351913, 'Jacob', 'MALE', 'Harris', 1910.0); 
INSERT INTO person VALUES (28829735, 'Henry', 'MALE', 'Clark', 1463.0); 
INSERT INTO person VALUES (3197614388, 'Lauren', 'FEMALE', 'Hill', 1970.0); 
INSERT INTO person VALUES (4675644622, 'Rose', 'FEMALE', 'Moore', 280.0); 
INSERT INTO person VALUES (4101382132, 'William', 'MALE', 'Evans', 1455.0); 
INSERT INTO person VALUES (2814953881, 'Timothy', 'MALE', 'Harris', 369.0); 
INSERT INTO person VALUES (6508633578, 'Diane', 'FEMALE', 'Wilkinson', 1166.0); 
INSERT INTO person VALUES (4552986094, 'Rose', 'FEMALE', 'Price', 356.0); 
INSERT INTO person VALUES (2981967929, 'Roy', 'MALE', 'Watson', 1209.0); 
INSERT INTO person VALUES (8430917788, 'Joseph', 'MALE', 'Reid', 171.0); 
INSERT INTO person VALUES (2116221364, 'Walter', 'MALE', 'Carter', 425.0); 
INSERT INTO person VALUES (605496143, 'Michael', 'MALE', 'Walker', 1148.0); 
INSERT INTO person VALUES (3772643816, 'Diane', 'FEMALE', 'Baker', 1456.0); 
INSERT INTO person VALUES (537543345, 'Jeffrey', 'MALE', 'Thompson', 1301.0); 
INSERT INTO person VALUES (741596262, 'Donna', 'FEMALE', 'Hughes', 1545.0); 
INSERT INTO person VALUES (7734739947, 'Deborah', 'FEMALE', 'Martin', 187.0); 
INSERT INTO person VALUES (5906460650, 'Catherine', 'FEMALE', 'Allen', 756.0); 
INSERT INTO person VALUES (9693707216, 'Deborah', 'FEMALE', 'Knight', 1401.0); 
INSERT INTO person VALUES (9357516188, 'Brenda', 'FEMALE', 'Graham', 349.0); 
INSERT INTO person VALUES (3828953385, 'Benjamin', 'MALE', 'Brown', 1699.0); 
INSERT INTO person VALUES (9823919860, 'Ralph', 'MALE', 'Parker', 369.0); 
INSERT INTO person VALUES (488479763, 'Gary', 'MALE', 'Shaw', 1743.0); 
INSERT INTO person VALUES (1149332056, 'Joseph', 'MALE', 'Simpson', 1512.0); 
INSERT INTO person VALUES (623651142, 'Henry', 'MALE', 'Mason', 1394.0); 
INSERT INTO person VALUES (815799524, 'Brandon', 'MALE', 'Watson', 2029.0); 
INSERT INTO person VALUES (8152790722, 'Jeffrey', 'MALE', 'Robertson', 1070.0); 
INSERT INTO person VALUES (477999908, 'Patricia', 'FEMALE', 'Campbell', 757.0); 
INSERT INTO person VALUES (659160743, 'Henry', 'MALE', 'Robertson', 1002.0); 
INSERT INTO person VALUES (7836170766, 'Frank', 'MALE', 'Turner', 91.0); 
INSERT INTO person VALUES (99412002, 'Terry', 'MALE', 'Adams', 875.0); 
INSERT INTO person VALUES (2390999789, 'Gerald', 'MALE', 'Watson', 1673.0); 
INSERT INTO person VALUES (4338132698, 'Catherine', 'FEMALE', 'Stewart', 1102.0); 
INSERT INTO person VALUES (7821403960, 'Bruce', 'MALE', 'Wilkinson', 1868.0); 
INSERT INTO person VALUES (7559581712, 'Christina', 'FEMALE', 'Robertson', 241.0); 
INSERT INTO person VALUES (1220138670, 'Brenda', 'FEMALE', 'Reid', 843.0); 
INSERT INTO person VALUES (2217163887, 'Doris', 'FEMALE', 'Phillips', 1648.0); 
INSERT INTO person VALUES (2262371425, 'Andrea', 'FEMALE', 'Hunt', 339.0); 
INSERT INTO person VALUES (1132883595, 'Nicholas', 'MALE', 'Wood', 1209.0); 
INSERT INTO person VALUES (1750056, 'Russell', 'MALE', 'Rose', 1933.0); 
INSERT INTO person VALUES (2807414464, 'Justin', 'MALE', 'Martin', 1935.0); 
INSERT INTO person VALUES (5499366796, 'Roger', 'MALE', 'Watson', 1801.0); 
INSERT INTO person VALUES (994442316, 'Jonathan', 'MALE', 'Morgan', 1392.0); 
INSERT INTO person VALUES (9587844543, 'Jonathan', 'MALE', 'Thomson', 749.0); 
INSERT INTO person VALUES (5403497968, 'Alice', 'FEMALE', 'Brown', 761.0); 
INSERT INTO person VALUES (3528480956, 'Larry', 'MALE', 'Bailey', 1990.0); 
INSERT INTO person VALUES (6148597608, 'Kyle', 'MALE', 'Griffiths', 1180.0); 
INSERT INTO person VALUES (6539513440, 'Sara', 'FEMALE', 'Stevens', 695.0); 
INSERT INTO person VALUES (738979998, 'Jessica', 'FEMALE', 'Miller', 346.0); 
INSERT INTO person VALUES (7965300406, 'John', 'MALE', 'Kelly', 1606.0); 
INSERT INTO person VALUES (772979048, 'Harold', 'MALE', 'Russell', 110.0); 
INSERT INTO person VALUES (7113341640, 'Robert', 'MALE', 'Palmer', 14.0); 
INSERT INTO person VALUES (9631532736, 'Donna', 'FEMALE', 'Palmer', 1682.0); 
INSERT INTO person VALUES (2258826192, 'Donna', 'FEMALE', 'Anderson', 917.0); 
INSERT INTO person VALUES (650818292, 'Rose', 'FEMALE', 'Rogers', 1041.0); 
INSERT INTO person VALUES (7498246317, 'Richard', 'MALE', 'Walker', 85.0); 
INSERT INTO person VALUES (1189160733, 'Jane', 'FEMALE', 'Cooper', 1833.0); 
INSERT INTO person VALUES (6218449940, 'Madison', 'FEMALE', 'Morgan', 959.0); 
INSERT INTO person VALUES (3352406884, 'Rebecca', 'FEMALE', 'Fox', 1978.0); 
INSERT INTO person VALUES (8044124604, 'Mary', 'FEMALE', 'Carter', 1337.0); 
INSERT INTO person VALUES (7627937830, 'Jacqueline', 'FEMALE', 'Holmes', 1727.0); 
INSERT INTO person VALUES (509668327, 'Larry', 'MALE', 'Shaw', 466.0); 
INSERT INTO person VALUES (3317435282, 'Alan', 'MALE', 'Jackson', 1054.0); 
INSERT INTO person VALUES (1366966263, 'Billy', 'MALE', 'Murphy', 596.0); 
INSERT INTO person VALUES (2296375712, 'Jean', 'FEMALE', 'Morris', 315.0); 
INSERT INTO person VALUES (4855968257, 'Samantha', 'FEMALE', 'Lewis', 839.0); 
INSERT INTO person VALUES (7697532544, 'Lawrence', 'MALE', 'Walker', 1029.0); 
INSERT INTO person VALUES (8495566460, 'Larry', 'MALE', 'Hunter', 1264.0); 
INSERT INTO person VALUES (1112881529, 'Matthew', 'MALE', 'Patel', 1715.0); 
INSERT INTO person VALUES (2382972256, 'Nicole', 'FEMALE', 'Taylor', 1880.0); 
INSERT INTO person VALUES (4807666155, 'Gerald', 'MALE', 'Fox', 51.0); 
INSERT INTO person VALUES (2933159114, 'Grace', 'FEMALE', 'Clarke', 1703.0); 
INSERT INTO person VALUES (5248755176, 'Harry', 'MALE', 'Williams', 288.0); 
INSERT INTO person VALUES (7803497068, 'Thomas', 'MALE', 'Lee', 968.0); 
INSERT INTO person VALUES (1527157756, 'Roy', 'MALE', 'Thomas', 1581.0); 
INSERT INTO person VALUES (9751182880, 'Joyce', 'FEMALE', 'Wilkinson', 925.0); 
INSERT INTO person VALUES (4695826240, 'Victoria', 'FEMALE', 'Cooper', 1858.0); 
INSERT INTO person VALUES (8904648159, 'Olivia', 'FEMALE', 'Kelly', 1833.0); 
INSERT INTO person VALUES (8508923097, 'Rose', 'FEMALE', 'Gray', 914.0); 
INSERT INTO person VALUES (5707689694, 'Wayne', 'MALE', 'Smith', 1044.0); 
INSERT INTO person VALUES (8054136278, 'Judith', 'FEMALE', 'Fox', 1693.0); 
INSERT INTO person VALUES (9202448826, 'Eugene', 'MALE', 'Reynolds', 288.0); 
INSERT INTO person VALUES (3613553284, 'Ryan', 'MALE', 'Jones', 450.0); 
INSERT INTO person VALUES (6762609888, 'Brandon', 'MALE', 'Parker', 1102.0); 
INSERT INTO person VALUES (380234016, 'Marie', 'FEMALE', 'Chapman', 108.0); 
INSERT INTO person VALUES (4563784824, 'Louis', 'MALE', 'Patel', 266.0); 
INSERT INTO person VALUES (465019486, 'Ronald', 'MALE', 'Wilkinson', 1456.0); 
INSERT INTO person VALUES (1324198253, 'Jesse', 'MALE', 'Mason', 1563.0); 
INSERT INTO person VALUES (2200669216, 'Frank', 'MALE', 'Parker', 603.0); 
INSERT INTO person VALUES (8057633888, 'Roger', 'MALE', 'Bell', 1837.0); 
INSERT INTO person VALUES (2154104500, 'Kevin', 'MALE', 'Rogers', 123.0); 
INSERT INTO person VALUES (1094502030, 'Kimberly', 'FEMALE', 'Gray', 1487.0); 
INSERT INTO person VALUES (4943145369, 'Megan', 'FEMALE', 'Thomson', 1441.0); 
INSERT INTO person VALUES (5378644284, 'Diane', 'FEMALE', 'Stevens', 1770.0); 
INSERT INTO person VALUES (1744142154, 'Karen', 'FEMALE', 'Hunter', 712.0); 
INSERT INTO person VALUES (6469614636, 'Lisa', 'FEMALE', 'Knight', 1856.0); 
INSERT INTO person VALUES (1748522052, 'Karen', 'FEMALE', 'Ross', 149.0); 
INSERT INTO person VALUES (7815127483, 'Sarah', 'FEMALE', 'Murphy', 1484.0); 
INSERT INTO person VALUES (3383279288, 'Jacqueline', 'FEMALE', 'Walker', 1522.0); 
INSERT INTO person VALUES (86808062, 'Donna', 'FEMALE', 'Miller', 30.0); 
INSERT INTO person VALUES (9153444672, 'Nancy', 'FEMALE', 'James', 81.0); 
INSERT INTO person VALUES (877437258, 'Rachel', 'FEMALE', 'Powell', 423.0); 
INSERT INTO person VALUES (1783265118, 'Cheryl', 'FEMALE', 'Ellis', 158.0); 
INSERT INTO person VALUES (343372226, 'Steven', 'MALE', 'Watson', 565.0); 
INSERT INTO person VALUES (6947422517, 'Margaret', 'FEMALE', 'James', 97.0); 
INSERT INTO person VALUES (4482521029, 'Paul', 'MALE', 'Jones', 1681.0); 
INSERT INTO person VALUES (8104719049, 'Kyle', 'MALE', 'Bailey', 1014.0); 
INSERT INTO person VALUES (6481131149, 'Jacob', 'MALE', 'White', 1028.0); 
INSERT INTO person VALUES (1929675426, 'Gregory', 'MALE', 'Harris', 1312.0); 
INSERT INTO person VALUES (4887148957, 'Nancy', 'FEMALE', 'Kennedy', 1762.0); 
INSERT INTO person VALUES (8157930565, 'Joseph', 'MALE', 'Cook', 260.0); 
INSERT INTO person VALUES (8148153686, 'Dorothy', 'FEMALE', 'Graham', 1267.0); 
INSERT INTO person VALUES (693825060, 'Barbara', 'FEMALE', 'Reid', 1344.0); 
INSERT INTO person VALUES (9417952304, 'John', 'MALE', 'Ward', 87.0); 
INSERT INTO person VALUES (6341503601, 'Keith', 'MALE', 'Robinson', 522.0); 
INSERT INTO person VALUES (5285130652, 'Victoria', 'FEMALE', 'Hughes', 298.0); 
INSERT INTO person VALUES (5469518672, 'Juan', 'MALE', 'Morris', 1012.0); 
INSERT INTO person VALUES (2495934771, 'Kimberly', 'FEMALE', 'Chapman', 1366.0); 
INSERT INTO person VALUES (7719572852, 'Michelle', 'FEMALE', 'Butler', 1471.0); 
INSERT INTO person VALUES (8624250524, 'Aaron', 'MALE', 'Chapman', 749.0); 
INSERT INTO person VALUES (8617341442, 'Carl', 'MALE', 'Butler', 873.0); 
INSERT INTO person VALUES (5438559032, 'Louis', 'MALE', 'Rogers', 1391.0); 
INSERT INTO person VALUES (2813890742, 'Lisa', 'FEMALE', 'Harris', 1291.0); 
INSERT INTO person VALUES (7107172494, 'Ralph', 'MALE', 'Thomas', 1995.0); 
INSERT INTO person VALUES (154397837, 'Marie', 'FEMALE', 'Murphy', 760.0); 
INSERT INTO person VALUES (3081855377, 'Jesse', 'MALE', 'Lloyd', 1299.0); 
INSERT INTO person VALUES (960811338, 'Peter', 'MALE', 'Hall', 899.0); 
INSERT INTO person VALUES (6141868530, 'Susan', 'FEMALE', 'Chapman', 1211.0); 
INSERT INTO person VALUES (1222723151, 'Samuel', 'MALE', 'Allen', 174.0); 
INSERT INTO person VALUES (7375250391, 'Richard', 'MALE', 'Owen', 1144.0); 
INSERT INTO person VALUES (841281276, 'Janice', 'FEMALE', 'Evans', 1395.0); 
INSERT INTO person VALUES (9744685162, 'Austin', 'MALE', 'Rose', 1758.0); 
INSERT INTO person VALUES (5819123277, 'Richard', 'MALE', 'Moore', 145.0); 
INSERT INTO person VALUES (1800970785, 'Christopher', 'MALE', 'Reid', 1227.0); 
INSERT INTO person VALUES (6718387790, 'Juan', 'MALE', 'Khan', 889.0); 
INSERT INTO person VALUES (341961099, 'Julie', 'FEMALE', 'Wright', 1717.0); 
INSERT INTO person VALUES (8719133909, 'Adam', 'MALE', 'Cook', 1661.0); 
INSERT INTO person VALUES (696940992, 'Anna', 'FEMALE', 'Patel', 1156.0); 
INSERT INTO person VALUES (5392810259, 'Philip', 'MALE', 'Robertson', 1219.0); 
INSERT INTO person VALUES (2268928365, 'Hannah', 'FEMALE', 'Ward', 1964.0); 
INSERT INTO person VALUES (6955539829, 'Alan', 'MALE', 'Murphy', 227.0); 
INSERT INTO person VALUES (438462874, 'Emma', 'FEMALE', 'Harrison', 1575.0); 
INSERT INTO person VALUES (391674173, 'Larry', 'MALE', 'Thomas', 1377.0); 
INSERT INTO person VALUES (8853422483, 'Eric', 'MALE', 'Edwards', 254.0); 
INSERT INTO person VALUES (4564700565, 'Gary', 'MALE', 'Ross', 769.0); 
INSERT INTO person VALUES (4346641843, 'Sharon', 'FEMALE', 'Harrison', 180.0); 
INSERT INTO person VALUES (6459815271, 'Dorothy', 'FEMALE', 'Thomson', 1281.0); 
INSERT INTO person VALUES (8367131384, 'Dorothy', 'FEMALE', 'Mitchell', 911.0); 
INSERT INTO person VALUES (6287790619, 'Brenda', 'FEMALE', 'Rose', 1636.0); 
INSERT INTO person VALUES (2670505934, 'Tyler', 'MALE', 'Davis', 1469.0); 
INSERT INTO person VALUES (7084926589, 'Douglas', 'MALE', 'Patel', 1424.0); 
INSERT INTO person VALUES (1082722994, 'Virginia', 'FEMALE', 'Young', 1539.0); 
INSERT INTO person VALUES (5891780656, 'Mary', 'FEMALE', 'Thompson', 313.0); 
INSERT INTO person VALUES (642452854, 'Sara', 'FEMALE', 'Patel', 41.0); 
INSERT INTO person VALUES (458482474, 'Benjamin', 'MALE', 'Adams', 1723.0); 
INSERT INTO person VALUES (8210208141, 'Barbara', 'FEMALE', 'Johnson', 287.0); 
INSERT INTO person VALUES (642660429, 'Andrew', 'MALE', 'Matthews', 1654.0); 
INSERT INTO person VALUES (72154745, 'Zachary', 'MALE', 'Clarke', 1275.0); 
INSERT INTO person VALUES (3631711157, 'Bryan', 'MALE', 'Jones', 1190.0); 
INSERT INTO person VALUES (3581318196, 'Judy', 'FEMALE', 'Matthews', 1699.0); 
INSERT INTO person VALUES (672334897, 'Edward', 'MALE', 'Saunders', 717.0); 
INSERT INTO person VALUES (3838551381, 'Helen', 'FEMALE', 'Reid', 517.0); 
INSERT INTO person VALUES (9851221251, 'Henry', 'MALE', 'Watson', 1120.0); 
INSERT INTO person VALUES (573506021, 'Judith', 'FEMALE', 'Young', 298.0); 
INSERT INTO person VALUES (9585111900, 'Sarah', 'FEMALE', 'Murphy', 1314.0); 
INSERT INTO person VALUES (3919569738, 'Brandon', 'MALE', 'Turner', 1658.0); 
INSERT INTO person VALUES (5958177606, 'Karen', 'FEMALE', 'Collins', 152.0); 
INSERT INTO person VALUES (9414117, 'Nathan', 'MALE', 'Phillips', 1104.0); 
INSERT INTO person VALUES (2250242916, 'Joyce', 'FEMALE', 'Rogers', 1856.0); 
INSERT INTO person VALUES (9570721373, 'Russell', 'MALE', 'Miller', 1712.0); 
INSERT INTO person VALUES (7690368206, 'Samantha', 'FEMALE', 'Ross', 861.0); 
INSERT INTO person VALUES (9516295478, 'Janet', 'FEMALE', 'Mitchell', 1295.0); 
INSERT INTO person VALUES (8964577852, 'Christine', 'FEMALE', 'Khan', 1374.0); 
INSERT INTO person VALUES (5929948748, 'Doris', 'FEMALE', 'Miller', 1823.0); 
INSERT INTO person VALUES (705106372, 'Nancy', 'FEMALE', 'Hunt', 177.0); 
INSERT INTO person VALUES (1195920507, 'Noah', 'MALE', 'Thomas', 1171.0); 
INSERT INTO person VALUES (8772850475, 'Carl', 'MALE', 'Wright', 1774.0); 
INSERT INTO person VALUES (3679817631, 'Daniel', 'MALE', 'Matthews', 496.0); 
INSERT INTO person VALUES (4262671294, 'Roger', 'MALE', 'Simpson', 1526.0); 
INSERT INTO person VALUES (2327957455, 'Austin', 'MALE', 'Thomson', 673.0); 
INSERT INTO person VALUES (9005822993, 'Richard', 'MALE', 'Allen', 1227.0); 
INSERT INTO person VALUES (904784918, 'Jordan', 'MALE', 'Hughes', 115.0); 
INSERT INTO person VALUES (2577904965, 'Jennifer', 'FEMALE', 'Richards', 82.0); 
INSERT INTO person VALUES (3304674180, 'Donna', 'FEMALE', 'Robertson', 696.0); 
INSERT INTO person VALUES (6347486494, 'Carolyn', 'FEMALE', 'Miller', 468.0); 
INSERT INTO person VALUES (6675809721, 'Patricia', 'FEMALE', 'Lloyd', 762.0); 
INSERT INTO person VALUES (6122654881, 'Russell', 'MALE', 'Marshall', 584.0); 
INSERT INTO person VALUES (803475653, 'Stephanie', 'FEMALE', 'Hall', 804.0); 
INSERT INTO person VALUES (2837738317, 'Megan', 'FEMALE', 'Palmer', 1061.0); 
INSERT INTO person VALUES (815520253, 'Sandra', 'FEMALE', 'Williams', 630.0); 
INSERT INTO person VALUES (1353979408, 'Christina', 'FEMALE', 'Jones', 1495.0); 
INSERT INTO person VALUES (4610264462, 'Kimberly', 'FEMALE', 'Marshall', 1630.0); 
INSERT INTO person VALUES (3737938139, 'Gary', 'MALE', 'Thompson', 1123.0); 
INSERT INTO person VALUES (6408900067, 'Harry', 'MALE', 'Chapman', 611.0); 
INSERT INTO person VALUES (2697416502, 'Henry', 'MALE', 'Palmer', 1290.0); 
INSERT INTO person VALUES (8210890674, 'Robert', 'MALE', 'Baker', 1482.0); 
INSERT INTO person VALUES (773881450, 'Louis', 'MALE', 'Griffiths', 1938.0); 
INSERT INTO person VALUES (299114383, 'Raymond', 'MALE', 'Matthews', 1468.0); 
INSERT INTO person VALUES (5008156514, 'Emma', 'FEMALE', 'Knight', 1440.0); 
INSERT INTO person VALUES (390942789, 'Grace', 'FEMALE', 'Fox', 31.0); 
INSERT INTO person VALUES (7719322253, 'Nathan', 'MALE', 'Butler', 1709.0); 
INSERT INTO person VALUES (2086660759, 'Kelly', 'FEMALE', 'Wright', 1720.0); 
INSERT INTO person VALUES (8153656099, 'Christian', 'MALE', 'Palmer', 292.0); 
INSERT INTO person VALUES (4345823075, 'Henry', 'MALE', 'Baker', 1834.0); 
INSERT INTO person VALUES (1931226250, 'Amber', 'FEMALE', 'Stevens', 1023.0); 
INSERT INTO person VALUES (3889498050, 'Betty', 'FEMALE', 'Roberts', 1971.0); 
INSERT INTO person VALUES (788382782, 'Joyce', 'FEMALE', 'Green', 640.0); 
INSERT INTO person VALUES (6038148477, 'Janet', 'FEMALE', 'Martin', 1738.0); 
INSERT INTO person VALUES (1319441432, 'Jessica', 'FEMALE', 'Butler', 944.0); 
INSERT INTO person VALUES (1574183604, 'Tiffany', 'FEMALE', 'Allen', 955.0); 
INSERT INTO person VALUES (8740988528, 'Kevin', 'MALE', 'Phillips', 1560.0); 
INSERT INTO person VALUES (853622359, 'Randy', 'MALE', 'Cox', 452.0); 
INSERT INTO person VALUES (8529434915, 'Nathan', 'MALE', 'Roberts', 133.0); 
INSERT INTO person VALUES (3031330857, 'Austin', 'MALE', 'Cox', 1498.0); 
INSERT INTO person VALUES (5364775704, 'Gabriel', 'MALE', 'Gray', 1942.0); 
INSERT INTO person VALUES (2552632694, 'Jean', 'FEMALE', 'Ellis', 715.0); 
INSERT INTO person VALUES (8052563001, 'Janice', 'FEMALE', 'Bailey', 303.0); 
INSERT INTO person VALUES (593887957, 'Sara', 'FEMALE', 'Anderson', 291.0); 
INSERT INTO person VALUES (8282840106, 'Nancy', 'FEMALE', 'Adams', 680.0); 
INSERT INTO person VALUES (6763148942, 'Kevin', 'MALE', 'Griffiths', 1389.0); 
INSERT INTO person VALUES (496315905, 'Amy', 'FEMALE', 'Cooper', 1344.0); 
INSERT INTO person VALUES (2754832808, 'Lawrence', 'MALE', 'Johnson', 1580.0); 
INSERT INTO person VALUES (8997753257, 'Rose', 'FEMALE', 'Williams', 301.0); 
INSERT INTO person VALUES (803512673, 'Justin', 'MALE', 'Griffiths', 1450.0); 
INSERT INTO person VALUES (1733109193, 'Jack', 'MALE', 'Martin', 585.0); 
INSERT INTO person VALUES (4954880852, 'Jerry', 'MALE', 'Hunt', 201.0); 
INSERT INTO person VALUES (7035479993, 'Paul', 'MALE', 'Clark', 409.0); 
INSERT INTO person VALUES (6494846120, 'Emma', 'FEMALE', 'Wilkinson', 1481.0); 
INSERT INTO person VALUES (8695980945, 'Alan', 'MALE', 'Edwards', 698.0); 
INSERT INTO person VALUES (380709174, 'Terry', 'MALE', 'Knight', 1341.0); 
INSERT INTO person VALUES (8496417360, 'Edward', 'MALE', 'Saunders', 978.0); 
INSERT INTO person VALUES (5065838192, 'Alice', 'FEMALE', 'Brown', 1953.0); 
INSERT INTO person VALUES (3931996794, 'Madison', 'FEMALE', 'Graham', 213.0); 
INSERT INTO person VALUES (947413978, 'Virginia', 'FEMALE', 'Anderson', 1357.0); 
INSERT INTO person VALUES (1582987172, 'Anthony', 'MALE', 'Lee', 496.0); 
INSERT INTO person VALUES (2887609067, 'Edward', 'MALE', 'Morris', 326.0); 
INSERT INTO person VALUES (255064390, 'Denise', 'FEMALE', 'Baker', 1697.0); 
INSERT INTO person VALUES (1165438202, 'Lawrence', 'MALE', 'Young', 1107.0); 
INSERT INTO person VALUES (9594617080, 'Wayne', 'MALE', 'Shaw', 1059.0); 
INSERT INTO person VALUES (3343102353, 'Jesse', 'MALE', 'Richardson', 1359.0); 
INSERT INTO person VALUES (3635614555, 'Dennis', 'MALE', 'Powell', 923.0); 
INSERT INTO person VALUES (968032022, 'Harold', 'MALE', 'Thompson', 1230.0); 
INSERT INTO person VALUES (5988203825, 'Bryan', 'MALE', 'Morgan', 1238.0); 
INSERT INTO person VALUES (3457901, 'Gregory', 'MALE', 'Jones', 1235.0); 
INSERT INTO person VALUES (5486218241, 'Maria', 'FEMALE', 'Rogers', 1460.0); 
INSERT INTO person VALUES (8242441227, 'Lori', 'FEMALE', 'Davies', 1022.0); 
INSERT INTO person VALUES (9159567368, 'Evelyn', 'FEMALE', 'Russell', 544.0); 
INSERT INTO person VALUES (987578691, 'Debra', 'FEMALE', 'Bailey', 738.0); 
INSERT INTO person VALUES (6202676633, 'Doris', 'FEMALE', 'Campbell', 477.0); 
INSERT INTO person VALUES (4960456912, 'Roger', 'MALE', 'Rogers', 1256.0); 
INSERT INTO person VALUES (6884975878, 'Jerry', 'MALE', 'King', 1544.0); 
INSERT INTO person VALUES (8679471846, 'Deborah', 'FEMALE', 'Carter', 606.0); 
INSERT INTO person VALUES (7118946091, 'Ryan', 'MALE', 'Cox', 845.0); 
INSERT INTO person VALUES (6753904681, 'Philip', 'MALE', 'Johnson', 391.0); 
INSERT INTO person VALUES (1554549112, 'Richard', 'MALE', 'Mason', 1585.0); 
INSERT INTO person VALUES (8505416644, 'Justin', 'MALE', 'Reid', 913.0); 
INSERT INTO person VALUES (1162440354, 'Evelyn', 'FEMALE', 'Carter', 1518.0); 
INSERT INTO person VALUES (4282102494, 'Brandon', 'MALE', 'Phillips', 1963.0); 
INSERT INTO person VALUES (7698231496, 'Joan', 'FEMALE', 'Mitchell', 1364.0); 
INSERT INTO person VALUES (564391522, 'Angela', 'FEMALE', 'Cook', 369.0); 
INSERT INTO person VALUES (680989274, 'Mark', 'MALE', 'Cook', 563.0); 
INSERT INTO person VALUES (4559273568, 'Kyle', 'MALE', 'Evans', 1942.0); 
INSERT INTO person VALUES (265466267, 'Nicole', 'FEMALE', 'King', 1908.0); 
INSERT INTO person VALUES (8455577420, 'Roy', 'MALE', 'Butler', 1602.0); 
INSERT INTO person VALUES (93826578, 'Noah', 'MALE', 'Butler', 887.0); 
INSERT INTO person VALUES (8108364171, 'Donald', 'MALE', 'Knight', 698.0); 
INSERT INTO person VALUES (9704698310, 'Thomas', 'MALE', 'Holmes', 496.0); 
INSERT INTO person VALUES (89146392, 'Lawrence', 'MALE', 'Wilkinson', 1148.0); 
INSERT INTO person VALUES (675928512, 'Olivia', 'FEMALE', 'Morgan', 935.0); 
INSERT INTO person VALUES (4403685904, 'Eugene', 'MALE', 'Griffiths', 1209.0); 
INSERT INTO person VALUES (490385877, 'Olivia', 'FEMALE', 'Bennett', 1215.0); 
INSERT INTO person VALUES (6287942287, 'Jennifer', 'FEMALE', 'Scott', 581.0); 
INSERT INTO person VALUES (5069830941, 'Carolyn', 'FEMALE', 'Murray', 1804.0); 
INSERT INTO person VALUES (2649678036, 'Michael', 'MALE', 'Richards', 1006.0); 
INSERT INTO person VALUES (115310164, 'Carolyn', 'FEMALE', 'Hunt', 569.0); 
INSERT INTO person VALUES (2508314398, 'Jason', 'MALE', 'Collins', 1618.0); 
INSERT INTO person VALUES (2289714329, 'Jordan', 'MALE', 'Williams', 989.0); 
INSERT INTO person VALUES (4910867673, 'George', 'MALE', 'Price', 935.0); 
INSERT INTO person VALUES (3950636740, 'Benjamin', 'MALE', 'Parker', 1078.0); 
INSERT INTO person VALUES (396175312, 'Dylan', 'MALE', 'Williams', 238.0); 
INSERT INTO person VALUES (6992264263, 'Joseph', 'MALE', 'Wright', 1995.0); 
INSERT INTO person VALUES (5088794034, 'Logan', 'MALE', 'Clarke', 324.0); 
INSERT INTO person VALUES (9882604150, 'Nicholas', 'MALE', 'Richards', 1175.0); 
INSERT INTO person VALUES (2214770823, 'Joyce', 'FEMALE', 'Kennedy', 1477.0); 
INSERT INTO person VALUES (5431989519, 'Victoria', 'FEMALE', 'Scott', 1275.0); 
INSERT INTO person VALUES (310257826, 'Christopher', 'MALE', 'Cook', 1101.0); 
INSERT INTO person VALUES (3486892509, 'Laura', 'FEMALE', 'Walsh', 1828.0); 
INSERT INTO person VALUES (1876672597, 'Kathleen', 'FEMALE', 'Thompson', 846.0); 
INSERT INTO person VALUES (2962310400, 'Keith', 'MALE', 'Davies', 1194.0); 
INSERT INTO person VALUES (897757680, 'Grace', 'FEMALE', 'Taylor', 746.0); 
INSERT INTO person VALUES (6423658727, 'Russell', 'MALE', 'Rose', 32.0); 
INSERT INTO person VALUES (2926633399, 'Matthew', 'MALE', 'Walker', 1905.0); 
INSERT INTO person VALUES (9693316950, 'Nicole', 'FEMALE', 'Rogers', 996.0); 
INSERT INTO person VALUES (1268382852, 'Evelyn', 'FEMALE', 'Price', 1442.0); 
INSERT INTO person VALUES (280915021, 'Noah', 'MALE', 'Cox', 408.0); 
INSERT INTO person VALUES (6991180025, 'Peter', 'MALE', 'Hughes', 1176.0); 
INSERT INTO person VALUES (5171639818, 'Philip', 'MALE', 'Clark', 481.0); 
INSERT INTO person VALUES (6893744859, 'Rebecca', 'FEMALE', 'Phillips', 368.0); 
INSERT INTO person VALUES (8958373688, 'Diana', 'FEMALE', 'Bennett', 1404.0); 
INSERT INTO person VALUES (1004460704, 'Andrew', 'MALE', 'Gray', 1931.0); 
INSERT INTO person VALUES (2263275983, 'Scott', 'MALE', 'Lewis', 984.0); 
INSERT INTO person VALUES (1692750446, 'Nathan', 'MALE', 'Young', 708.0); 
INSERT INTO person VALUES (2801483608, 'Carolyn', 'FEMALE', 'Gray', 1887.0); 
INSERT INTO person VALUES (7871911562, 'Sarah', 'FEMALE', 'Harrison', 1078.0); 
INSERT INTO person VALUES (3646267176, 'Patricia', 'FEMALE', 'Johnson', 1180.0); 
INSERT INTO person VALUES (6158144258, 'Lisa', 'FEMALE', 'Robinson', 761.0); 
INSERT INTO person VALUES (6652142779, 'Vincent', 'MALE', 'Brown', 822.0); 
INSERT INTO person VALUES (3103760872, 'Jeremy', 'MALE', 'James', 1927.0); 
INSERT INTO person VALUES (1701840789, 'Maria', 'FEMALE', 'Stewart', 49.0); 
INSERT INTO person VALUES (8922781826, 'Johnny', 'MALE', 'Graham', 1982.0); 
INSERT INTO person VALUES (2214486203, 'Margaret', 'FEMALE', 'Campbell', 636.0); 
INSERT INTO person VALUES (9438250132, 'Joe', 'MALE', 'Ellis', 1164.0); 
INSERT INTO person VALUES (3995991197, 'Jacob', 'MALE', 'Campbell', 1290.0); 
INSERT INTO person VALUES (3454531938, 'Brian', 'MALE', 'Palmer', 1346.0); 
INSERT INTO person VALUES (2268219727, 'Kelly', 'FEMALE', 'Cox', 340.0); 
INSERT INTO person VALUES (2497717648, 'Jane', 'FEMALE', 'Morgan', 1450.0); 
INSERT INTO person VALUES (2042503842, 'Nicole', 'FEMALE', 'Hall', 1332.0); 
INSERT INTO person VALUES (7162552203, 'Albert', 'MALE', 'Cooper', 1180.0); 
INSERT INTO person VALUES (564197999, 'Scott', 'MALE', 'Baker', 2033.0); 
INSERT INTO person VALUES (3069363113, 'Donna', 'FEMALE', 'Butler', 1342.0); 
INSERT INTO person VALUES (559105103, 'Lauren', 'FEMALE', 'Bailey', 222.0); 
INSERT INTO person VALUES (2276432592, 'Charles', 'MALE', 'Simpson', 934.0); 
INSERT INTO person VALUES (6512328475, 'Philip', 'MALE', 'Bennett', 931.0); 
INSERT INTO person VALUES (5838590822, 'Jason', 'MALE', 'Watson', 1592.0); 
INSERT INTO person VALUES (8028757870, 'Raymond', 'MALE', 'King', 886.0); 
INSERT INTO person VALUES (6557358956, 'Rose', 'FEMALE', 'Chapman', 1716.0); 
INSERT INTO person VALUES (8211423452, 'Heather', 'FEMALE', 'Smith', 900.0); 
INSERT INTO person VALUES (7314464, 'Adam', 'MALE', 'Marshall', 487.0); 
INSERT INTO person VALUES (7065115911, 'Beverly', 'FEMALE', 'Baker', 642.0); 
INSERT INTO person VALUES (716712018, 'Patricia', 'FEMALE', 'Lloyd', 658.0); 
INSERT INTO person VALUES (774318401, 'Richard', 'MALE', 'Knight', 765.0); 
INSERT INTO person VALUES (4599498071, 'David', 'MALE', 'Phillips', 106.0); 
INSERT INTO person VALUES (4807799555, 'Andrew', 'MALE', 'Wood', 628.0); 
INSERT INTO person VALUES (2777387036, 'Michelle', 'FEMALE', 'Turner', 817.0); 
INSERT INTO person VALUES (9430427407, 'Lawrence', 'MALE', 'Turner', 800.0); 
INSERT INTO person VALUES (30505540, 'Margaret', 'FEMALE', 'Parker', 15.0); 
INSERT INTO person VALUES (9319460844, 'Willie', 'MALE', 'Robertson', 840.0); 
INSERT INTO person VALUES (742495336, 'Larry', 'MALE', 'Murphy', 1005.0); 
INSERT INTO person VALUES (8459915299, 'Gabriel', 'MALE', 'Knight', 31.0); 
INSERT INTO person VALUES (7959535243, 'Julie', 'FEMALE', 'Cooper', 694.0); 
INSERT INTO person VALUES (7901568245, 'Jack', 'MALE', 'Lloyd', 540.0); 
INSERT INTO person VALUES (4509991126, 'Daniel', 'MALE', 'Hughes', 1697.0); 
INSERT INTO person VALUES (7643831129, 'Juan', 'MALE', 'Richards', 1632.0); 
INSERT INTO person VALUES (3374526604, 'Joyce', 'FEMALE', 'Mason', 390.0); 
INSERT INTO person VALUES (7037459172, 'Russell', 'MALE', 'Knight', 103.0); 
INSERT INTO person VALUES (846155476, 'William', 'MALE', 'Ellis', 446.0); 
INSERT INTO person VALUES (7608868901, 'Ashley', 'FEMALE', 'Khan', 1261.0); 
INSERT INTO person VALUES (6403442107, 'Beverly', 'FEMALE', 'Johnson', 1239.0); 
INSERT INTO person VALUES (1786482976, 'Victoria', 'FEMALE', 'Butler', 1034.0); 
INSERT INTO person VALUES (8736364096, 'Cynthia', 'FEMALE', 'Cook', 147.0); 
INSERT INTO person VALUES (4221899024, 'Marie', 'FEMALE', 'Powell', 1882.0); 
INSERT INTO person VALUES (6437751073, 'Noah', 'MALE', 'Campbell', 459.0); 
INSERT INTO person VALUES (4368987734, 'Jesse', 'MALE', 'Brown', 1330.0); 
INSERT INTO person VALUES (8631166482, 'Joyce', 'FEMALE', 'Russell', 1655.0); 
INSERT INTO person VALUES (998647739, 'Ann', 'FEMALE', 'Anderson', 731.0); 
INSERT INTO person VALUES (7774270612, 'Joshua', 'MALE', 'Murphy', 1764.0); 
INSERT INTO person VALUES (7881491073, 'Ryan', 'MALE', 'Williams', 1986.0); 
INSERT INTO person VALUES (6172611282, 'Samantha', 'FEMALE', 'Roberts', 758.0); 
INSERT INTO person VALUES (7298891818, 'George', 'MALE', 'Bailey', 1148.0); 
INSERT INTO person VALUES (4250254545, 'Lisa', 'FEMALE', 'Brown', 1917.0); 
INSERT INTO person VALUES (1186618440, 'Julie', 'FEMALE', 'Morris', 1723.0); 
INSERT INTO person VALUES (5081466146, 'Lisa', 'FEMALE', 'Johnson', 1150.0); 
INSERT INTO person VALUES (4359282099, 'Michelle', 'FEMALE', 'Allen', 1706.0); 
INSERT INTO person VALUES (47762673, 'Joe', 'MALE', 'Owen', 2008.0); 
INSERT INTO person VALUES (5280291624, 'Bobby', 'MALE', 'Mason', 1815.0); 
INSERT INTO person VALUES (1756500115, 'Ryan', 'MALE', 'Mitchell', 115.0); 
INSERT INTO person VALUES (9547411995, 'Peter', 'MALE', 'Walsh', 1322.0); 
INSERT INTO person VALUES (5245890610, 'Harold', 'MALE', 'Palmer', 1251.0); 
INSERT INTO person VALUES (9718206031, 'Kevin', 'MALE', 'Richardson', 1722.0); 
INSERT INTO person VALUES (822422518, 'Austin', 'MALE', 'Carter', 2037.0); 
INSERT INTO person VALUES (41355874, 'Andrew', 'MALE', 'Robinson', 1239.0); 
INSERT INTO person VALUES (7580394530, 'Richard', 'MALE', 'Gray', 1835.0); 
INSERT INTO person VALUES (46847091, 'Jacqueline', 'FEMALE', 'Hill', 461.0); 
INSERT INTO person VALUES (7577404636, 'Alexis', 'FEMALE', 'Walsh', 1363.0); 
INSERT INTO person VALUES (6362917258, 'Brandon', 'MALE', 'Walsh', 1239.0); 
INSERT INTO person VALUES (6303605502, 'Kenneth', 'MALE', 'Parker', 1049.0); 
INSERT INTO person VALUES (3580164373, 'Madison', 'FEMALE', 'Ward', 1589.0); 
INSERT INTO person VALUES (8748809, 'Barbara', 'FEMALE', 'Moore', 191.0); 
INSERT INTO person VALUES (2071998086, 'Gary', 'MALE', 'Lee', 690.0); 
INSERT INTO person VALUES (105294695, 'Eric', 'MALE', 'Smith', 1932.0); 
INSERT INTO person VALUES (1384546362, 'Ryan', 'MALE', 'James', 432.0); 
INSERT INTO person VALUES (8105214432, 'Maria', 'FEMALE', 'Powell', 541.0); 
INSERT INTO person VALUES (8392827803, 'Teresa', 'FEMALE', 'Adams', 529.0); 
INSERT INTO person VALUES (8619323608, 'Richard', 'MALE', 'Graham', 1599.0); 
INSERT INTO person VALUES (8797919571, 'Jane', 'FEMALE', 'Smith', 492.0); 
INSERT INTO person VALUES (7182761239, 'Keith', 'MALE', 'Price', 876.0); 
INSERT INTO person VALUES (7246774857, 'Janet', 'FEMALE', 'Powell', 840.0); 
INSERT INTO person VALUES (6201492532, 'Tyler', 'MALE', 'White', 662.0); 
INSERT INTO person VALUES (5516632500, 'Henry', 'MALE', 'Butler', 612.0); 
INSERT INTO person VALUES (134227515, 'Wayne', 'MALE', 'Moore', 1945.0); 
INSERT INTO person VALUES (4871903186, 'Richard', 'MALE', 'Richardson', 326.0); 
INSERT INTO person VALUES (7360985873, 'Edward', 'MALE', 'Davies', 1594.0); 
INSERT INTO person VALUES (8856278188, 'Bobby', 'MALE', 'Baker', 1180.0); 
INSERT INTO person VALUES (6503724334, 'Tiffany', 'FEMALE', 'Ward', 857.0); 
INSERT INTO person VALUES (1980432615, 'Thomas', 'MALE', 'Rogers', 141.0); 
INSERT INTO person VALUES (5528204492, 'Karen', 'FEMALE', 'Wilkinson', 1867.0); 
INSERT INTO person VALUES (573758488, 'Emily', 'FEMALE', 'Phillips', 469.0); 
INSERT INTO person VALUES (2294296678, 'Mary', 'FEMALE', 'Turner', 1898.0); 
INSERT INTO person VALUES (6689814563, 'Cheryl', 'FEMALE', 'Collins', 1268.0); 
INSERT INTO person VALUES (657573128, 'Louis', 'MALE', 'Thomson', 518.0); 
INSERT INTO person VALUES (8401698835, 'Keith', 'MALE', 'Martin', 1421.0); 
INSERT INTO person VALUES (409678225, 'Johnny', 'MALE', 'Morris', 132.0); 
INSERT INTO person VALUES (8922993313, 'Kathryn', 'FEMALE', 'White', 861.0); 
INSERT INTO person VALUES (6566115040, 'Keith', 'MALE', 'Parker', 1943.0); 
INSERT INTO person VALUES (8337784251, 'Alice', 'FEMALE', 'Wilkinson', 155.0); 
INSERT INTO person VALUES (1534748871, 'Alexander', 'MALE', 'Kelly', 1239.0); 
INSERT INTO person VALUES (64988082, 'Scott', 'MALE', 'Cox', 1751.0); 
INSERT INTO person VALUES (5904196370, 'Walter', 'MALE', 'Williams', 1923.0); 
INSERT INTO person VALUES (2592705431, 'Thomas', 'MALE', 'Palmer', 806.0); 
INSERT INTO person VALUES (1778992476, 'Jeffrey', 'MALE', 'Bennett', 1815.0); 
INSERT INTO person VALUES (968552446, 'Nicholas', 'MALE', 'Lewis', 1859.0); 
INSERT INTO person VALUES (9116859307, 'Lauren', 'FEMALE', 'Fox', 573.0); 
INSERT INTO person VALUES (1132178221, 'Jennifer', 'FEMALE', 'Wood', 886.0); 
INSERT INTO person VALUES (6446847107, 'Deborah', 'FEMALE', 'Parker', 1232.0); 
INSERT INTO person VALUES (8862845218, 'Theresa', 'FEMALE', 'Thompson', 1981.0); 
INSERT INTO person VALUES (3907586036, 'Laura', 'FEMALE', 'Powell', 985.0); 
INSERT INTO person VALUES (1745930411, 'Bryan', 'MALE', 'James', 1019.0); 
INSERT INTO person VALUES (8917340961, 'Amy', 'FEMALE', 'Adams', 3.0); 
INSERT INTO person VALUES (9231780640, 'Jason', 'MALE', 'Stevens', 97.0); 
INSERT INTO person VALUES (3333164484, 'Scott', 'MALE', 'Hunter', 382.0); 
INSERT INTO person VALUES (4711636745, 'Jean', 'FEMALE', 'Thompson', 272.0); 
INSERT INTO person VALUES (9821814449, 'Bobby', 'MALE', 'Graham', 1352.0); 
INSERT INTO person VALUES (971315819, 'Bruce', 'MALE', 'Scott', 1463.0); 
INSERT INTO person VALUES (3860562292, 'Paul', 'MALE', 'Richardson', 1490.0); 
INSERT INTO person VALUES (3285526143, 'Randy', 'MALE', 'Chapman', 647.0); 
INSERT INTO person VALUES (4404842336, 'Lisa', 'FEMALE', 'Rogers', 910.0); 
INSERT INTO person VALUES (6749579603, 'Susan', 'FEMALE', 'Williams', 1062.0); 
INSERT INTO person VALUES (9531357010, 'Louis', 'MALE', 'Collins', 91.0); 
INSERT INTO person VALUES (436784604, 'Abigail', 'FEMALE', 'Ellis', 258.0); 
INSERT INTO person VALUES (5318689598, 'Kevin', 'MALE', 'Knight', 1616.0); 
INSERT INTO person VALUES (9352949650, 'Samuel', 'MALE', 'Fox', 576.0); 
INSERT INTO person VALUES (4674318365, 'Kyle', 'MALE', 'Baker', 1732.0); 
INSERT INTO person VALUES (5611932874, 'Zachary', 'MALE', 'Bennett', 369.0); 
INSERT INTO person VALUES (3925760625, 'Dorothy', 'FEMALE', 'Phillips', 556.0); 
INSERT INTO person VALUES (8121943214, 'Donald', 'MALE', 'Palmer', 2034.0); 
INSERT INTO person VALUES (5539192568, 'Jesse', 'MALE', 'Scott', 529.0); 
INSERT INTO person VALUES (258369932, 'Susan', 'FEMALE', 'James', 900.0); 
INSERT INTO person VALUES (5624533611, 'Alan', 'MALE', 'Miller', 376.0); 
INSERT INTO person VALUES (5159602226, 'Joseph', 'MALE', 'Young', 1040.0); 
INSERT INTO person VALUES (667598965, 'Jacob', 'MALE', 'Taylor', 1628.0); 
INSERT INTO person VALUES (927241442, 'Roger', 'MALE', 'Allen', 205.0); 
INSERT INTO person VALUES (3734410465, 'Jeremy', 'MALE', 'Young', 2.0); 
INSERT INTO person VALUES (7780324532, 'Aaron', 'MALE', 'Owen', 412.0); 
INSERT INTO person VALUES (847215937, 'Austin', 'MALE', 'Carter', 532.0); 
INSERT INTO person VALUES (9091216809, 'Bryan', 'MALE', 'Mitchell', 716.0); 
INSERT INTO person VALUES (1993757299, 'Megan', 'FEMALE', 'Knight', 1448.0); 
INSERT INTO person VALUES (5114720690, 'Kyle', 'MALE', 'Kennedy', 585.0); 
INSERT INTO person VALUES (2107105819, 'Patricia', 'FEMALE', 'Owen', 141.0); 
INSERT INTO person VALUES (6609639070, 'Margaret', 'FEMALE', 'Saunders', 1624.0); 
INSERT INTO person VALUES (7868161524, 'Joan', 'FEMALE', 'Powell', 830.0); 
INSERT INTO person VALUES (207759506, 'Daniel', 'MALE', 'Richardson', 220.0); 
INSERT INTO person VALUES (9306107704, 'Emma', 'FEMALE', 'Fox', 1051.0); 
INSERT INTO person VALUES (6574848820, 'Kenneth', 'MALE', 'Roberts', 300.0); 
INSERT INTO person VALUES (7550588809, 'Catherine', 'FEMALE', 'Mason', 69.0); 
INSERT INTO person VALUES (9529705551, 'Bobby', 'MALE', 'Clarke', 116.0); 
INSERT INTO person VALUES (3641712334, 'Joshua', 'MALE', 'Richards', 1616.0); 
INSERT INTO person VALUES (7190676506, 'Jennifer', 'FEMALE', 'Hunt', 1273.0); 
INSERT INTO person VALUES (8752686640, 'Sara', 'FEMALE', 'Thomas', 1636.0); 
INSERT INTO person VALUES (2900648169, 'Christine', 'FEMALE', 'Anderson', 642.0); 
INSERT INTO person VALUES (4647724905, 'Jacqueline', 'FEMALE', 'Ross', 1649.0); 
INSERT INTO person VALUES (2915146846, 'Stephanie', 'FEMALE', 'Russell', 341.0); 
INSERT INTO person VALUES (9231950941, 'Roger', 'MALE', 'Lewis', 1369.0); 
INSERT INTO person VALUES (409074033, 'Betty', 'FEMALE', 'Robinson', 1336.0); 
INSERT INTO person VALUES (6087319453, 'Raymond', 'MALE', 'Matthews', 1148.0); 
INSERT INTO person VALUES (1525344795, 'Angela', 'FEMALE', 'Bennett', 359.0); 
INSERT INTO person VALUES (7328848196, 'Betty', 'FEMALE', 'Patel', 485.0); 
INSERT INTO person VALUES (2993944098, 'Christopher', 'MALE', 'Marshall', 1955.0); 
INSERT INTO person VALUES (5567792590, 'Christian', 'MALE', 'Reynolds', 577.0); 
INSERT INTO person VALUES (3268654388, 'Catherine', 'FEMALE', 'Thompson', 1969.0); 
INSERT INTO person VALUES (5753267726, 'Andrew', 'MALE', 'Martin', 1032.0); 
INSERT INTO person VALUES (5642700833, 'Alexander', 'MALE', 'Adams', 1891.0); 
INSERT INTO person VALUES (9629434706, 'Nicole', 'FEMALE', 'Cook', 1275.0); 
INSERT INTO person VALUES (2202199965, 'Madison', 'FEMALE', 'Harrison', 1148.0); 
INSERT INTO person VALUES (1332867282, 'Jean', 'FEMALE', 'Lloyd', 628.0); 
INSERT INTO person VALUES (5693552913, 'Frank', 'MALE', 'Robinson', 1461.0); 
INSERT INTO person VALUES (9647453369, 'Tyler', 'MALE', 'Roberts', 1979.0); 
INSERT INTO person VALUES (7779593682, 'Kyle', 'MALE', 'Moore', 1579.0); 
INSERT INTO person VALUES (1492969794, 'Samantha', 'FEMALE', 'Lloyd', 1234.0); 
INSERT INTO person VALUES (4669262067, 'Megan', 'FEMALE', 'Lloyd', 1714.0); 
INSERT INTO person VALUES (8896806496, 'James', 'MALE', 'Williams', 509.0); 
INSERT INTO person VALUES (678423899, 'Olivia', 'FEMALE', 'Phillips', 1332.0); 
INSERT INTO person VALUES (2871670154, 'Laura', 'FEMALE', 'Murphy', 959.0); 
INSERT INTO person VALUES (4274990611, 'Amber', 'FEMALE', 'Simpson', 1558.0); 
INSERT INTO person VALUES (7850131956, 'Roy', 'MALE', 'Reynolds', 1632.0); 
INSERT INTO person VALUES (1853305910, 'Kevin', 'MALE', 'Morris', 1340.0); 
INSERT INTO person VALUES (8652718065, 'Katherine', 'FEMALE', 'Griffiths', 710.0); 
INSERT INTO person VALUES (918558179, 'Alexander', 'MALE', 'Patel', 88.0); 
INSERT INTO person VALUES (2949695661, 'Kathryn', 'FEMALE', 'Walsh', 890.0); 
INSERT INTO person VALUES (2932759697, 'John', 'MALE', 'Taylor', 1613.0); 
INSERT INTO person VALUES (8907556539, 'Eugene', 'MALE', 'Evans', 143.0); 
INSERT INTO person VALUES (8580402503, 'Nathan', 'MALE', 'Kennedy', 1506.0); 
INSERT INTO person VALUES (3871421745, 'Beverly', 'FEMALE', 'Hunter', 682.0); 
INSERT INTO person VALUES (2293678764, 'Sara', 'FEMALE', 'Patel', 1999.0); 
INSERT INTO person VALUES (2612615292, 'Jonathan', 'MALE', 'Green', 409.0); 
INSERT INTO person VALUES (1107641602, 'Janice', 'FEMALE', 'Reid', 161.0); 
INSERT INTO person VALUES (5677616331, 'Scott', 'MALE', 'Price', 608.0); 
INSERT INTO person VALUES (2005709779, 'James', 'MALE', 'Khan', 1547.0); 
INSERT INTO person VALUES (804584302, 'Beverly', 'FEMALE', 'Thomson', 1009.0); 
INSERT INTO person VALUES (9168893539, 'Samuel', 'MALE', 'Wright', 128.0); 
INSERT INTO person VALUES (5086950458, 'Julia', 'FEMALE', 'Marshall', 1442.0); 
INSERT INTO person VALUES (5110674675, 'Andrea', 'FEMALE', 'Marshall', 239.0); 
INSERT INTO person VALUES (7824924995, 'Lauren', 'FEMALE', 'King', 1344.0); 
INSERT INTO person VALUES (164924948, 'Elizabeth', 'FEMALE', 'Wilson', 1445.0); 
INSERT INTO person VALUES (4617628111, 'Frances', 'FEMALE', 'Rose', 1513.0); 
INSERT INTO person VALUES (8175235034, 'Joyce', 'FEMALE', 'Bailey', 3.0); 
INSERT INTO person VALUES (1557315022, 'Willie', 'MALE', 'Thomson', 233.0); 
INSERT INTO person VALUES (1634770808, 'Donna', 'FEMALE', 'Graham', 413.0); 
INSERT INTO person VALUES (4357431880, 'Martha', 'FEMALE', 'Davies', 1037.0); 
INSERT INTO person VALUES (3353322949, 'Paul', 'MALE', 'Williams', 1062.0); 
INSERT INTO person VALUES (415667304, 'Kathleen', 'FEMALE', 'Murphy', 374.0); 
INSERT INTO person VALUES (9939695506, 'Roy', 'MALE', 'Kennedy', 114.0); 
INSERT INTO person VALUES (8687511638, 'Gary', 'MALE', 'Knight', 626.0); 
INSERT INTO person VALUES (2662443288, 'Ruth', 'FEMALE', 'Cooper', 805.0); 
INSERT INTO person VALUES (1840814995, 'Brandon', 'MALE', 'Chapman', 1969.0); 
INSERT INTO person VALUES (6322248984, 'Brandon', 'MALE', 'Miller', 1395.0); 
INSERT INTO person VALUES (4464360730, 'Betty', 'FEMALE', 'Adams', 1244.0); 
INSERT INTO person VALUES (5754789129, 'Nancy', 'FEMALE', 'Clarke', 1127.0); 
INSERT INTO person VALUES (6055911257, 'Joseph', 'MALE', 'Cook', 335.0); 
INSERT INTO person VALUES (1844711840, 'Shirley', 'FEMALE', 'Jackson', 1081.0); 
INSERT INTO person VALUES (7871409515, 'Jerry', 'MALE', 'Brown', 567.0); 
INSERT INTO person VALUES (5135605367, 'Larry', 'MALE', 'Russell', 109.0); 
INSERT INTO person VALUES (850956199, 'Kenneth', 'MALE', 'Chapman', 663.0); 
INSERT INTO person VALUES (1126419513, 'Judith', 'FEMALE', 'Anderson', 1974.0); 
INSERT INTO person VALUES (940357686, 'Sara', 'FEMALE', 'Richardson', 311.0); 
INSERT INTO person VALUES (9528384840, 'Douglas', 'MALE', 'Rose', 1484.0); 
INSERT INTO person VALUES (9422633070, 'Sharon', 'FEMALE', 'Lewis', 444.0); 
INSERT INTO person VALUES (2355808249, 'Andrea', 'FEMALE', 'Jackson', 1477.0); 
INSERT INTO person VALUES (330764686, 'Mary', 'FEMALE', 'Saunders', 884.0); 
INSERT INTO person VALUES (6850287048, 'Gregory', 'MALE', 'Reynolds', 1997.0); 
INSERT INTO person VALUES (1685111762, 'Anna', 'FEMALE', 'Hunter', 1268.0); 
INSERT INTO person VALUES (7559534303, 'Joshua', 'MALE', 'Cox', 1014.0); 
INSERT INTO person VALUES (932521597, 'Terry', 'MALE', 'White', 422.0); 
INSERT INTO person VALUES (3130631407, 'George', 'MALE', 'Bailey', 522.0); 
INSERT INTO person VALUES (3562659924, 'Helen', 'FEMALE', 'Marshall', 761.0); 
INSERT INTO person VALUES (2826682895, 'Jacqueline', 'FEMALE', 'Wright', 1556.0); 
INSERT INTO person VALUES (4975638253, 'Jesse', 'MALE', 'Lewis', 80.0); 
INSERT INTO person VALUES (2617435167, 'Mary', 'FEMALE', 'Bailey', 1094.0); 
INSERT INTO person VALUES (9055790442, 'Steven', 'MALE', 'Campbell', 696.0); 
INSERT INTO person VALUES (2798904721, 'Nicole', 'FEMALE', 'Lloyd', 1045.0); 
INSERT INTO person VALUES (8358795926, 'Andrew', 'MALE', 'Parker', 1684.0); 
INSERT INTO person VALUES (7307740529, 'Roy', 'MALE', 'Rose', 74.0); 
INSERT INTO person VALUES (8121468786, 'Jessica', 'FEMALE', 'Murphy', 1915.0); 
INSERT INTO person VALUES (7565295354, 'Billy', 'MALE', 'Murray', 1610.0); 
INSERT INTO person VALUES (9990738788, 'Beverly', 'FEMALE', 'Roberts', 1963.0); 
INSERT INTO person VALUES (1140906171, 'Kenneth', 'MALE', 'Holmes', 114.0); 
INSERT INTO person VALUES (8530604682, 'Donna', 'FEMALE', 'Holmes', 1779.0); 
INSERT INTO person VALUES (2894966658, 'Diane', 'FEMALE', 'Miller', 928.0); 
INSERT INTO person VALUES (7089806436, 'Nancy', 'FEMALE', 'Davies', 988.0); 
INSERT INTO person VALUES (5254125283, 'Ralph', 'MALE', 'Shaw', 991.0); 
INSERT INTO person VALUES (7366259814, 'Julie', 'FEMALE', 'Mitchell', 225.0); 
INSERT INTO person VALUES (6604549394, 'Madison', 'FEMALE', 'White', 1142.0); 
INSERT INTO person VALUES (321745157, 'James', 'MALE', 'Powell', 1.0); 
INSERT INTO person VALUES (5815175402, 'Thomas', 'MALE', 'Martin', 122.0); 
INSERT INTO person VALUES (2875216733, 'Lawrence', 'MALE', 'Mitchell', 912.0); 
INSERT INTO person VALUES (4853312456, 'Gary', 'MALE', 'Wright', 109.0); 
INSERT INTO person VALUES (3943877161, 'Victoria', 'FEMALE', 'Collins', 310.0); 
INSERT INTO person VALUES (5195804746, 'Sarah', 'FEMALE', 'Morris', 1746.0); 
INSERT INTO person VALUES (6710773851, 'Samuel', 'MALE', 'Chapman', 1251.0); 
INSERT INTO person VALUES (2128186748, 'Beverly', 'FEMALE', 'Mitchell', 716.0); 
INSERT INTO person VALUES (9644754903, 'Johnny', 'MALE', 'Carter', 1658.0); 
INSERT INTO person VALUES (552215379, 'Lawrence', 'MALE', 'Rose', 1820.0); 
INSERT INTO person VALUES (2466757418, 'Gary', 'MALE', 'Hill', 1275.0); 
INSERT INTO person VALUES (7764740474, 'Jessica', 'FEMALE', 'Bailey', 846.0); 
INSERT INTO person VALUES (2230381700, 'Randy', 'MALE', 'Shaw', 965.0); 
INSERT INTO person VALUES (1214815517, 'Hannah', 'FEMALE', 'Anderson', 1907.0); 
INSERT INTO person VALUES (8847773569, 'Amy', 'FEMALE', 'King', 1902.0); 
INSERT INTO person VALUES (999167667, 'Diana', 'FEMALE', 'Russell', 1288.0); 
INSERT INTO person VALUES (4809940197, 'Angela', 'FEMALE', 'Stevens', 77.0); 
INSERT INTO person VALUES (7698781372, 'Austin', 'MALE', 'Walsh', 1571.0); 
INSERT INTO person VALUES (4785662027, 'Austin', 'MALE', 'Jackson', 1983.0); 
INSERT INTO person VALUES (5687623072, 'Amber', 'FEMALE', 'Shaw', 1435.0); 
INSERT INTO person VALUES (2119236845, 'Edward', 'MALE', 'Roberts', 1636.0); 
INSERT INTO person VALUES (657993412, 'Jane', 'FEMALE', 'Anderson', 546.0); 
INSERT INTO person VALUES (9400957766, 'Katherine', 'FEMALE', 'Mason', 1902.0); 
INSERT INTO person VALUES (269264031, 'Emma', 'FEMALE', 'Allen', 427.0); 
INSERT INTO person VALUES (3271743408, 'Charles', 'MALE', 'White', 1003.0); 
INSERT INTO person VALUES (7616592541, 'Diana', 'FEMALE', 'Hughes', 1083.0); 
INSERT INTO person VALUES (1806917908, 'Louis', 'MALE', 'Ward', 1795.0); 
INSERT INTO person VALUES (7492143802, 'Beverly', 'FEMALE', 'Patel', 507.0); 
INSERT INTO person VALUES (9283195597, 'Gregory', 'MALE', 'Graham', 162.0); 
INSERT INTO person VALUES (8915738620, 'Janice', 'FEMALE', 'Cox', 617.0); 
INSERT INTO person VALUES (4447328375, 'Lori', 'FEMALE', 'White', 1870.0); 
INSERT INTO person VALUES (3301640810, 'Jesse', 'MALE', 'Richards', 1667.0); 
INSERT INTO person VALUES (6527194319, 'Patrick', 'MALE', 'Knight', 1090.0); 
INSERT INTO person VALUES (2008146934, 'Kathryn', 'FEMALE', 'Richards', 1186.0); 
INSERT INTO person VALUES (8889868267, 'Jeffrey', 'MALE', 'Green', 1412.0); 
INSERT INTO person VALUES (1333204573, 'Louis', 'MALE', 'Wilson', 312.0); 
INSERT INTO person VALUES (4490146584, 'Grace', 'FEMALE', 'Edwards', 1610.0); 
INSERT INTO person VALUES (4923627603, 'Bryan', 'MALE', 'Fox', 186.0); 
INSERT INTO person VALUES (4818279690, 'Alan', 'MALE', 'Cook', 871.0); 
INSERT INTO person VALUES (161851638, 'Nancy', 'FEMALE', 'Evans', 663.0); 
INSERT INTO person VALUES (5045181009, 'Linda', 'FEMALE', 'Simpson', 2009.0); 
INSERT INTO person VALUES (5542158606, 'Jacqueline', 'FEMALE', 'Hill', 1700.0); 
INSERT INTO person VALUES (1325966709, 'Albert', 'MALE', 'Clark', 1155.0); 
INSERT INTO person VALUES (397553590, 'Diana', 'FEMALE', 'Morgan', 1502.0); 
INSERT INTO person VALUES (889376922, 'Johnny', 'MALE', 'Evans', 973.0); 
INSERT INTO person VALUES (3180985012, 'Christopher', 'MALE', 'Martin', 943.0); 
INSERT INTO person VALUES (4545929356, 'William', 'MALE', 'Stevens', 682.0); 
INSERT INTO person VALUES (8997924304, 'Lisa', 'FEMALE', 'Morgan', 133.0); 
INSERT INTO person VALUES (2716756449, 'Emma', 'FEMALE', 'Watson', 376.0); 
INSERT INTO person VALUES (2853855154, 'Christian', 'MALE', 'Watson', 1297.0); 
INSERT INTO person VALUES (7155127062, 'Jeremy', 'MALE', 'White', 1509.0); 
INSERT INTO person VALUES (7642934832, 'Linda', 'FEMALE', 'Butler', 816.0); 
INSERT INTO person VALUES (82465548, 'Alan', 'MALE', 'Collins', 1191.0); 
INSERT INTO person VALUES (631778914, 'Nancy', 'FEMALE', 'Wood', 1597.0); 
INSERT INTO person VALUES (3340460655, 'Angela', 'FEMALE', 'Rogers', 41.0); 
INSERT INTO person VALUES (1197861916, 'Debra', 'FEMALE', 'Marshall', 1926.0); 
INSERT INTO person VALUES (1318812825, 'Randy', 'MALE', 'Moore', 181.0); 
INSERT INTO person VALUES (493623951, 'Theresa', 'FEMALE', 'Thomson', 1997.0); 
INSERT INTO person VALUES (7412563000, 'Judith', 'FEMALE', 'Jones', 289.0); 
INSERT INTO person VALUES (9602309858, 'Larry', 'MALE', 'Hall', 1516.0); 
INSERT INTO person VALUES (589144049, 'Peter', 'MALE', 'Scott', 1153.0); 
INSERT INTO person VALUES (9201452596, 'Marie', 'FEMALE', 'Edwards', 1485.0); 
INSERT INTO person VALUES (5496495608, 'Lori', 'FEMALE', 'Stevens', 1431.0); 
INSERT INTO person VALUES (3817935545, 'Marilyn', 'FEMALE', 'Robertson', 665.0); 
INSERT INTO person VALUES (8018705643, 'Lawrence', 'MALE', 'Wilkinson', 983.0); 
INSERT INTO person VALUES (5899745345, 'Dylan', 'MALE', 'Murphy', 985.0); 
INSERT INTO person VALUES (7396262013, 'Roger', 'MALE', 'Price', 1039.0); 
INSERT INTO person VALUES (2182452722, 'Jacqueline', 'FEMALE', 'Young', 14.0); 
INSERT INTO person VALUES (8644792038, 'Victoria', 'FEMALE', 'White', 1113.0); 
INSERT INTO person VALUES (7336556238, 'Janet', 'FEMALE', 'Cook', 1403.0); 
INSERT INTO person VALUES (85768435, 'George', 'MALE', 'Richardson', 408.0); 
INSERT INTO person VALUES (7223594106, 'Lori', 'FEMALE', 'Mitchell', 1795.0); 
INSERT INTO person VALUES (1396659616, 'Wayne', 'MALE', 'Wright', 1409.0); 
INSERT INTO person VALUES (7948201128, 'Margaret', 'FEMALE', 'Khan', 1936.0); 
INSERT INTO person VALUES (5138488239, 'William', 'MALE', 'Wright', 902.0); 
INSERT INTO person VALUES (3391468778, 'Judy', 'FEMALE', 'White', 383.0); 
INSERT INTO person VALUES (2453524077, 'Kevin', 'MALE', 'Stevens', 2032.0); 
INSERT INTO person VALUES (6341291733, 'Alexander', 'MALE', 'Clark', 1457.0); 
INSERT INTO person VALUES (9833618901, 'Rachel', 'FEMALE', 'Palmer', 1437.0); 
INSERT INTO person VALUES (9382167277, 'Katherine', 'FEMALE', 'Phillips', 1735.0); 
INSERT INTO person VALUES (402638400, 'Elizabeth', 'FEMALE', 'Taylor', 829.0); 
INSERT INTO person VALUES (6169796526, 'Bryan', 'MALE', 'Hunter', 987.0); 
INSERT INTO person VALUES (5669958702, 'Nicole', 'FEMALE', 'Williams', 152.0); 
INSERT INTO person VALUES (87338151, 'Mark', 'MALE', 'Brown', 807.0); 
INSERT INTO person VALUES (9031675213, 'Michelle', 'FEMALE', 'Cooper', 338.0); 
INSERT INTO person VALUES (9858333938, 'Patricia', 'FEMALE', 'Davis', 292.0); 
INSERT INTO person VALUES (857375072, 'Noah', 'MALE', 'Clark', 668.0); 
INSERT INTO person VALUES (763787227, 'Roy', 'MALE', 'Morgan', 938.0); 
INSERT INTO person VALUES (2098810175, 'William', 'MALE', 'Price', 978.0); 
INSERT INTO person VALUES (818284024, 'Gerald', 'MALE', 'Lloyd', 972.0); 
INSERT INTO person VALUES (2236587481, 'Nicholas', 'MALE', 'Chapman', 576.0); 
INSERT INTO person VALUES (4359434667, 'Raymond', 'MALE', 'Baker', 590.0); 
INSERT INTO person VALUES (1227982132, 'Jessica', 'FEMALE', 'Hall', 544.0); 
INSERT INTO person VALUES (7289541628, 'Raymond', 'MALE', 'Thomas', 613.0); 
INSERT INTO person VALUES (9631545030, 'Kenneth', 'MALE', 'Holmes', 1042.0); 
INSERT INTO person VALUES (6277204931, 'Judy', 'FEMALE', 'Mason', 821.0); 
INSERT INTO person VALUES (5108791130, 'Alexander', 'MALE', 'James', 1625.0); 
INSERT INTO person VALUES (7442827279, 'Stephanie', 'FEMALE', 'Evans', 1911.0); 
INSERT INTO person VALUES (8091942337, 'Aaron', 'MALE', 'Johnson', 1238.0); 
INSERT INTO person VALUES (4339621007, 'Henry', 'MALE', 'Griffiths', 1379.0); 
INSERT INTO person VALUES (3402286972, 'Ethan', 'MALE', 'Wilkinson', 1297.0); 
INSERT INTO person VALUES (4491421442, 'Michelle', 'FEMALE', 'Ward', 1881.0); 
INSERT INTO person VALUES (52387056, 'Stephen', 'MALE', 'Wright', 1166.0); 
INSERT INTO person VALUES (3211426870, 'Charles', 'MALE', 'Russell', 1280.0); 
INSERT INTO person VALUES (1108498870, 'Cheryl', 'FEMALE', 'Lewis', 1239.0); 
INSERT INTO person VALUES (5840993420, 'Edward', 'MALE', 'Walker', 1984.0); 
INSERT INTO person VALUES (4997808346, 'Charles', 'MALE', 'Wood', 647.0); 
INSERT INTO person VALUES (7120470881, 'Sarah', 'FEMALE', 'Matthews', 1225.0); 
INSERT INTO person VALUES (3560960831, 'Jason', 'MALE', 'Bell', 774.0); 
INSERT INTO person VALUES (7566458113, 'Arthur', 'MALE', 'Lloyd', 386.0); 
INSERT INTO person VALUES (8037877829, 'Nancy', 'FEMALE', 'Collins', 1946.0); 
INSERT INTO person VALUES (6605347873, 'Debra', 'FEMALE', 'Thompson', 1798.0); 
INSERT INTO person VALUES (5535697775, 'William', 'MALE', 'Scott', 1866.0); 
INSERT INTO person VALUES (8254512014, 'Gregory', 'MALE', 'Roberts', 865.0); 
INSERT INTO person VALUES (7066503046, 'George', 'MALE', 'Price', 600.0); 
INSERT INTO person VALUES (8995418998, 'Amanda', 'FEMALE', 'Rose', 1043.0); 
INSERT INTO person VALUES (6501153988, 'Robert', 'MALE', 'Kelly', 454.0); 
INSERT INTO person VALUES (8058674229, 'Katherine', 'FEMALE', 'Kelly', 1078.0); 
INSERT INTO person VALUES (3478348165, 'Gregory', 'MALE', 'Richardson', 1980.0); 
INSERT INTO person VALUES (6000805902, 'Mary', 'FEMALE', 'Hunter', 1439.0); 
INSERT INTO person VALUES (4118968349, 'Kenneth', 'MALE', 'Thompson', 1604.0); 
INSERT INTO person VALUES (8606288964, 'Bryan', 'MALE', 'Thomson', 1881.0); 
INSERT INTO person VALUES (1080837648, 'Kenneth', 'MALE', 'Ellis', 1326.0); 
INSERT INTO person VALUES (469989611, 'Sandra', 'FEMALE', 'Mitchell', 675.0); 
INSERT INTO person VALUES (9738329889, 'Donald', 'MALE', 'Adams', 1152.0); 
INSERT INTO person VALUES (38532851, 'Heather', 'FEMALE', 'Patel', 1140.0); 
INSERT INTO person VALUES (3966505831, 'Edward', 'MALE', 'Scott', 203.0); 
INSERT INTO person VALUES (26734554, 'Matthew', 'MALE', 'Lloyd', 1739.0); 
INSERT INTO person VALUES (2884882587, 'Vincent', 'MALE', 'Wood', 1443.0); 
INSERT INTO person VALUES (9496213645, 'Carol', 'FEMALE', 'Miller', 1811.0); 
INSERT INTO person VALUES (6920868835, 'Juan', 'MALE', 'Green', 551.0); 
INSERT INTO person VALUES (7853704415, 'Dennis', 'MALE', 'Marshall', 1057.0); 
INSERT INTO person VALUES (6458789902, 'Maria', 'FEMALE', 'Morris', 1973.0); 
INSERT INTO person VALUES (4820546230, 'Rachel', 'FEMALE', 'Allen', 1718.0); 
INSERT INTO person VALUES (1170214959, 'Nicole', 'FEMALE', 'Hall', 259.0); 
INSERT INTO person VALUES (7752339063, 'Eugene', 'MALE', 'Hughes', 658.0); 
INSERT INTO person VALUES (752617393, 'Emma', 'FEMALE', 'Hill', 677.0); 
INSERT INTO person VALUES (9988147540, 'Willie', 'MALE', 'Hunt', 519.0); 
INSERT INTO person VALUES (4231835677, 'Dylan', 'MALE', 'Richardson', 1427.0); 
INSERT INTO person VALUES (3590320596, 'Ann', 'FEMALE', 'Green', 916.0); 
INSERT INTO person VALUES (2263145899, 'Jacqueline', 'FEMALE', 'Walker', 1171.0); 
INSERT INTO person VALUES (1853203931, 'Jane', 'FEMALE', 'Green', 657.0); 
INSERT INTO person VALUES (4955251597, 'Lori', 'FEMALE', 'Owen', 1411.0); 
INSERT INTO person VALUES (8264471573, 'Ann', 'FEMALE', 'Holmes', 996.0); 
INSERT INTO person VALUES (274288071, 'Jason', 'MALE', 'Morgan', 513.0); 
INSERT INTO person VALUES (8620132665, 'Jose', 'MALE', 'Stewart', 1872.0); 
INSERT INTO person VALUES (3964926201, 'Katherine', 'FEMALE', 'Ward', 88.0); 
INSERT INTO person VALUES (6062199787, 'Beverly', 'FEMALE', 'Lee', 1431.0); 
INSERT INTO person VALUES (4966947676, 'Deborah', 'FEMALE', 'Kelly', 396.0); 
INSERT INTO person VALUES (623483632, 'Jeffrey', 'MALE', 'Cook', 1236.0); 
INSERT INTO person VALUES (5127804929, 'Evelyn', 'FEMALE', 'Saunders', 59.0); 
INSERT INTO person VALUES (2400631486, 'Nancy', 'FEMALE', 'Marshall', 2033.0); 
INSERT INTO person VALUES (4290933936, 'Barbara', 'FEMALE', 'Hunt', 1310.0); 
INSERT INTO person VALUES (1194308058, 'Logan', 'MALE', 'James', 382.0); 
INSERT INTO person VALUES (5926768139, 'Amy', 'FEMALE', 'Harris', 1674.0); 
INSERT INTO person VALUES (6021858735, 'Judy', 'FEMALE', 'Thomson', 151.0); 
INSERT INTO person VALUES (9184922256, 'Joshua', 'MALE', 'Thompson', 76.0); 
INSERT INTO person VALUES (1539257880, 'Danielle', 'FEMALE', 'Watson', 965.0); 
INSERT INTO person VALUES (3191743690, 'Bruce', 'MALE', 'Richardson', 1984.0); 
INSERT INTO person VALUES (3097266639, 'Virginia', 'FEMALE', 'Smith', 863.0); 
INSERT INTO person VALUES (9692938067, 'Julie', 'FEMALE', 'James', 1832.0); 
INSERT INTO person VALUES (5443272630, 'Donna', 'FEMALE', 'Griffiths', 1574.0); 
INSERT INTO person VALUES (5961788396, 'Louis', 'MALE', 'Murray', 1898.0); 
INSERT INTO person VALUES (6166602449, 'Kenneth', 'MALE', 'Walker', 865.0); 
INSERT INTO person VALUES (1532097, 'Shirley', 'FEMALE', 'Hall', 702.0); 
INSERT INTO person VALUES (8567360092, 'Scott', 'MALE', 'Murray', 540.0); 
INSERT INTO person VALUES (9002917308, 'Alan', 'MALE', 'Allen', 1017.0); 
INSERT INTO person VALUES (3291301112, 'Larry', 'MALE', 'Gray', 1789.0); 
INSERT INTO person VALUES (171713230, 'Nicholas', 'MALE', 'Robertson', 1273.0); 
INSERT INTO person VALUES (7113882634, 'Margaret', 'FEMALE', 'Lewis', 82.0); 
INSERT INTO person VALUES (8917835753, 'Logan', 'MALE', 'Owen', 354.0); 
INSERT INTO person VALUES (4459590606, 'Louis', 'MALE', 'Thomson', 1326.0); 
INSERT INTO person VALUES (2449809242, 'Brittany', 'FEMALE', 'Murphy', 796.0); 
INSERT INTO person VALUES (3384923075, 'Grace', 'FEMALE', 'Phillips', 82.0); 
INSERT INTO person VALUES (969111312, 'Joe', 'MALE', 'Evans', 789.0); 
INSERT INTO person VALUES (281965441, 'Lawrence', 'MALE', 'Ross', 23.0); 
INSERT INTO person VALUES (9587736009, 'Kevin', 'MALE', 'Marshall', 1219.0); 
INSERT INTO person VALUES (4555722055, 'Willie', 'MALE', 'Thomas', 1253.0); 
INSERT INTO person VALUES (6006711356, 'Stephen', 'MALE', 'Thompson', 2025.0); 
INSERT INTO person VALUES (8098738014, 'Debra', 'FEMALE', 'Robinson', 840.0); 
INSERT INTO person VALUES (6071672438, 'Mary', 'FEMALE', 'Jones', 1257.0); 
INSERT INTO person VALUES (3356853351, 'Angela', 'FEMALE', 'Brown', 1332.0); 
INSERT INTO person VALUES (749726528, 'Ann', 'FEMALE', 'Harris', 1578.0); 
INSERT INTO person VALUES (826255013, 'Rebecca', 'FEMALE', 'Russell', 312.0); 
INSERT INTO person VALUES (829161174, 'Nancy', 'FEMALE', 'Davies', 1133.0); 
INSERT INTO person VALUES (1394734190, 'Billy', 'MALE', 'Phillips', 1068.0); 
INSERT INTO person VALUES (7704501503, 'Heather', 'FEMALE', 'Carter', 726.0); 
INSERT INTO person VALUES (3341999891, 'Ann', 'FEMALE', 'Thomas', 829.0); 
INSERT INTO person VALUES (6312184264, 'Susan', 'FEMALE', 'Patel', 1753.0); 
INSERT INTO person VALUES (1961654565, 'Carolyn', 'FEMALE', 'Powell', 268.0); 
INSERT INTO person VALUES (1655301596, 'Mary', 'FEMALE', 'Kelly', 1357.0); 
INSERT INTO person VALUES (2182192431, 'George', 'MALE', 'Saunders', 1027.0); 
INSERT INTO person VALUES (8123298319, 'Beverly', 'FEMALE', 'Scott', 1899.0); 
INSERT INTO person VALUES (9324752704, 'Nicholas', 'MALE', 'Carter', 975.0); 
INSERT INTO person VALUES (5827857276, 'Martha', 'FEMALE', 'Graham', 1998.0); 
INSERT INTO person VALUES (8892842755, 'Tiffany', 'FEMALE', 'Green', 601.0); 
INSERT INTO person VALUES (7016455281, 'Dylan', 'MALE', 'Anderson', 1898.0); 
INSERT INTO person VALUES (5726263259, 'Frank', 'MALE', 'Ross', 46.0); 
INSERT INTO person VALUES (927648345, 'Joseph', 'MALE', 'Chapman', 1453.0); 
INSERT INTO person VALUES (693519626, 'Amanda', 'FEMALE', 'Rose', 1260.0); 
INSERT INTO person VALUES (4088682795, 'Tiffany', 'FEMALE', 'Adams', 1825.0); 
INSERT INTO person VALUES (5634920448, 'Nicholas', 'MALE', 'King', 2038.0); 
INSERT INTO person VALUES (905615543, 'Amber', 'FEMALE', 'Chapman', 571.0); 
INSERT INTO person VALUES (3021951710, 'Brian', 'MALE', 'Saunders', 1231.0); 
INSERT INTO person VALUES (766152257, 'Matthew', 'MALE', 'Green', 50.0); 
INSERT INTO person VALUES (9096610297, 'Mark', 'MALE', 'Lloyd', 1177.0); 
INSERT INTO person VALUES (7981619552, 'Nicole', 'FEMALE', 'Clarke', 1591.0); 
INSERT INTO person VALUES (812495501, 'Eugene', 'MALE', 'Mitchell', 1276.0); 
INSERT INTO person VALUES (686322977, 'Joshua', 'MALE', 'Cox', 649.0); 
INSERT INTO person VALUES (2506234300, 'Rose', 'FEMALE', 'Jones', 913.0); 
INSERT INTO person VALUES (3495405852, 'Angela', 'FEMALE', 'Rose', 1577.0); 
INSERT INTO person VALUES (7130474888, 'Terry', 'MALE', 'Kelly', 373.0); 
INSERT INTO person VALUES (6339817486, 'Albert', 'MALE', 'Gray', 1439.0); 
INSERT INTO person VALUES (5554271207, 'Albert', 'MALE', 'Young', 1898.0); 
INSERT INTO person VALUES (1677178613, 'Abigail', 'FEMALE', 'Stevens', 275.0); 
INSERT INTO person VALUES (1539324886, 'Judith', 'FEMALE', 'Reid', 1817.0); 
INSERT INTO person VALUES (3421955889, 'Eugene', 'MALE', 'Hunt', 1069.0); 
INSERT INTO person VALUES (7664704342, 'Roy', 'MALE', 'Palmer', 431.0); 
INSERT INTO person VALUES (560137769, 'Jonathan', 'MALE', 'Palmer', 1648.0); 
INSERT INTO person VALUES (957355860, 'Lori', 'FEMALE', 'Owen', 129.0); 
INSERT INTO person VALUES (5026456230, 'Patricia', 'FEMALE', 'Hughes', 902.0); 
INSERT INTO person VALUES (5830818749, 'Joan', 'FEMALE', 'Parker', 1376.0); 
INSERT INTO person VALUES (7943490671, 'Richard', 'MALE', 'Roberts', 584.0); 
INSERT INTO person VALUES (5103994580, 'Sharon', 'FEMALE', 'Johnson', 150.0); 
INSERT INTO person VALUES (8501793230, 'Jennifer', 'FEMALE', 'Russell', 1891.0); 
INSERT INTO person VALUES (8457865628, 'Vincent', 'MALE', 'Hunter', 1159.0); 
INSERT INTO person VALUES (552513170, 'Amanda', 'FEMALE', 'Wood', 1710.0); 
INSERT INTO person VALUES (7106554763, 'Joyce', 'FEMALE', 'Clarke', 1583.0); 
INSERT INTO person VALUES (7999327, 'Mark', 'MALE', 'Hunt', 1946.0); 
INSERT INTO person VALUES (6487740958, 'Lisa', 'FEMALE', 'Anderson', 939.0); 
INSERT INTO person VALUES (1350204714, 'Eugene', 'MALE', 'Moore', 1604.0); 
INSERT INTO person VALUES (7335942274, 'Ronald', 'MALE', 'Thompson', 1642.0); 
INSERT INTO person VALUES (6224289815, 'Evelyn', 'FEMALE', 'Hill', 1925.0); 
INSERT INTO person VALUES (3928630830, 'Anna', 'FEMALE', 'Miller', 2039.0); 
INSERT INTO person VALUES (3330958032, 'Logan', 'MALE', 'Smith', 1312.0); 
INSERT INTO person VALUES (5113208958, 'Samuel', 'MALE', 'Hughes', 992.0); 
INSERT INTO person VALUES (6043297980, 'Dylan', 'MALE', 'Marshall', 1697.0); 
INSERT INTO person VALUES (474137970, 'Jean', 'FEMALE', 'Knight', 1074.0); 
INSERT INTO person VALUES (8031446186, 'Wayne', 'MALE', 'Simpson', 1103.0); 
INSERT INTO person VALUES (8588534124, 'Gregory', 'MALE', 'Walker', 850.0); 
INSERT INTO person VALUES (6065916474, 'Bryan', 'MALE', 'Thompson', 1569.0); 
INSERT INTO person VALUES (1947722057, 'Heather', 'FEMALE', 'White', 1986.0); 
INSERT INTO person VALUES (3545618254, 'Elizabeth', 'FEMALE', 'Bennett', 357.0); 
INSERT INTO person VALUES (772533965, 'Andrew', 'MALE', 'Lloyd', 1040.0); 
INSERT INTO person VALUES (7224757776, 'Jacqueline', 'FEMALE', 'Shaw', 390.0); 
INSERT INTO person VALUES (7809860894, 'David', 'MALE', 'Richards', 618.0); 
INSERT INTO person VALUES (9812289646, 'Danielle', 'FEMALE', 'Rose', 880.0); 
INSERT INTO person VALUES (9181776762, 'Johnny', 'MALE', 'James', 924.0); 
INSERT INTO person VALUES (3969269445, 'Brenda', 'FEMALE', 'Phillips', 1833.0); 
INSERT INTO person VALUES (982170110, 'Tiffany', 'FEMALE', 'Ward', 953.0); 
INSERT INTO person VALUES (8624314021, 'Nathan', 'MALE', 'Hill', 1979.0); 
INSERT INTO person VALUES (4599515493, 'Betty', 'FEMALE', 'Price', 103.0); 
INSERT INTO person VALUES (7063568954, 'Benjamin', 'MALE', 'Price', 684.0); 
INSERT INTO person VALUES (7613806025, 'Melissa', 'FEMALE', 'Lloyd', 977.0); 
INSERT INTO person VALUES (1959730988, 'Sandra', 'FEMALE', 'Thomas', 607.0); 
INSERT INTO person VALUES (5783939523, 'Carol', 'FEMALE', 'Smith', 1850.0); 
INSERT INTO person VALUES (486798274, 'Kimberly', 'FEMALE', 'Khan', 999.0); 
INSERT INTO person VALUES (8571619460, 'Justin', 'MALE', 'Green', 1510.0); 
INSERT INTO person VALUES (4986597276, 'Katherine', 'FEMALE', 'Khan', 564.0); 
INSERT INTO person VALUES (1123693314, 'Lawrence', 'MALE', 'Watson', 485.0); 
INSERT INTO person VALUES (2661739950, 'Jerry', 'MALE', 'Owen', 1359.0); 
INSERT INTO person VALUES (4167727665, 'Anna', 'FEMALE', 'Campbell', 368.0); 
INSERT INTO person VALUES (9403428773, 'Judith', 'FEMALE', 'James', 1185.0); 
INSERT INTO person VALUES (770112671, 'Wayne', 'MALE', 'Walker', 797.0); 
INSERT INTO person VALUES (590284274, 'Danielle', 'FEMALE', 'Campbell', 1941.0); 
INSERT INTO person VALUES (1074427246, 'Ryan', 'MALE', 'Collins', 288.0); 
INSERT INTO person VALUES (8631306794, 'Lori', 'FEMALE', 'Fox', 720.0); 
INSERT INTO person VALUES (2527587784, 'David', 'MALE', 'Rogers', 1631.0); 
INSERT INTO person VALUES (1220991273, 'Christine', 'FEMALE', 'Cook', 694.0); 
INSERT INTO person VALUES (3456182848, 'Roger', 'MALE', 'Patel', 319.0); 
INSERT INTO person VALUES (8837734196, 'Nancy', 'FEMALE', 'Ross', 375.0); 
INSERT INTO person VALUES (4513177407, 'Katherine', 'FEMALE', 'Rose', 1439.0); 
INSERT INTO person VALUES (8401451558, 'Pamela', 'FEMALE', 'Shaw', 707.0); 
INSERT INTO person VALUES (1766794540, 'Diana', 'FEMALE', 'Harris', 1960.0); 
INSERT INTO person VALUES (8717265415, 'Eugene', 'MALE', 'Harris', 1201.0); 
INSERT INTO person VALUES (6017569779, 'Emma', 'FEMALE', 'Graham', 1931.0); 
INSERT INTO person VALUES (766216707, 'Peter', 'MALE', 'Jackson', 816.0); 
INSERT INTO person VALUES (8138871240, 'Nicole', 'FEMALE', 'Mason', 231.0); 
INSERT INTO person VALUES (6568779218, 'Lawrence', 'MALE', 'Matthews', 696.0); 
INSERT INTO person VALUES (8982713434, 'Katherine', 'FEMALE', 'Williams', 1028.0); 
INSERT INTO person VALUES (9074742685, 'Bryan', 'MALE', 'Williams', 1014.0); 
INSERT INTO person VALUES (6845418202, 'Alice', 'FEMALE', 'Matthews', 1210.0); 
INSERT INTO person VALUES (527513965, 'Andrea', 'FEMALE', 'Green', 787.0); 
INSERT INTO person VALUES (6096224841, 'Brandon', 'MALE', 'Hill', 634.0); 
INSERT INTO person VALUES (5169668910, 'Brenda', 'FEMALE', 'Thomas', 751.0); 
INSERT INTO person VALUES (1881683498, 'Jason', 'MALE', 'Wilkinson', 1212.0); 
INSERT INTO person VALUES (4503642391, 'Peter', 'MALE', 'Fox', 1132.0); 
INSERT INTO person VALUES (171319865, 'Melissa', 'FEMALE', 'Jones', 31.0); 
INSERT INTO person VALUES (3466340953, 'Melissa', 'FEMALE', 'Owen', 1802.0); 
INSERT INTO person VALUES (1429401568, 'Harry', 'MALE', 'Adams', 1110.0); 
INSERT INTO person VALUES (4689726375, 'Susan', 'FEMALE', 'Parker', 1993.0); 
INSERT INTO person VALUES (781512294, 'Emma', 'FEMALE', 'Fox', 14.0); 
INSERT INTO person VALUES (2920776406, 'Natalie', 'FEMALE', 'Griffiths', 1123.0); 
INSERT INTO person VALUES (657221371, 'Dennis', 'MALE', 'Turner', 90.0); 
INSERT INTO person VALUES (9149861924, 'Stephen', 'MALE', 'Ellis', 1831.0); 
INSERT INTO person VALUES (6484675260, 'Barbara', 'FEMALE', 'Morgan', 69.0); 
INSERT INTO person VALUES (7162571364, 'Douglas', 'MALE', 'Mitchell', 1462.0); 
INSERT INTO person VALUES (111412280, 'James', 'MALE', 'Robinson', 68.0); 
INSERT INTO person VALUES (9071700557, 'Jordan', 'MALE', 'Simpson', 1216.0); 
INSERT INTO person VALUES (8913270138, 'Brittany', 'FEMALE', 'Ward', 321.0); 
INSERT INTO person VALUES (7765549025, 'Jennifer', 'FEMALE', 'Ross', 1079.0); 
INSERT INTO person VALUES (6822902824, 'Judith', 'FEMALE', 'Campbell', 1975.0); 
INSERT INTO person VALUES (1023815495, 'Kathleen', 'FEMALE', 'Thompson', 463.0); 
INSERT INTO person VALUES (7701712561, 'Stephanie', 'FEMALE', 'Harris', 1274.0); 
INSERT INTO person VALUES (2755462288, 'Kimberly', 'FEMALE', 'Martin', 1612.0); 
INSERT INTO person VALUES (9135325522, 'Katherine', 'FEMALE', 'Russell', 474.0); 
INSERT INTO person VALUES (816469556, 'Vincent', 'MALE', 'Clarke', 1415.0); 
INSERT INTO person VALUES (1247366478, 'Stephanie', 'FEMALE', 'Rose', 943.0); 
INSERT INTO person VALUES (9112778815, 'Jeffrey', 'MALE', 'Graham', 1195.0); 
INSERT INTO person VALUES (428815460, 'Elizabeth', 'FEMALE', 'Phillips', 616.0); 
INSERT INTO person VALUES (4337736368, 'Kathleen', 'FEMALE', 'Turner', 253.0); 
INSERT INTO person VALUES (3929534715, 'Ronald', 'MALE', 'Saunders', 536.0); 
INSERT INTO person VALUES (3080499880, 'Carolyn', 'FEMALE', 'Davis', 1984.0); 
INSERT INTO person VALUES (9770840957, 'Bobby', 'MALE', 'Morgan', 785.0); 
INSERT INTO person VALUES (4911627498, 'Doris', 'FEMALE', 'Watson', 211.0); 
INSERT INTO person VALUES (52648287, 'Janet', 'FEMALE', 'Bell', 1314.0); 
INSERT INTO person VALUES (8769293451, 'Marie', 'FEMALE', 'Roberts', 94.0); 
INSERT INTO person VALUES (5616331536, 'Matthew', 'MALE', 'Wilson', 864.0); 
INSERT INTO person VALUES (9354385318, 'Mary', 'FEMALE', 'Patel', 1206.0); 
INSERT INTO person VALUES (3931146766, 'Charles', 'MALE', 'Robertson', 728.0); 
INSERT INTO person VALUES (3734957246, 'Abigail', 'FEMALE', 'Gray', 937.0); 
INSERT INTO person VALUES (4957811633, 'Diane', 'FEMALE', 'Stewart', 711.0); 
INSERT INTO person VALUES (8319914891, 'Joshua', 'MALE', 'Evans', 720.0); 
INSERT INTO person VALUES (8230288268, 'Douglas', 'MALE', 'Kennedy', 1731.0); 
INSERT INTO person VALUES (7369183, 'Diane', 'FEMALE', 'Patel', 1590.0); 
INSERT INTO person VALUES (4355147834, 'Linda', 'FEMALE', 'Ross', 849.0); 
INSERT INTO person VALUES (2294647926, 'Margaret', 'FEMALE', 'Thompson', 1682.0); 
INSERT INTO person VALUES (4172630195, 'Pamela', 'FEMALE', 'Bennett', 737.0); 
INSERT INTO person VALUES (373630421, 'Austin', 'MALE', 'Morgan', 298.0); 
INSERT INTO person VALUES (3786273146, 'Barbara', 'FEMALE', 'Chapman', 653.0); 
INSERT INTO person VALUES (9751957782, 'Adam', 'MALE', 'Richardson', 1086.0); 
INSERT INTO person VALUES (8193180620, 'Mark', 'MALE', 'Powell', 687.0); 
INSERT INTO person VALUES (260360346, 'Kelly', 'FEMALE', 'Ross', 699.0); 
INSERT INTO person VALUES (8430863684, 'Kathryn', 'FEMALE', 'Wilkinson', 1025.0); 
INSERT INTO person VALUES (169576749, 'Raymond', 'MALE', 'Ellis', 1229.0); 
INSERT INTO person VALUES (922735288, 'Katherine', 'FEMALE', 'Kennedy', 1920.0); 
INSERT INTO person VALUES (881063174, 'Timothy', 'MALE', 'Reynolds', 1493.0); 
INSERT INTO person VALUES (889411342, 'Joan', 'FEMALE', 'Griffiths', 1546.0); 
INSERT INTO person VALUES (1275305327, 'Diana', 'FEMALE', 'Price', 826.0); 
INSERT INTO person VALUES (9790686453, 'Alice', 'FEMALE', 'Gray', 102.0); 
INSERT INTO person VALUES (3113652465, 'Janet', 'FEMALE', 'Williams', 1053.0); 
INSERT INTO person VALUES (2920460420, 'Michael', 'MALE', 'Johnson', 1592.0); 
INSERT INTO person VALUES (436647906, 'Paul', 'MALE', 'Campbell', 199.0); 
INSERT INTO person VALUES (9041117319, 'Gregory', 'MALE', 'Russell', 1822.0); 
INSERT INTO person VALUES (8407592675, 'Michelle', 'FEMALE', 'Adams', 857.0); 
INSERT INTO person VALUES (298956842, 'Amanda', 'FEMALE', 'Bailey', 1592.0); 
INSERT INTO person VALUES (7218260282, 'Joan', 'FEMALE', 'Mason', 1383.0); 
INSERT INTO person VALUES (5878279678, 'Judith', 'FEMALE', 'Mitchell', 1784.0); 
INSERT INTO person VALUES (2142695993, 'Peter', 'MALE', 'Reid', 403.0); 
INSERT INTO person VALUES (3035495535, 'Andrew', 'MALE', 'Mason', 1353.0); 
INSERT INTO person VALUES (7848251617, 'Jonathan', 'MALE', 'Green', 313.0); 
INSERT INTO person VALUES (9484592318, 'Andrea', 'FEMALE', 'Russell', 1591.0); 
INSERT INTO person VALUES (1785798052, 'Daniel', 'MALE', 'James', 679.0); 
INSERT INTO person VALUES (5868744658, 'Terry', 'MALE', 'Rose', 1137.0); 
INSERT INTO person VALUES (2531446969, 'Charles', 'MALE', 'Simpson', 1261.0); 
INSERT INTO person VALUES (3207294113, 'Kyle', 'MALE', 'Ellis', 1418.0); 
INSERT INTO person VALUES (2861327701, 'Alexander', 'MALE', 'Saunders', 1881.0); 
INSERT INTO person VALUES (611474837, 'Evelyn', 'FEMALE', 'Parker', 1347.0); 
INSERT INTO person VALUES (3383686221, 'Bruce', 'MALE', 'Scott', 690.0); 
INSERT INTO person VALUES (5154838221, 'Virginia', 'FEMALE', 'Patel', 984.0); 
INSERT INTO person VALUES (6343183880, 'Janice', 'FEMALE', 'Robinson', 2028.0); 
INSERT INTO person VALUES (2809427195, 'Bruce', 'MALE', 'Hill', 938.0); 
INSERT INTO person VALUES (4130111224, 'Joan', 'FEMALE', 'Allen', 871.0); 
INSERT INTO person VALUES (546622609, 'Michelle', 'FEMALE', 'Parker', 1155.0); 
INSERT INTO person VALUES (7538836761, 'Sharon', 'FEMALE', 'White', 951.0); 
INSERT INTO person VALUES (9946715869, 'Barbara', 'FEMALE', 'Price', 824.0); 
INSERT INTO person VALUES (2636175196, 'Russell', 'MALE', 'Bell', 652.0); 
INSERT INTO person VALUES (5855217170, 'Kevin', 'MALE', 'Morris', 275.0); 
INSERT INTO person VALUES (5605180616, 'Barbara', 'FEMALE', 'Martin', 1023.0); 
INSERT INTO person VALUES (7403578920, 'Christopher', 'MALE', 'Powell', 2020.0); 
INSERT INTO person VALUES (3817796882, 'Tyler', 'MALE', 'Hill', 128.0); 
INSERT INTO person VALUES (1693868973, 'Nicholas', 'MALE', 'Murphy', 1183.0); 
INSERT INTO person VALUES (1329682553, 'Olivia', 'FEMALE', 'Phillips', 617.0); 
INSERT INTO person VALUES (130565887, 'Ashley', 'FEMALE', 'Hughes', 107.0); 
INSERT INTO person VALUES (3566676733, 'Eugene', 'MALE', 'Moore', 735.0); 
INSERT INTO person VALUES (719444747, 'Judy', 'FEMALE', 'Graham', 284.0); 
INSERT INTO person VALUES (903794028, 'Carolyn', 'FEMALE', 'Carter', 508.0); 
INSERT INTO person VALUES (4494680968, 'Victoria', 'FEMALE', 'Cooper', 1563.0); 
INSERT INTO person VALUES (3932293311, 'Tiffany', 'FEMALE', 'Allen', 876.0); 
INSERT INTO person VALUES (5213103463, 'Russell', 'MALE', 'Ross', 554.0); 
INSERT INTO person VALUES (5096421218, 'Michael', 'MALE', 'Harrison', 1771.0); 
INSERT INTO person VALUES (289787671, 'Stephen', 'MALE', 'Marshall', 983.0); 
INSERT INTO person VALUES (5959505372, 'Raymond', 'MALE', 'Graham', 2021.0); 
INSERT INTO person VALUES (6404681935, 'Charles', 'MALE', 'Wood', 457.0); 
INSERT INTO person VALUES (6394485637, 'Sandra', 'FEMALE', 'Kennedy', 633.0); 
INSERT INTO person VALUES (4795723976, 'Beverly', 'FEMALE', 'Cooper', 149.0); 
INSERT INTO person VALUES (9363998542, 'Judith', 'FEMALE', 'Young', 207.0); 
INSERT INTO person VALUES (82522649, 'Justin', 'MALE', 'Jackson', 1290.0); 
INSERT INTO person VALUES (1507248002, 'Jesse', 'MALE', 'Lloyd', 1843.0); 
INSERT INTO person VALUES (4663576451, 'Olivia', 'FEMALE', 'Price', 1815.0); 
INSERT INTO person VALUES (751135247, 'Lisa', 'FEMALE', 'Evans', 311.0); 
INSERT INTO person VALUES (8306275563, 'Nicole', 'FEMALE', 'Ward', 1529.0); 
INSERT INTO person VALUES (2928116215, 'Arthur', 'MALE', 'Murray', 1735.0); 
INSERT INTO person VALUES (6600417423, 'Jesse', 'MALE', 'Owen', 1539.0); 
INSERT INTO person VALUES (204292509, 'Linda', 'FEMALE', 'Walsh', 60.0); 
INSERT INTO person VALUES (416564403, 'Anna', 'FEMALE', 'Jackson', 146.0); 
INSERT INTO person VALUES (1175112407, 'Paul', 'MALE', 'Thomson', 697.0); 
INSERT INTO person VALUES (9678521233, 'Emily', 'FEMALE', 'Scott', 1484.0); 
INSERT INTO person VALUES (39064467, 'Willie', 'MALE', 'Shaw', 763.0); 
INSERT INTO person VALUES (6251323044, 'Sandra', 'FEMALE', 'Jackson', 1472.0); 
INSERT INTO person VALUES (877634356, 'Russell', 'MALE', 'Moore', 360.0); 
INSERT INTO person VALUES (8970243757, 'Megan', 'FEMALE', 'Walsh', 939.0); 
INSERT INTO person VALUES (6575164951, 'Billy', 'MALE', 'Taylor', 1792.0); 
INSERT INTO person VALUES (9706678817, 'Billy', 'MALE', 'Ellis', 1854.0); 
INSERT INTO person VALUES (8097613195, 'Richard', 'MALE', 'Robinson', 990.0); 
INSERT INTO person VALUES (1509873796, 'Brian', 'MALE', 'Khan', 182.0); 
INSERT INTO person VALUES (2768190160, 'Christine', 'FEMALE', 'Richardson', 1558.0); 
INSERT INTO person VALUES (8593487165, 'Matthew', 'MALE', 'Cox', 441.0); 
INSERT INTO person VALUES (7714642163, 'Benjamin', 'MALE', 'Butler', 595.0); 
INSERT INTO person VALUES (5951845593, 'Angela', 'FEMALE', 'Ward', 1081.0); 
INSERT INTO person VALUES (8114192484, 'Jerry', 'MALE', 'James', 1929.0); 
INSERT INTO person VALUES (13155818, 'Olivia', 'FEMALE', 'King', 446.0); 
INSERT INTO person VALUES (6141130267, 'Judy', 'FEMALE', 'Reynolds', 948.0); 
INSERT INTO person VALUES (8321738661, 'Doris', 'FEMALE', 'Hall', 1958.0); 
INSERT INTO person VALUES (3878473717, 'Donna', 'FEMALE', 'Morgan', 1808.0); 
INSERT INTO person VALUES (1176736728, 'Mary', 'FEMALE', 'Moore', 355.0); 
INSERT INTO person VALUES (748820077, 'Denise', 'FEMALE', 'Mitchell', 132.0); 
INSERT INTO person VALUES (3909484261, 'Jason', 'MALE', 'Thompson', 32.0); 
INSERT INTO person VALUES (61329401, 'Lisa', 'FEMALE', 'Baker', 1667.0); 
INSERT INTO person VALUES (1854660273, 'Kelly', 'FEMALE', 'Hall', 258.0); 
INSERT INTO person VALUES (857900451, 'Michael', 'MALE', 'Mason', 434.0); 
INSERT INTO person VALUES (7076847286, 'Alexander', 'MALE', 'Collins', 1960.0); 
INSERT INTO person VALUES (527565767, 'Judith', 'FEMALE', 'Marshall', 1661.0); 
INSERT INTO person VALUES (95938801, 'Alan', 'MALE', 'Taylor', 1576.0); 
INSERT INTO person VALUES (4150442883, 'Noah', 'MALE', 'Ross', 778.0); 
INSERT INTO person VALUES (6549557978, 'Edward', 'MALE', 'James', 1282.0); 
INSERT INTO person VALUES (214666701, 'Ann', 'FEMALE', 'King', 418.0); 
INSERT INTO person VALUES (3220175344, 'Michelle', 'FEMALE', 'Kelly', 1782.0); 
INSERT INTO person VALUES (3348994227, 'Marilyn', 'FEMALE', 'Hall', 901.0); 
INSERT INTO person VALUES (3635429795, 'Nicholas', 'MALE', 'Kelly', 1015.0); 
INSERT INTO person VALUES (9401910407, 'Austin', 'MALE', 'Taylor', 1859.0); 
INSERT INTO person VALUES (9712478392, 'Andrew', 'MALE', 'Wilson', 1688.0); 
INSERT INTO person VALUES (286868917, 'Sarah', 'FEMALE', 'Morris', 1802.0); 
INSERT INTO person VALUES (4677417946, 'Sarah', 'FEMALE', 'Brown', 1261.0); 
INSERT INTO person VALUES (6496323905, 'Ashley', 'FEMALE', 'Adams', 1268.0); 
INSERT INTO person VALUES (815904908, 'Joshua', 'MALE', 'Smith', 477.0); 
INSERT INTO person VALUES (5478400426, 'Nicole', 'FEMALE', 'Russell', 746.0); 
INSERT INTO person VALUES (7084847500, 'Rachel', 'FEMALE', 'Young', 910.0); 
INSERT INTO person VALUES (8875538228, 'Justin', 'MALE', 'Turner', 281.0); 
INSERT INTO person VALUES (9863331291, 'Megan', 'FEMALE', 'Anderson', 1927.0); 
INSERT INTO person VALUES (7637734510, 'Julie', 'FEMALE', 'Richards', 345.0); 
INSERT INTO person VALUES (289970632, 'Bruce', 'MALE', 'Green', 1762.0); 
INSERT INTO person VALUES (5910568173, 'Elizabeth', 'FEMALE', 'Knight', 1707.0); 
INSERT INTO person VALUES (3858435786, 'Gary', 'MALE', 'Hughes', 265.0); 
INSERT INTO person VALUES (8164675935, 'Willie', 'MALE', 'Patel', 316.0); 
INSERT INTO person VALUES (9099599520, 'Marie', 'FEMALE', 'Wood', 1571.0); 
INSERT INTO person VALUES (8096887662, 'David', 'MALE', 'Clarke', 1935.0); 
INSERT INTO person VALUES (8709265893, 'Matthew', 'MALE', 'Davies', 729.0); 
INSERT INTO person VALUES (7129635706, 'Christine', 'FEMALE', 'Edwards', 1152.0); 
INSERT INTO person VALUES (7056804529, 'Brian', 'MALE', 'Fox', 1398.0); 
INSERT INTO person VALUES (7830305267, 'Richard', 'MALE', 'Richardson', 568.0); 
INSERT INTO person VALUES (5504810590, 'Eric', 'MALE', 'Thomas', 1038.0); 
INSERT INTO person VALUES (7008867428, 'Janet', 'FEMALE', 'Baker', 734.0); 
INSERT INTO person VALUES (1685566754, 'Harry', 'MALE', 'Evans', 1474.0); 
INSERT INTO person VALUES (1738864183, 'Jacob', 'MALE', 'Powell', 110.0); 
INSERT INTO person VALUES (16899760, 'Robert', 'MALE', 'Turner', 1388.0); 
INSERT INTO person VALUES (1801729275, 'Joshua', 'MALE', 'Thomson', 1668.0); 
INSERT INTO person VALUES (1761829669, 'Joshua', 'MALE', 'Khan', 314.0); 
INSERT INTO person VALUES (5280616873, 'Sara', 'FEMALE', 'Jackson', 1657.0); 
INSERT INTO person VALUES (2958611956, 'Ethan', 'MALE', 'Robinson', 1681.0); 
INSERT INTO person VALUES (2038662165, 'Logan', 'MALE', 'Thompson', 1609.0); 
INSERT INTO person VALUES (9096606504, 'Kevin', 'MALE', 'Evans', 1063.0); 
INSERT INTO person VALUES (7822656894, 'Judy', 'FEMALE', 'Scott', 1293.0); 
INSERT INTO person VALUES (7379186721, 'Patrick', 'MALE', 'Hill', 34.0); 
INSERT INTO person VALUES (666935054, 'Kathryn', 'FEMALE', 'Price', 712.0); 
INSERT INTO person VALUES (3780668182, 'Julia', 'FEMALE', 'Robertson', 1876.0); 
INSERT INTO person VALUES (335228831, 'Gary', 'MALE', 'Butler', 1156.0); 
INSERT INTO person VALUES (275208946, 'Joan', 'FEMALE', 'Smith', 1432.0); 
INSERT INTO person VALUES (806974894, 'Donna', 'FEMALE', 'Phillips', 1202.0); 
INSERT INTO person VALUES (2255861032, 'Rebecca', 'FEMALE', 'Clark', 1305.0); 
INSERT INTO person VALUES (846982030, 'Dennis', 'MALE', 'Stevens', 1560.0); 
INSERT INTO person VALUES (6149560276, 'Teresa', 'FEMALE', 'Kennedy', 284.0); 
INSERT INTO person VALUES (3988271654, 'Anthony', 'MALE', 'Shaw', 1853.0); 
INSERT INTO person VALUES (2162284164, 'Mark', 'MALE', 'Hughes', 1665.0); 
INSERT INTO person VALUES (826484795, 'Amanda', 'FEMALE', 'Lee', 1516.0); 
INSERT INTO person VALUES (9055716405, 'Cynthia', 'FEMALE', 'Hunt', 1271.0); 
INSERT INTO person VALUES (6600427865, 'Paul', 'MALE', 'Stevens', 1040.0); 
INSERT INTO person VALUES (6511393320, 'Diane', 'FEMALE', 'Evans', 236.0); 
INSERT INTO person VALUES (5979472908, 'Victoria', 'FEMALE', 'Marshall', 291.0); 
INSERT INTO person VALUES (4810409093, 'Robert', 'MALE', 'Wood', 1413.0); 
INSERT INTO person VALUES (3001907560, 'Olivia', 'FEMALE', 'Harris', 1527.0); 
INSERT INTO person VALUES (2374591151, 'Ethan', 'MALE', 'Richards', 1591.0); 
INSERT INTO person VALUES (2007969861, 'Anna', 'FEMALE', 'Baker', 1160.0); 
INSERT INTO person VALUES (4711468052, 'Jeremy', 'MALE', 'Campbell', 1437.0); 
INSERT INTO person VALUES (6042431022, 'Stephanie', 'FEMALE', 'Turner', 1190.0); 
INSERT INTO person VALUES (603213322, 'Emily', 'FEMALE', 'Rose', 1049.0); 
INSERT INTO person VALUES (9115385858, 'Dorothy', 'FEMALE', 'Harrison', 785.0); 
INSERT INTO person VALUES (9452810389, 'Vincent', 'MALE', 'Davies', 1296.0); 
INSERT INTO person VALUES (9559759655, 'Jesse', 'MALE', 'Fox', 1418.0); 
INSERT INTO person VALUES (730925471, 'Benjamin', 'MALE', 'Thompson', 1701.0); 
INSERT INTO person VALUES (9307178678, 'Helen', 'FEMALE', 'Chapman', 1702.0); 
INSERT INTO person VALUES (852154075, 'Edward', 'MALE', 'Reid', 1852.0); 
INSERT INTO person VALUES (2804819366, 'Margaret', 'FEMALE', 'Knight', 1480.0); 
INSERT INTO person VALUES (671407993, 'Ethan', 'MALE', 'Reid', 903.0); 
INSERT INTO person VALUES (6975641660, 'Nancy', 'FEMALE', 'Allen', 954.0); 
INSERT INTO person VALUES (5965896946, 'Brian', 'MALE', 'Russell', 747.0); 
INSERT INTO person VALUES (3751721195, 'Aaron', 'MALE', 'Robertson', 1441.0); 
INSERT INTO person VALUES (9586323765, 'Joan', 'FEMALE', 'Powell', 348.0); 
INSERT INTO person VALUES (793872600, 'Jerry', 'MALE', 'Wood', 1397.0); 
INSERT INTO person VALUES (8146224037, 'Scott', 'MALE', 'Anderson', 535.0); 
INSERT INTO person VALUES (6733254555, 'Matthew', 'MALE', 'Kennedy', 1997.0); 
INSERT INTO person VALUES (3615938360, 'Donald', 'MALE', 'Murphy', 1564.0); 
INSERT INTO person VALUES (336472031, 'Julie', 'FEMALE', 'Davies', 203.0); 
INSERT INTO person VALUES (2835883586, 'George', 'MALE', 'Moore', 508.0); 
INSERT INTO person VALUES (9960851276, 'Lauren', 'FEMALE', 'Reid', 1632.0); 
INSERT INTO person VALUES (4753992940, 'Willie', 'MALE', 'Jackson', 1220.0); 
INSERT INTO person VALUES (48820381, 'Jose', 'MALE', 'Thomson', 1197.0); 
INSERT INTO person VALUES (1824205844, 'Carolyn', 'FEMALE', 'Robertson', 1905.0); 
INSERT INTO person VALUES (109847747, 'Joshua', 'MALE', 'Harrison', 813.0); 
INSERT INTO person VALUES (641716943, 'John', 'MALE', 'Kelly', 1862.0); 
INSERT INTO person VALUES (2855790674, 'Eric', 'MALE', 'James', 164.0); 
INSERT INTO person VALUES (1150628841, 'Andrew', 'MALE', 'Kelly', 1007.0); 
INSERT INTO person VALUES (4396107822, 'Judith', 'FEMALE', 'Powell', 922.0); 
INSERT INTO person VALUES (7430210861, 'George', 'MALE', 'Reynolds', 1757.0); 
INSERT INTO person VALUES (6174466970, 'Albert', 'MALE', 'Griffiths', 1337.0); 
INSERT INTO person VALUES (3915241581, 'Rebecca', 'FEMALE', 'Morris', 439.0); 
INSERT INTO person VALUES (5321710729, 'John', 'MALE', 'Bell', 1654.0); 
INSERT INTO person VALUES (4305828776, 'Johnny', 'MALE', 'Rogers', 1855.0); 
INSERT INTO person VALUES (6998858437, 'Joshua', 'MALE', 'Rogers', 1938.0); 
INSERT INTO person VALUES (750657642, 'Ronald', 'MALE', 'Robinson', 1211.0); 
INSERT INTO person VALUES (9597456109, 'Judy', 'FEMALE', 'Wood', 1718.0); 
INSERT INTO person VALUES (4990146039, 'Gloria', 'FEMALE', 'Gray', 1273.0); 
INSERT INTO person VALUES (7801724918, 'Nicole', 'FEMALE', 'Martin', 1548.0); 
INSERT INTO person VALUES (2016390985, 'Randy', 'MALE', 'Miller', 1594.0); 
INSERT INTO person VALUES (700392362, 'Kathryn', 'FEMALE', 'Fox', 1909.0); 
INSERT INTO person VALUES (8870809337, 'Brenda', 'FEMALE', 'Clarke', 117.0); 
INSERT INTO person VALUES (2100862112, 'Lawrence', 'MALE', 'Johnson', 958.0); 
INSERT INTO person VALUES (3968820772, 'David', 'MALE', 'Jackson', 1607.0); 
INSERT INTO person VALUES (3914434888, 'Jennifer', 'FEMALE', 'Ellis', 1103.0); 
INSERT INTO person VALUES (5824934611, 'Gary', 'MALE', 'Parker', 241.0); 
INSERT INTO person VALUES (5159532938, 'Sarah', 'FEMALE', 'Young', 170.0); 
INSERT INTO person VALUES (8323903331, 'Sean', 'MALE', 'Adams', 1587.0); 
INSERT INTO person VALUES (3783407370, 'Austin', 'MALE', 'Rose', 1259.0); 
INSERT INTO person VALUES (4308742650, 'Logan', 'MALE', 'Allen', 771.0); 
INSERT INTO person VALUES (4421176387, 'Pamela', 'FEMALE', 'Thompson', 1526.0); 
INSERT INTO person VALUES (91316887, 'Wayne', 'MALE', 'Bailey', 494.0); 
INSERT INTO person VALUES (6484512104, 'Deborah', 'FEMALE', 'Stewart', 1059.0); 
INSERT INTO person VALUES (1782802890, 'Kathryn', 'FEMALE', 'Kennedy', 1497.0); 
INSERT INTO person VALUES (591776147, 'Robert', 'MALE', 'Martin', 159.0); 
INSERT INTO person VALUES (442708531, 'Evelyn', 'FEMALE', 'Bennett', 1200.0); 
INSERT INTO person VALUES (3747314510, 'Madison', 'FEMALE', 'Wilson', 279.0); 
INSERT INTO person VALUES (189592847, 'Joshua', 'MALE', 'Rose', 457.0); 
INSERT INTO person VALUES (1586328509, 'Mary', 'FEMALE', 'Anderson', 112.0); 
INSERT INTO person VALUES (2738652880, 'Ryan', 'MALE', 'Mason', 1870.0); 
INSERT INTO person VALUES (703812266, 'Sharon', 'FEMALE', 'Turner', 1198.0); 
INSERT INTO person VALUES (683773760, 'Roger', 'MALE', 'Stevens', 143.0); 
INSERT INTO person VALUES (768912527, 'Alexander', 'MALE', 'Johnson', 1961.0); 
INSERT INTO person VALUES (9349828211, 'Madison', 'FEMALE', 'Richardson', 718.0); 
INSERT INTO person VALUES (729151149, 'Megan', 'FEMALE', 'Thompson', 1762.0); 
INSERT INTO person VALUES (2778632473, 'Victoria', 'FEMALE', 'Holmes', 1459.0); 
INSERT INTO person VALUES (6300935169, 'Joe', 'MALE', 'Thomas', 1269.0); 
INSERT INTO person VALUES (1834768368, 'Louis', 'MALE', 'Palmer', 650.0); 
INSERT INTO person VALUES (169647491, 'Margaret', 'FEMALE', 'Phillips', 1266.0); 
INSERT INTO person VALUES (657245207, 'Russell', 'MALE', 'Green', 444.0); 
INSERT INTO person VALUES (236700117, 'Brian', 'MALE', 'Scott', 424.0); 
INSERT INTO person VALUES (4680757546, 'Catherine', 'FEMALE', 'Young', 1162.0); 
INSERT INTO person VALUES (4704481277, 'Linda', 'FEMALE', 'Cook', 1459.0); 
INSERT INTO person VALUES (116280813, 'Amy', 'FEMALE', 'Cook', 1773.0); 
INSERT INTO person VALUES (6706131150, 'Vincent', 'MALE', 'Brown', 2016.0); 
INSERT INTO person VALUES (39977, 'Matthew', 'MALE', 'Baker', 1238.0); 
INSERT INTO person VALUES (5803734249, 'Roy', 'MALE', 'Thomas', 396.0); 
INSERT INTO person VALUES (5527979261, 'Frank', 'MALE', 'Russell', 589.0); 
INSERT INTO person VALUES (6459269496, 'Anna', 'FEMALE', 'Wilson', 1433.0); 
INSERT INTO person VALUES (69118651, 'Ryan', 'MALE', 'Russell', 769.0); 
INSERT INTO person VALUES (5398363998, 'Jonathan', 'MALE', 'Knight', 367.0); 
INSERT INTO person VALUES (723315516, 'Frank', 'MALE', 'Ellis', 1221.0); 
INSERT INTO person VALUES (3282259265, 'Laura', 'FEMALE', 'Cook', 1402.0); 
INSERT INTO person VALUES (1334811927, 'Roy', 'MALE', 'Stevens', 1518.0); 
INSERT INTO person VALUES (259327854, 'Mark', 'MALE', 'Harrison', 994.0); 
INSERT INTO person VALUES (2005689634, 'Victoria', 'FEMALE', 'Hughes', 950.0); 
INSERT INTO person VALUES (3291436066, 'Lisa', 'FEMALE', 'Richardson', 959.0); 
INSERT INTO person VALUES (3705136294, 'Billy', 'MALE', 'Young', 654.0); 
INSERT INTO person VALUES (4644199519, 'Andrea', 'FEMALE', 'Gray', 1796.0); 
INSERT INTO person VALUES (4786270816, 'Mary', 'FEMALE', 'Cooper', 1932.0); 
INSERT INTO person VALUES (4656841119, 'Bruce', 'MALE', 'Brown', 662.0); 
INSERT INTO person VALUES (7890666570, 'Teresa', 'FEMALE', 'Mason', 1351.0); 
INSERT INTO person VALUES (2391756708, 'Walter', 'MALE', 'Lee', 1155.0); 
INSERT INTO person VALUES (2389466328, 'Natalie', 'FEMALE', 'Griffiths', 190.0); 
INSERT INTO person VALUES (6152196670, 'Sarah', 'FEMALE', 'Rogers', 363.0); 
INSERT INTO person VALUES (1816736714, 'Dorothy', 'FEMALE', 'Reid', 1456.0); 
INSERT INTO person VALUES (5777659675, 'Rachel', 'FEMALE', 'Watson', 1872.0); 
INSERT INTO person VALUES (7752885602, 'Patricia', 'FEMALE', 'Lee', 446.0); 
INSERT INTO person VALUES (721398221, 'Martha', 'FEMALE', 'Campbell', 715.0); 
INSERT INTO person VALUES (103964184, 'Brandon', 'MALE', 'Jackson', 1317.0); 
INSERT INTO person VALUES (4854488365, 'Jeremy', 'MALE', 'Reid', 843.0); 
INSERT INTO person VALUES (9549325503, 'Deborah', 'FEMALE', 'Jackson', 1165.0); 
INSERT INTO person VALUES (3063805086, 'Grace', 'FEMALE', 'Cooper', 1668.0); 
INSERT INTO person VALUES (5282320331, 'Christian', 'MALE', 'Campbell', 1852.0); 
INSERT INTO person VALUES (4638560016, 'Theresa', 'FEMALE', 'Griffiths', 1000.0); 
INSERT INTO person VALUES (5544714653, 'Janet', 'FEMALE', 'Hunter', 1836.0); 
INSERT INTO person VALUES (5893542990, 'David', 'MALE', 'Reid', 158.0); 
INSERT INTO person VALUES (5998624297, 'Michael', 'MALE', 'Thomas', 789.0); 
INSERT INTO person VALUES (6580709402, 'Cheryl', 'FEMALE', 'Patel', 650.0); 
INSERT INTO person VALUES (2404822885, 'Linda', 'FEMALE', 'Powell', 164.0); 
INSERT INTO person VALUES (7090670922, 'Jose', 'MALE', 'Knight', 518.0); 
INSERT INTO person VALUES (2052509130, 'Richard', 'MALE', 'Palmer', 127.0); 
INSERT INTO person VALUES (5487580492, 'Stephanie', 'FEMALE', 'Anderson', 1060.0); 
INSERT INTO person VALUES (168266286, 'Keith', 'MALE', 'Cox', 1025.0); 
INSERT INTO person VALUES (6047409168, 'Samantha', 'FEMALE', 'Miller', 1510.0); 
INSERT INTO person VALUES (1846636418, 'Zachary', 'MALE', 'Saunders', 869.0); 
INSERT INTO person VALUES (8280451174, 'Virginia', 'FEMALE', 'Hill', 990.0); 
INSERT INTO person VALUES (6217918985, 'Carol', 'FEMALE', 'Campbell', 831.0); 
INSERT INTO person VALUES (821576434, 'Willie', 'MALE', 'Mitchell', 1150.0); 
INSERT INTO person VALUES (583419486, 'Karen', 'FEMALE', 'Lee', 493.0); 
INSERT INTO person VALUES (171191769, 'Donna', 'FEMALE', 'Shaw', 550.0); 
INSERT INTO person VALUES (9809279723, 'Christine', 'FEMALE', 'Murray', 1517.0); 
INSERT INTO person VALUES (8745941186, 'Joseph', 'MALE', 'Johnson', 1331.0); 
INSERT INTO person VALUES (699755266, 'Zachary', 'MALE', 'Scott', 1887.0); 
INSERT INTO person VALUES (4497943444, 'Austin', 'MALE', 'Reynolds', 1996.0); 
INSERT INTO person VALUES (5683634429, 'Ryan', 'MALE', 'Cook', 767.0); 
INSERT INTO person VALUES (8296855820, 'Willie', 'MALE', 'Phillips', 686.0); 
INSERT INTO person VALUES (1979261238, 'Keith', 'MALE', 'Knight', 1878.0); 
INSERT INTO person VALUES (4784494195, 'Eric', 'MALE', 'Ellis', 427.0); 
INSERT INTO person VALUES (59915442, 'Matthew', 'MALE', 'Russell', 1399.0); 
INSERT INTO person VALUES (4415812007, 'Margaret', 'FEMALE', 'Davis', 1558.0); 
INSERT INTO person VALUES (5367766366, 'Tiffany', 'FEMALE', 'Shaw', 2023.0); 
INSERT INTO person VALUES (1401127952, 'Melissa', 'FEMALE', 'Campbell', 746.0); 
INSERT INTO person VALUES (5392483656, 'Grace', 'FEMALE', 'Mason', 1386.0); 
INSERT INTO person VALUES (5233431501, 'Kathleen', 'FEMALE', 'Graham', 748.0); 
INSERT INTO person VALUES (1035313759, 'Carol', 'FEMALE', 'Ross', 484.0); 
INSERT INTO person VALUES (594926463, 'Kimberly', 'FEMALE', 'Chapman', 1207.0); 
INSERT INTO person VALUES (6602601809, 'Danielle', 'FEMALE', 'Brown', 1530.0); 
INSERT INTO person VALUES (2192188983, 'Doris', 'FEMALE', 'Morris', 319.0); 
INSERT INTO person VALUES (6956597804, 'Jeremy', 'MALE', 'Holmes', 6.0); 
INSERT INTO person VALUES (654113927, 'Jose', 'MALE', 'Ross', 1376.0); 
INSERT INTO person VALUES (4722925292, 'Philip', 'MALE', 'Campbell', 215.0); 
INSERT INTO person VALUES (4971851927, 'Barbara', 'FEMALE', 'Murphy', 848.0); 
INSERT INTO person VALUES (8873579837, 'Julia', 'FEMALE', 'Lloyd', 1159.0); 
INSERT INTO person VALUES (847450997, 'Margaret', 'FEMALE', 'Turner', 1014.0); 
INSERT INTO person VALUES (12811254, 'Frank', 'MALE', 'Walker', 1494.0); 
INSERT INTO person VALUES (4867217248, 'Janice', 'FEMALE', 'Jackson', 610.0); 
INSERT INTO person VALUES (63483919, 'Justin', 'MALE', 'Baker', 1310.0); 
INSERT INTO person VALUES (9862907595, 'Kathryn', 'FEMALE', 'Patel', 1058.0); 
INSERT INTO person VALUES (6753317461, 'Brian', 'MALE', 'Knight', 908.0); 
INSERT INTO person VALUES (2488725444, 'Ethan', 'MALE', 'Owen', 1964.0); 
INSERT INTO person VALUES (2384668121, 'Nicholas', 'MALE', 'Thompson', 528.0); 
INSERT INTO person VALUES (8621873082, 'Kathleen', 'FEMALE', 'Richardson', 671.0); 
INSERT INTO person VALUES (3697729284, 'Edward', 'MALE', 'Russell', 466.0); 
INSERT INTO person VALUES (1812940184, 'Andrew', 'MALE', 'Matthews', 186.0); 
INSERT INTO person VALUES (6009596707, 'Jeffrey', 'MALE', 'Davies', 1209.0); 
INSERT INTO person VALUES (2611997700, 'Arthur', 'MALE', 'Bailey', 1060.0); 
INSERT INTO person VALUES (3250116319, 'Sandra', 'FEMALE', 'Wilson', 1209.0); 
INSERT INTO person VALUES (5384194751, 'Cheryl', 'FEMALE', 'Chapman', 248.0); 
INSERT INTO person VALUES (8140704936, 'Samuel', 'MALE', 'Stevens', 1216.0); 
INSERT INTO person VALUES (9795400781, 'Angela', 'FEMALE', 'Price', 2033.0); 
INSERT INTO person VALUES (7666729616, 'Aaron', 'MALE', 'Turner', 212.0); 
INSERT INTO person VALUES (4769926501, 'Keith', 'MALE', 'James', 25.0); 
INSERT INTO person VALUES (1072150729, 'Samuel', 'MALE', 'Ross', 243.0); 
INSERT INTO person VALUES (3606629078, 'Patricia', 'FEMALE', 'Walsh', 761.0); 
INSERT INTO person VALUES (302306098, 'Amber', 'FEMALE', 'Moore', 1244.0); 
INSERT INTO person VALUES (6210346466, 'Dennis', 'MALE', 'Butler', 324.0); 
INSERT INTO person VALUES (1003326223, 'Amanda', 'FEMALE', 'Saunders', 711.0); 
INSERT INTO person VALUES (4858402677, 'Marie', 'FEMALE', 'Watson', 554.0); 
INSERT INTO person VALUES (4080458704, 'Janet', 'FEMALE', 'Chapman', 1851.0); 
INSERT INTO person VALUES (3886123436, 'Cynthia', 'FEMALE', 'Roberts', 1878.0); 
INSERT INTO person VALUES (1135357297, 'Melissa', 'FEMALE', 'Ward', 1979.0); 
INSERT INTO person VALUES (6919846306, 'Kathryn', 'FEMALE', 'Clarke', 378.0); 
INSERT INTO person VALUES (1681298939, 'Angela', 'FEMALE', 'Miller', 1586.0); 
INSERT INTO person VALUES (2179700360, 'Lisa', 'FEMALE', 'Ross', 558.0); 
INSERT INTO person VALUES (10550417, 'Anthony', 'MALE', 'Clark', 946.0); 
INSERT INTO person VALUES (1850570441, 'Kyle', 'MALE', 'Davies', 135.0); 
INSERT INTO person VALUES (7317262939, 'William', 'MALE', 'Knight', 760.0); 
INSERT INTO person VALUES (3872705631, 'Amanda', 'FEMALE', 'Campbell', 614.0); 
INSERT INTO person VALUES (6728453719, 'Daniel', 'MALE', 'Hunter', 647.0); 
INSERT INTO person VALUES (7840639472, 'Beverly', 'FEMALE', 'Robinson', 1903.0); 
INSERT INTO person VALUES (9491792791, 'Catherine', 'FEMALE', 'Walker', 1826.0); 
INSERT INTO person VALUES (3372672757, 'Ashley', 'FEMALE', 'Saunders', 1177.0); 
INSERT INTO person VALUES (7406583007, 'Roger', 'MALE', 'Murray', 1518.0); 
INSERT INTO person VALUES (2379543300, 'Nancy', 'FEMALE', 'Powell', 1241.0); 
INSERT INTO person VALUES (7761861820, 'Terry', 'MALE', 'Jackson', 824.0); 
INSERT INTO person VALUES (2674939207, 'Gerald', 'MALE', 'Roberts', 39.0); 
INSERT INTO person VALUES (6884403392, 'Laura', 'FEMALE', 'Campbell', 1425.0); 
INSERT INTO person VALUES (1363774075, 'Rose', 'FEMALE', 'Reynolds', 339.0); 
INSERT INTO person VALUES (4176325657, 'Rebecca', 'FEMALE', 'Harrison', 730.0); 
INSERT INTO person VALUES (3093158653, 'Virginia', 'FEMALE', 'Butler', 903.0); 
INSERT INTO person VALUES (6522853600, 'Kenneth', 'MALE', 'Allen', 1216.0); 
INSERT INTO person VALUES (1570501392, 'Kyle', 'MALE', 'Patel', 1554.0); 
INSERT INTO person VALUES (1791730355, 'Lori', 'FEMALE', 'Griffiths', 376.0); 
INSERT INTO person VALUES (7537330561, 'Helen', 'FEMALE', 'Walsh', 1781.0); 
INSERT INTO person VALUES (6764552507, 'Marie', 'FEMALE', 'Murphy', 307.0); 
INSERT INTO person VALUES (2793137113, 'Joshua', 'MALE', 'Lewis', 654.0); 
INSERT INTO person VALUES (8459514480, 'Debra', 'FEMALE', 'Young', 1585.0); 
INSERT INTO person VALUES (6493627088, 'Samantha', 'FEMALE', 'Wilson', 1329.0); 
INSERT INTO person VALUES (2010836229, 'Kelly', 'FEMALE', 'Miller', 357.0); 
INSERT INTO person VALUES (6333285083, 'Joseph', 'MALE', 'Morgan', 1993.0); 
INSERT INTO person VALUES (3937503992, 'Grace', 'FEMALE', 'Martin', 625.0); 
INSERT INTO person VALUES (5846579429, 'Madison', 'FEMALE', 'Roberts', 1023.0); 
INSERT INTO person VALUES (6792939174, 'John', 'MALE', 'Mason', 26.0); 
INSERT INTO person VALUES (8488681368, 'Joyce', 'FEMALE', 'Edwards', 485.0); 
INSERT INTO person VALUES (2289216937, 'Barbara', 'FEMALE', 'Matthews', 315.0); 
INSERT INTO person VALUES (6093374277, 'Jerry', 'MALE', 'Walsh', 26.0); 
INSERT INTO person VALUES (1819453719, 'Gerald', 'MALE', 'Mason', 1045.0); 
INSERT INTO person VALUES (1219247233, 'Emma', 'FEMALE', 'Marshall', 1236.0); 
INSERT INTO person VALUES (9507769345, 'Donald', 'MALE', 'White', 144.0); 
INSERT INTO person VALUES (628105738, 'Ethan', 'MALE', 'Lee', 914.0); 
INSERT INTO person VALUES (7215680722, 'Jason', 'MALE', 'Moore', 174.0); 
INSERT INTO person VALUES (7261299930, 'Joe', 'MALE', 'Murphy', 1580.0); 
INSERT INTO person VALUES (8354104420, 'Jose', 'MALE', 'Wilson', 1840.0); 
INSERT INTO person VALUES (5356829066, 'Kelly', 'FEMALE', 'Scott', 777.0); 
INSERT INTO person VALUES (8101116879, 'Tyler', 'MALE', 'Mitchell', 924.0); 
INSERT INTO person VALUES (3597295483, 'Sara', 'FEMALE', 'Jones', 1183.0); 
INSERT INTO person VALUES (8504854010, 'Heather', 'FEMALE', 'Griffiths', 695.0); 
INSERT INTO person VALUES (3088169782, 'Henry', 'MALE', 'Holmes', 869.0); 
INSERT INTO person VALUES (4575114968, 'Samantha', 'FEMALE', 'Robinson', 242.0); 
INSERT INTO person VALUES (5413212988, 'Tyler', 'MALE', 'Matthews', 1230.0); 
INSERT INTO person VALUES (235384507, 'Randy', 'MALE', 'Hunter', 400.0); 
INSERT INTO person VALUES (391855213, 'Raymond', 'MALE', 'Johnson', 505.0); 
INSERT INTO person VALUES (4057699296, 'Adam', 'MALE', 'Carter', 1005.0); 
INSERT INTO person VALUES (2442831563, 'Kevin', 'MALE', 'Campbell', 1377.0); 
INSERT INTO person VALUES (4162478751, 'Robert', 'MALE', 'Richards', 1235.0); 
INSERT INTO person VALUES (7075855250, 'Juan', 'MALE', 'Hunt', 190.0); 
INSERT INTO person VALUES (9002621241, 'Maria', 'FEMALE', 'Cooper', 1690.0); 
INSERT INTO person VALUES (946698924, 'Cynthia', 'FEMALE', 'Wilkinson', 1167.0); 
INSERT INTO person VALUES (7777661174, 'Andrew', 'MALE', 'Davis', 959.0); 
INSERT INTO person VALUES (632845043, 'Carolyn', 'FEMALE', 'Baker', 683.0); 
INSERT INTO person VALUES (7047998523, 'Carolyn', 'FEMALE', 'Robertson', 1709.0); 
INSERT INTO person VALUES (7463544674, 'Jessica', 'FEMALE', 'Bennett', 1769.0); 
INSERT INTO person VALUES (1921385319, 'Nicole', 'FEMALE', 'James', 286.0); 
INSERT INTO person VALUES (2860434642, 'Teresa', 'FEMALE', 'Chapman', 1798.0); 
INSERT INTO person VALUES (3794296925, 'Andrea', 'FEMALE', 'Hill', 1832.0); 
INSERT INTO person VALUES (4935251734, 'Anna', 'FEMALE', 'Powell', 477.0); 
INSERT INTO person VALUES (6741171057, 'Mary', 'FEMALE', 'Lloyd', 62.0); 
INSERT INTO person VALUES (304249009, 'Jerry', 'MALE', 'Wood', 1758.0); 
INSERT INTO person VALUES (626984432, 'Gregory', 'MALE', 'Davies', 565.0); 
INSERT INTO person VALUES (7846265958, 'Carl', 'MALE', 'Clarke', 1026.0); 
INSERT INTO person VALUES (7145303216, 'Dorothy', 'FEMALE', 'Baker', 839.0); 
INSERT INTO person VALUES (89886602, 'Mary', 'FEMALE', 'Moore', 1394.0); 
INSERT INTO person VALUES (1220915324, 'Matthew', 'MALE', 'Evans', 1380.0); 
INSERT INTO person VALUES (578496810, 'Jacqueline', 'FEMALE', 'Ross', 835.0); 
INSERT INTO person VALUES (2310884024, 'Anthony', 'MALE', 'Hunter', 195.0); 
INSERT INTO person VALUES (442835677, 'Theresa', 'FEMALE', 'Robertson', 845.0); 
INSERT INTO person VALUES (726385530, 'Katherine', 'FEMALE', 'Phillips', 1418.0); 
INSERT INTO person VALUES (2366341103, 'Marilyn', 'FEMALE', 'Holmes', 579.0); 
INSERT INTO person VALUES (2430868654, 'Helen', 'FEMALE', 'Baker', 236.0); 
INSERT INTO person VALUES (2328584691, 'Robert', 'MALE', 'Murray', 917.0); 
INSERT INTO person VALUES (997840611, 'Albert', 'MALE', 'Simpson', 1074.0); 
INSERT INTO person VALUES (2929447122, 'Kathleen', 'FEMALE', 'Rose', 1836.0); 
INSERT INTO person VALUES (8513206352, 'Frances', 'FEMALE', 'Wood', 1542.0); 
INSERT INTO person VALUES (2053426677, 'Kelly', 'FEMALE', 'Khan', 1210.0); 
INSERT INTO person VALUES (3664413994, 'Doris', 'FEMALE', 'Butler', 620.0); 
INSERT INTO person VALUES (5122228101, 'Olivia', 'FEMALE', 'Smith', 610.0); 
INSERT INTO person VALUES (7801359015, 'Janice', 'FEMALE', 'Green', 1044.0); 
INSERT INTO person VALUES (8049427151, 'Harry', 'MALE', 'Scott', 2025.0); 
INSERT INTO person VALUES (387825657, 'Billy', 'MALE', 'Bailey', 58.0); 
INSERT INTO person VALUES (4828931813, 'Eric', 'MALE', 'Fox', 1449.0); 
INSERT INTO person VALUES (8155274782, 'Patrick', 'MALE', 'Owen', 1297.0); 
INSERT INTO person VALUES (2744501154, 'Cheryl', 'FEMALE', 'Johnson', 1761.0); 
INSERT INTO person VALUES (6182680228, 'Terry', 'MALE', 'Taylor', 1913.0); 
INSERT INTO person VALUES (3655277199, 'Harry', 'MALE', 'Owen', 1199.0); 
INSERT INTO person VALUES (9624356077, 'Lori', 'FEMALE', 'Hall', 1871.0); 
INSERT INTO person VALUES (5459927170, 'Adam', 'MALE', 'Harris', 1123.0); 
INSERT INTO person VALUES (7344868508, 'Ruth', 'FEMALE', 'Wilkinson', 1027.0); 
INSERT INTO person VALUES (7024279260, 'Betty', 'FEMALE', 'Cox', 801.0); 
INSERT INTO person VALUES (29679743, 'Marilyn', 'FEMALE', 'Kelly', 560.0); 
INSERT INTO person VALUES (4439914236, 'Eric', 'MALE', 'Stevens', 578.0); 
INSERT INTO person VALUES (202597716, 'Jacqueline', 'FEMALE', 'Hill', 1995.0); 
INSERT INTO person VALUES (8710900070, 'Janet', 'FEMALE', 'Patel', 2010.0); 
INSERT INTO person VALUES (6558701298, 'Ruth', 'FEMALE', 'Rogers', 1092.0); 
INSERT INTO person VALUES (105333191, 'Angela', 'FEMALE', 'Reid', 1865.0); 
INSERT INTO person VALUES (684553303, 'Kevin', 'MALE', 'Clarke', 1130.0); 
INSERT INTO person VALUES (3013586615, 'Diana', 'FEMALE', 'Martin', 784.0); 
INSERT INTO person VALUES (4875906011, 'Patricia', 'FEMALE', 'Wood', 1009.0); 
INSERT INTO person VALUES (4840624067, 'Maria', 'FEMALE', 'Chapman', 80.0); 
INSERT INTO person VALUES (7509828947, 'Brenda', 'FEMALE', 'Simpson', 1532.0); 
INSERT INTO person VALUES (7393585238, 'Dylan', 'MALE', 'Walsh', 460.0); 
INSERT INTO person VALUES (3364356426, 'Alan', 'MALE', 'Graham', 2033.0); 
INSERT INTO person VALUES (4269698797, 'Nicole', 'FEMALE', 'Wilkinson', 330.0); 
INSERT INTO person VALUES (3697551409, 'Christina', 'FEMALE', 'Cook', 1199.0); 
INSERT INTO person VALUES (1582157871, 'Kelly', 'FEMALE', 'Butler', 895.0); 
INSERT INTO person VALUES (6537829097, 'Jacqueline', 'FEMALE', 'Graham', 559.0); 
INSERT INTO person VALUES (793171923, 'Bobby', 'MALE', 'Mitchell', 1958.0); 
INSERT INTO person VALUES (2036573201, 'Stephanie', 'FEMALE', 'James', 973.0); 
INSERT INTO person VALUES (3994466783, 'Anna', 'FEMALE', 'Green', 1117.0); 
INSERT INTO person VALUES (589032738, 'Joseph', 'MALE', 'Jones', 530.0); 
INSERT INTO person VALUES (3129471697, 'Kyle', 'MALE', 'Morgan', 631.0); 
INSERT INTO person VALUES (162208554, 'Joshua', 'MALE', 'Kennedy', 1069.0); 
INSERT INTO person VALUES (2586942468, 'Debra', 'FEMALE', 'Scott', 1070.0); 
INSERT INTO person VALUES (2230255646, 'Noah', 'MALE', 'Mason', 1839.0); 
INSERT INTO person VALUES (4531709950, 'Sara', 'FEMALE', 'Fox', 885.0); 
INSERT INTO person VALUES (9965746977, 'Bruce', 'MALE', 'Patel', 208.0); 
INSERT INTO person VALUES (5208403365, 'Arthur', 'MALE', 'Evans', 588.0); 
INSERT INTO person VALUES (3053702163, 'Kevin', 'MALE', 'Harrison', 1571.0); 
INSERT INTO person VALUES (8253621343, 'Billy', 'MALE', 'Kennedy', 859.0); 
INSERT INTO person VALUES (4200393735, 'Juan', 'MALE', 'Phillips', 298.0); 
INSERT INTO person VALUES (395256487, 'Richard', 'MALE', 'Hunt', 1639.0); 
INSERT INTO person VALUES (9653746117, 'Joseph', 'MALE', 'Clarke', 862.0); 
INSERT INTO person VALUES (5429421053, 'Carl', 'MALE', 'Kelly', 854.0); 
INSERT INTO person VALUES (327357834, 'Amber', 'FEMALE', 'Holmes', 1214.0); 
INSERT INTO person VALUES (9048774594, 'Willie', 'MALE', 'Adams', 419.0); 
INSERT INTO person VALUES (4144353590, 'Andrew', 'MALE', 'Gray', 28.0); 
INSERT INTO person VALUES (5117574726, 'Jeremy', 'MALE', 'Chapman', 2011.0); 
INSERT INTO person VALUES (792635697, 'Donald', 'MALE', 'Edwards', 1638.0); 
INSERT INTO person VALUES (418718453, 'Linda', 'FEMALE', 'Saunders', 1107.0); 
INSERT INTO person VALUES (6119608032, 'Martha', 'FEMALE', 'Mitchell', 1340.0); 
INSERT INTO person VALUES (8376225465, 'Henry', 'MALE', 'James', 911.0); 
INSERT INTO person VALUES (1304622438, 'Justin', 'MALE', 'Campbell', 1104.0); 
INSERT INTO person VALUES (9172451771, 'Terry', 'MALE', 'Kelly', 1057.0); 
INSERT INTO person VALUES (2261607635, 'Amanda', 'FEMALE', 'Cooper', 1783.0); 
INSERT INTO person VALUES (6962679857, 'Jessica', 'FEMALE', 'Holmes', 1234.0); 
INSERT INTO person VALUES (332322743, 'Noah', 'MALE', 'Thomson', 844.0); 
INSERT INTO person VALUES (7026181783, 'Megan', 'FEMALE', 'Cook', 181.0); 
INSERT INTO person VALUES (9898998081, 'Megan', 'FEMALE', 'Gray', 602.0); 
INSERT INTO person VALUES (2419918534, 'Catherine', 'FEMALE', 'Rogers', 1674.0); 
INSERT INTO person VALUES (9923629596, 'Christopher', 'MALE', 'Griffiths', 239.0); 
INSERT INTO person VALUES (8911650051, 'Nicholas', 'MALE', 'Hunt', 1827.0); 
INSERT INTO person VALUES (721353147, 'Olivia', 'FEMALE', 'Turner', 850.0); 
INSERT INTO person VALUES (3204566479, 'Adam', 'MALE', 'Phillips', 614.0); 
INSERT INTO person VALUES (7304391680, 'Walter', 'MALE', 'Chapman', 2034.0); 
INSERT INTO person VALUES (2866495904, 'Judy', 'FEMALE', 'Clarke', 514.0); 
INSERT INTO person VALUES (8625521353, 'Joyce', 'FEMALE', 'Knight', 1747.0); 
INSERT INTO person VALUES (5801134249, 'Henry', 'MALE', 'Johnson', 851.0); 
INSERT INTO person VALUES (5341599042, 'Barbara', 'FEMALE', 'Walsh', 1586.0); 
INSERT INTO person VALUES (1730619029, 'Joan', 'FEMALE', 'Jackson', 1825.0); 
INSERT INTO person VALUES (3694418736, 'Roger', 'MALE', 'Hall', 40.0); 
INSERT INTO person VALUES (757623550, 'Kathleen', 'FEMALE', 'Davis', 2014.0); 
INSERT INTO person VALUES (1393981654, 'Joseph', 'MALE', 'Davis', 323.0); 
INSERT INTO person VALUES (3079178082, 'Frank', 'MALE', 'Khan', 1476.0); 
INSERT INTO person VALUES (1829565983, 'Beverly', 'FEMALE', 'Bell', 1055.0); 
INSERT INTO person VALUES (6032779045, 'Sandra', 'FEMALE', 'Johnson', 1588.0); 
INSERT INTO person VALUES (841436787, 'Lauren', 'FEMALE', 'Wilkinson', 470.0); 
INSERT INTO person VALUES (7407378811, 'Debra', 'FEMALE', 'Harris', 1170.0); 
INSERT INTO person VALUES (3060942609, 'Carolyn', 'FEMALE', 'Owen', 1983.0); 
INSERT INTO person VALUES (8134363005, 'Terry', 'MALE', 'Price', 1844.0); 
INSERT INTO person VALUES (9982978687, 'Debra', 'FEMALE', 'Scott', 546.0); 
INSERT INTO person VALUES (9635127984, 'Donna', 'FEMALE', 'James', 790.0); 
INSERT INTO person VALUES (7159861487, 'Grace', 'FEMALE', 'Adams', 172.0); 
INSERT INTO person VALUES (6120830416, 'Lori', 'FEMALE', 'Hall', 830.0); 
INSERT INTO person VALUES (2745337774, 'Richard', 'MALE', 'Khan', 1118.0); 
INSERT INTO person VALUES (5659958581, 'William', 'MALE', 'Ellis', 567.0); 
INSERT INTO person VALUES (9525553981, 'Rachel', 'FEMALE', 'Miller', 1935.0); 
INSERT INTO person VALUES (4718689344, 'William', 'MALE', 'Knight', 157.0); 
INSERT INTO person VALUES (359626673, 'Anna', 'FEMALE', 'Davies', 536.0); 
INSERT INTO person VALUES (3890367007, 'Mary', 'FEMALE', 'Clarke', 1300.0); 
INSERT INTO person VALUES (2381999080, 'Kimberly', 'FEMALE', 'Richardson', 1293.0); 
INSERT INTO person VALUES (598644863, 'Carolyn', 'FEMALE', 'Robertson', 936.0); 
INSERT INTO person VALUES (4910636659, 'James', 'MALE', 'Jones', 963.0); 
INSERT INTO person VALUES (1500844704, 'Katherine', 'FEMALE', 'Cook', 1699.0); 
INSERT INTO person VALUES (4096729360, 'David', 'MALE', 'Hughes', 10.0); 
INSERT INTO person VALUES (79344578, 'Theresa', 'FEMALE', 'Robinson', 187.0); 
INSERT INTO person VALUES (6123830621, 'Sarah', 'FEMALE', 'Rogers', 615.0); 
INSERT INTO person VALUES (6423434413, 'Cheryl', 'FEMALE', 'Khan', 135.0); 
INSERT INTO person VALUES (7706902245, 'Nathan', 'MALE', 'Miller', 1183.0); 
INSERT INTO person VALUES (7481169717, 'Michelle', 'FEMALE', 'Rogers', 483.0); 
INSERT INTO person VALUES (4052957470, 'Charles', 'MALE', 'Ross', 552.0); 
INSERT INTO person VALUES (9069595391, 'Janice', 'FEMALE', 'Young', 1280.0); 
INSERT INTO person VALUES (2071136977, 'Bruce', 'MALE', 'Murray', 2001.0); 
INSERT INTO person VALUES (72448057, 'Eugene', 'MALE', 'Martin', 1500.0); 
INSERT INTO person VALUES (7453427931, 'Samuel', 'MALE', 'Carter', 1449.0); 
INSERT INTO person VALUES (2169522288, 'Arthur', 'MALE', 'Cooper', 276.0); 
INSERT INTO person VALUES (5534485843, 'Judy', 'FEMALE', 'Miller', 407.0); 
INSERT INTO person VALUES (4782703354, 'Lori', 'FEMALE', 'Murray', 374.0); 
INSERT INTO person VALUES (3545962945, 'Kathleen', 'FEMALE', 'Mason', 1448.0); 
INSERT INTO person VALUES (3192828963, 'Noah', 'MALE', 'Morris', 691.0); 
INSERT INTO person VALUES (2410432643, 'Jack', 'MALE', 'Hunt', 928.0); 
INSERT INTO person VALUES (4167100718, 'Jordan', 'MALE', 'Stewart', 632.0); 
INSERT INTO person VALUES (5458553484, 'Bobby', 'MALE', 'Robinson', 1919.0); 
INSERT INTO person VALUES (1359681365, 'Amanda', 'FEMALE', 'White', 1419.0); 
INSERT INTO person VALUES (7171992036, 'Madison', 'FEMALE', 'Watson', 1791.0); 
INSERT INTO person VALUES (272298353, 'Kevin', 'MALE', 'Reynolds', 569.0); 
INSERT INTO person VALUES (9912854312, 'Madison', 'FEMALE', 'Adams', 2000.0); 
INSERT INTO person VALUES (44542741, 'Anna', 'FEMALE', 'Lewis', 560.0); 
INSERT INTO person VALUES (9820820314, 'Charles', 'MALE', 'Rogers', 1355.0); 
INSERT INTO person VALUES (2689473270, 'Catherine', 'FEMALE', 'Harrison', 1365.0); 
INSERT INTO person VALUES (3781774318, 'Jessica', 'FEMALE', 'Evans', 992.0); 
INSERT INTO person VALUES (9258679737, 'Heather', 'FEMALE', 'Collins', 940.0); 
INSERT INTO person VALUES (8592741319, 'Juan', 'MALE', 'Kennedy', 1210.0); 
INSERT INTO person VALUES (5269552109, 'Henry', 'MALE', 'Collins', 70.0); 
INSERT INTO person VALUES (6708222308, 'Jennifer', 'FEMALE', 'Phillips', 1348.0); 
INSERT INTO person VALUES (3957969598, 'Emma', 'FEMALE', 'Jackson', 1178.0); 
INSERT INTO person VALUES (2847240650, 'Susan', 'FEMALE', 'Jones', 5.0); 
INSERT INTO person VALUES (1685647876, 'Sharon', 'FEMALE', 'Carter', 552.0); 
INSERT INTO person VALUES (4357319680, 'Aaron', 'MALE', 'Khan', 1991.0); 
INSERT INTO person VALUES (231346505, 'Heather', 'FEMALE', 'Holmes', 1662.0); 
INSERT INTO person VALUES (9831286925, 'Douglas', 'MALE', 'Griffiths', 854.0); 
INSERT INTO person VALUES (7137379445, 'Christopher', 'MALE', 'Butler', 1020.0); 
INSERT INTO person VALUES (3552900215, 'Anthony', 'MALE', 'Wilkinson', 100.0); 
INSERT INTO person VALUES (8729429195, 'Emma', 'FEMALE', 'Martin', 1582.0); 
INSERT INTO person VALUES (3816300845, 'Diane', 'FEMALE', 'Kennedy', 44.0); 
INSERT INTO person VALUES (9972732828, 'Bruce', 'MALE', 'Jones', 1646.0); 
INSERT INTO person VALUES (6124782235, 'Steven', 'MALE', 'Hill', 1808.0); 
INSERT INTO person VALUES (4127482364, 'Patricia', 'FEMALE', 'Rogers', 1111.0); 
INSERT INTO person VALUES (5052210898, 'Kelly', 'FEMALE', 'Hunt', 103.0); 
INSERT INTO person VALUES (4871411750, 'Lauren', 'FEMALE', 'Turner', 1964.0); 
INSERT INTO person VALUES (3003119683, 'Brittany', 'FEMALE', 'Kennedy', 901.0); 
INSERT INTO person VALUES (6715880942, 'Vincent', 'MALE', 'Griffiths', 866.0); 
INSERT INTO person VALUES (8939309011, 'Jerry', 'MALE', 'Stevens', 117.0); 
INSERT INTO person VALUES (1940619772, 'Lawrence', 'MALE', 'Thomson', 417.0); 
INSERT INTO person VALUES (3872116207, 'Carol', 'FEMALE', 'Brown', 1218.0); 
INSERT INTO person VALUES (5498669195, 'Dorothy', 'FEMALE', 'Moore', 782.0); 
INSERT INTO person VALUES (288450104, 'Carl', 'MALE', 'King', 1300.0); 
INSERT INTO person VALUES (3167917167, 'Laura', 'FEMALE', 'Owen', 534.0); 
INSERT INTO person VALUES (483520135, 'Anthony', 'MALE', 'Parker', 399.0); 
INSERT INTO person VALUES (3433135712, 'Nicole', 'FEMALE', 'Martin', 1674.0); 
INSERT INTO person VALUES (938826391, 'Joyce', 'FEMALE', 'Hunter', 1822.0); 
INSERT INTO person VALUES (3942203007, 'Jerry', 'MALE', 'Parker', 103.0); 
INSERT INTO person VALUES (3660608242, 'Albert', 'MALE', 'Walker', 1496.0); 
INSERT INTO person VALUES (8660560660, 'Patricia', 'FEMALE', 'Moore', 930.0); 
INSERT INTO person VALUES (908590479, 'Matthew', 'MALE', 'Chapman', 874.0); 
INSERT INTO person VALUES (40186381, 'Daniel', 'MALE', 'Wilson', 1840.0); 
INSERT INTO person VALUES (4933812531, 'Benjamin', 'MALE', 'Parker', 1340.0); 
INSERT INTO person VALUES (347933337, 'David', 'MALE', 'Ward', 58.0); 
INSERT INTO person VALUES (6691697, 'Sandra', 'FEMALE', 'Ward', 177.0); 
INSERT INTO person VALUES (9784930385, 'Carl', 'MALE', 'Clark', 1513.0); 
INSERT INTO person VALUES (3764746764, 'James', 'MALE', 'Smith', 11.0); 
INSERT INTO person VALUES (4098485853, 'James', 'MALE', 'Murphy', 20.0); 
INSERT INTO person VALUES (610217767, 'Edward', 'MALE', 'Wood', 32.0); 
INSERT INTO person VALUES (6991178519, 'Grace', 'FEMALE', 'Lee', 765.0); 
INSERT INTO person VALUES (411148270, 'Justin', 'MALE', 'Adams', 567.0); 
INSERT INTO person VALUES (9801342919, 'Emma', 'FEMALE', 'Walker', 1456.0); 
INSERT INTO person VALUES (8234593836, 'Sara', 'FEMALE', 'Thomas', 1789.0); 
INSERT INTO person VALUES (2715205342, 'Harry', 'MALE', 'Clarke', 1854.0); 
INSERT INTO person VALUES (2589165619, 'Brian', 'MALE', 'Shaw', 20.0); 
INSERT INTO person VALUES (4230448033, 'Beverly', 'FEMALE', 'Allen', 66.0); 
INSERT INTO person VALUES (6612663057, 'Andrea', 'FEMALE', 'Holmes', 368.0); 
INSERT INTO person VALUES (2796871702, 'Megan', 'FEMALE', 'Scott', 791.0); 
INSERT INTO person VALUES (1308494007, 'Joe', 'MALE', 'Miller', 1064.0); 
INSERT INTO person VALUES (1743192989, 'Christine', 'FEMALE', 'Thomas', 1041.0); 
INSERT INTO person VALUES (121567320, 'Larry', 'MALE', 'Davis', 1615.0); 
INSERT INTO person VALUES (3801409609, 'Cynthia', 'FEMALE', 'Saunders', 1876.0); 
INSERT INTO person VALUES (749887767, 'Christopher', 'MALE', 'Hall', 1399.0); 
INSERT INTO person VALUES (9036850462, 'Bryan', 'MALE', 'Wilkinson', 1265.0); 
INSERT INTO person VALUES (587331389, 'Emily', 'FEMALE', 'Bennett', 1261.0); 
INSERT INTO person VALUES (2044212778, 'Anna', 'FEMALE', 'Rogers', 1842.0); 
INSERT INTO person VALUES (6395563180, 'Julia', 'FEMALE', 'Bell', 752.0); 
INSERT INTO person VALUES (4006988539, 'Johnny', 'MALE', 'Gray', 1877.0); 
INSERT INTO person VALUES (5859338636, 'Harry', 'MALE', 'Matthews', 755.0); 
INSERT INTO person VALUES (9047566102, 'Harold', 'MALE', 'Ward', 1032.0); 
INSERT INTO person VALUES (996944831, 'Nicole', 'FEMALE', 'Palmer', 809.0); 
INSERT INTO person VALUES (4557531398, 'Patricia', 'FEMALE', 'Knight', 437.0); 
INSERT INTO person VALUES (7986451702, 'Brittany', 'FEMALE', 'Allen', 132.0); 
INSERT INTO person VALUES (2077810775, 'Bryan', 'MALE', 'King', 361.0); 
INSERT INTO person VALUES (9387105016, 'Frances', 'FEMALE', 'Hughes', 1059.0); 
INSERT INTO person VALUES (40121971, 'Tiffany', 'FEMALE', 'Turner', 1997.0); 
INSERT INTO person VALUES (1215271849, 'Jeremy', 'MALE', 'Brown', 1293.0); 
INSERT INTO person VALUES (170911558, 'Tyler', 'MALE', 'Richards', 1675.0); 
INSERT INTO person VALUES (322298261, 'Dylan', 'MALE', 'Shaw', 1708.0); 
INSERT INTO person VALUES (9773940245, 'Alexander', 'MALE', 'Johnson', 141.0); 
INSERT INTO person VALUES (1620536420, 'Kenneth', 'MALE', 'Smith', 1201.0); 
INSERT INTO person VALUES (4440768587, 'Donald', 'MALE', 'Lloyd', 458.0); 
INSERT INTO person VALUES (6221601801, 'Lauren', 'FEMALE', 'Lee', 1263.0); 
INSERT INTO person VALUES (3383634974, 'Nancy', 'FEMALE', 'Evans', 357.0); 
INSERT INTO person VALUES (9361615737, 'Raymond', 'MALE', 'Palmer', 415.0); 
INSERT INTO person VALUES (6397898422, 'Kimberly', 'FEMALE', 'Lee', 967.0); 
INSERT INTO person VALUES (2189837901, 'Marie', 'FEMALE', 'Graham', 451.0); 
INSERT INTO person VALUES (9867536927, 'Noah', 'MALE', 'White', 1139.0); 
INSERT INTO person VALUES (7270688950, 'Austin', 'MALE', 'Murray', 141.0); 
INSERT INTO person VALUES (9493297449, 'Peter', 'MALE', 'Clarke', 762.0); 
INSERT INTO person VALUES (1743675195, 'Jacqueline', 'FEMALE', 'Reid', 187.0); 
INSERT INTO person VALUES (548838387, 'Brian', 'MALE', 'Cook', 744.0); 
INSERT INTO person VALUES (6327952723, 'Marie', 'FEMALE', 'Wright', 425.0); 
INSERT INTO person VALUES (7171395527, 'Frank', 'MALE', 'Richardson', 698.0); 
INSERT INTO person VALUES (571783751, 'David', 'MALE', 'Mason', 950.0); 
INSERT INTO person VALUES (6392746486, 'Theresa', 'FEMALE', 'Evans', 393.0); 
INSERT INTO person VALUES (627147371, 'Henry', 'MALE', 'Richards', 270.0); 
INSERT INTO person VALUES (53118708, 'Kathryn', 'FEMALE', 'Morgan', 1733.0); 
INSERT INTO person VALUES (1003752375, 'David', 'MALE', 'Hill', 831.0); 
INSERT INTO person VALUES (6707747047, 'Patricia', 'FEMALE', 'Green', 1356.0); 
INSERT INTO person VALUES (569271893, 'Sharon', 'FEMALE', 'Ward', 770.0); 
INSERT INTO person VALUES (8151107100, 'Billy', 'MALE', 'Chapman', 448.0); 
INSERT INTO person VALUES (1512466685, 'Janice', 'FEMALE', 'Owen', 648.0); 
INSERT INTO person VALUES (732750954, 'Kathryn', 'FEMALE', 'Collins', 921.0); 
INSERT INTO person VALUES (3124602602, 'Frank', 'MALE', 'Marshall', 126.0); 
INSERT INTO person VALUES (450027439, 'Louis', 'MALE', 'Wood', 1135.0); 
INSERT INTO person VALUES (2848792786, 'Andrea', 'FEMALE', 'Fox', 1780.0); 
INSERT INTO person VALUES (5817536690, 'Cheryl', 'FEMALE', 'Jackson', 1161.0); 
INSERT INTO person VALUES (230629379, 'Jeffrey', 'MALE', 'Holmes', 1967.0); 
INSERT INTO person VALUES (5379479616, 'Sarah', 'FEMALE', 'Hill', 1198.0); 
INSERT INTO person VALUES (4325713927, 'Evelyn', 'FEMALE', 'Davis', 1302.0); 
INSERT INTO person VALUES (256150520, 'Kimberly', 'FEMALE', 'White', 1636.0); 
INSERT INTO person VALUES (1232279320, 'Diane', 'FEMALE', 'Holmes', 935.0); 
INSERT INTO person VALUES (5069322431, 'Danielle', 'FEMALE', 'Kelly', 987.0); 
INSERT INTO person VALUES (6012126280, 'Betty', 'FEMALE', 'Adams', 554.0); 
INSERT INTO person VALUES (9505879898, 'Angela', 'FEMALE', 'Davis', 1571.0); 
INSERT INTO person VALUES (9535809392, 'Jack', 'MALE', 'Owen', 800.0); 
INSERT INTO person VALUES (5014616043, 'Jerry', 'MALE', 'Miller', 149.0); 
INSERT INTO person VALUES (1642515054, 'Natalie', 'FEMALE', 'Jackson', 608.0); 
INSERT INTO person VALUES (2778576034, 'Grace', 'FEMALE', 'Wright', 1042.0); 
INSERT INTO person VALUES (628517927, 'James', 'MALE', 'Collins', 1347.0); 
INSERT INTO person VALUES (3987897067, 'Kyle', 'MALE', 'Smith', 844.0); 
INSERT INTO person VALUES (396703425, 'Roy', 'MALE', 'Mitchell', 1927.0); 
INSERT INTO person VALUES (145368157, 'Rose', 'FEMALE', 'Rogers', 874.0); 
INSERT INTO person VALUES (9068949178, 'Nancy', 'FEMALE', 'Baker', 1575.0); 
INSERT INTO person VALUES (8501967001, 'Logan', 'MALE', 'Williams', 798.0); 
INSERT INTO person VALUES (1857294305, 'Sarah', 'FEMALE', 'Palmer', 801.0); 
INSERT INTO person VALUES (2283184865, 'Bobby', 'MALE', 'Parker', 241.0); 
INSERT INTO person VALUES (4416845818, 'Virginia', 'FEMALE', 'Campbell', 414.0); 
INSERT INTO person VALUES (4564735642, 'Louis', 'MALE', 'Bennett', 1745.0); 
INSERT INTO person VALUES (8735308769, 'Cynthia', 'FEMALE', 'Hall', 258.0); 
INSERT INTO person VALUES (9409277035, 'Martha', 'FEMALE', 'Simpson', 1791.0); 
INSERT INTO person VALUES (3374741190, 'Katherine', 'FEMALE', 'Bennett', 1386.0); 
INSERT INTO person VALUES (5561818368, 'Kimberly', 'FEMALE', 'Murphy', 1661.0); 
INSERT INTO person VALUES (1355564990, 'Timothy', 'MALE', 'Ross', 1493.0); 
INSERT INTO person VALUES (8752622160, 'Patrick', 'MALE', 'Wilkinson', 1387.0); 
INSERT INTO person VALUES (8657776271, 'Kathleen', 'FEMALE', 'Green', 1693.0); 
INSERT INTO person VALUES (1275649647, 'Bruce', 'MALE', 'Lewis', 776.0); 
INSERT INTO person VALUES (6345537831, 'Jacqueline', 'FEMALE', 'Harrison', 1308.0); 
INSERT INTO person VALUES (9060681521, 'Dorothy', 'FEMALE', 'Allen', 2037.0); 
INSERT INTO person VALUES (658675743, 'George', 'MALE', 'Palmer', 1716.0); 
INSERT INTO person VALUES (9891844868, 'Olivia', 'FEMALE', 'Miller', 975.0); 
INSERT INTO person VALUES (9474791768, 'Kathleen', 'FEMALE', 'Hughes', 1659.0); 
INSERT INTO person VALUES (543279521, 'Carl', 'MALE', 'Green', 306.0); 
INSERT INTO person VALUES (7786823198, 'Nancy', 'FEMALE', 'Bennett', 1684.0); 
INSERT INTO person VALUES (8175418539, 'Jason', 'MALE', 'Hunter', 1610.0); 
INSERT INTO person VALUES (9153588615, 'Denise', 'FEMALE', 'Harrison', 548.0); 
INSERT INTO person VALUES (6550378549, 'Mark', 'MALE', 'Wilson', 1547.0); 
INSERT INTO person VALUES (5459637450, 'Brenda', 'FEMALE', 'Powell', 1278.0); 
INSERT INTO person VALUES (4953249165, 'Sandra', 'FEMALE', 'Russell', 155.0); 
INSERT INTO person VALUES (2769936578, 'Adam', 'MALE', 'Hunter', 1500.0); 
INSERT INTO person VALUES (3783333139, 'Henry', 'MALE', 'Williams', 1041.0); 
INSERT INTO person VALUES (8994470073, 'Randy', 'MALE', 'Palmer', 1423.0); 
INSERT INTO person VALUES (9531869543, 'Timothy', 'MALE', 'Clarke', 1586.0); 
INSERT INTO person VALUES (2688168408, 'Louis', 'MALE', 'James', 774.0); 
INSERT INTO person VALUES (8887323755, 'Robert', 'MALE', 'Brown', 1323.0); 
INSERT INTO person VALUES (362818702, 'Brian', 'MALE', 'Cook', 982.0); 
INSERT INTO person VALUES (9725256001, 'Thomas', 'MALE', 'Wright', 1504.0); 
INSERT INTO person VALUES (2543114015, 'Scott', 'MALE', 'Bailey', 1549.0); 
INSERT INTO person VALUES (708593420, 'Ruth', 'FEMALE', 'Matthews', 1042.0); 
INSERT INTO person VALUES (392881297, 'Logan', 'MALE', 'Simpson', 955.0); 
INSERT INTO person VALUES (3802791011, 'Theresa', 'FEMALE', 'Cooper', 74.0); 
INSERT INTO person VALUES (725266664, 'Evelyn', 'FEMALE', 'Patel', 1353.0); 
INSERT INTO person VALUES (3989739472, 'Jesse', 'MALE', 'Adams', 19.0); 
INSERT INTO person VALUES (9963363490, 'Teresa', 'FEMALE', 'Reid', 1440.0); 
INSERT INTO person VALUES (6822980910, 'Richard', 'MALE', 'Ward', 273.0); 
INSERT INTO person VALUES (207031910, 'Sara', 'FEMALE', 'Phillips', 963.0); 
INSERT INTO person VALUES (8003148119, 'Alan', 'MALE', 'Adams', 284.0); 
INSERT INTO person VALUES (195994288, 'Judy', 'FEMALE', 'Lloyd', 194.0); 
INSERT INTO person VALUES (4602823867, 'Emily', 'FEMALE', 'Patel', 1951.0); 
INSERT INTO person VALUES (6948194743, 'Juan', 'MALE', 'Saunders', 58.0); 
INSERT INTO person VALUES (4656701021, 'Danielle', 'FEMALE', 'Moore', 981.0); 
INSERT INTO person VALUES (4358404836, 'Gabriel', 'MALE', 'White', 442.0); 
INSERT INTO person VALUES (7837943027, 'Keith', 'MALE', 'Hill', 285.0); 
INSERT INTO person VALUES (2477142921, 'Emma', 'FEMALE', 'Clark', 1557.0); 
INSERT INTO person VALUES (5634131035, 'Sarah', 'FEMALE', 'Clarke', 362.0); 
INSERT INTO person VALUES (2883280582, 'Randy', 'MALE', 'Smith', 1635.0); 
INSERT INTO person VALUES (4780725673, 'George', 'MALE', 'Saunders', 735.0); 
INSERT INTO person VALUES (2761143288, 'Albert', 'MALE', 'Hughes', 38.0); 
INSERT INTO person VALUES (3185858305, 'Nancy', 'FEMALE', 'Edwards', 138.0); 
INSERT INTO person VALUES (67619130, 'Janice', 'FEMALE', 'Kennedy', 393.0); 
INSERT INTO person VALUES (3315741542, 'Carolyn', 'FEMALE', 'Ellis', 1149.0); 
INSERT INTO person VALUES (8708682894, 'Emma', 'FEMALE', 'Gray', 134.0); 
INSERT INTO person VALUES (26998275, 'Randy', 'MALE', 'Simpson', 936.0); 
INSERT INTO person VALUES (3189414215, 'Ashley', 'FEMALE', 'Clark', 651.0); 
INSERT INTO person VALUES (2250651845, 'Terry', 'MALE', 'Hall', 1937.0); 
INSERT INTO person VALUES (2406558023, 'Nicole', 'FEMALE', 'Holmes', 636.0); 
INSERT INTO person VALUES (5925499764, 'Bruce', 'MALE', 'Robinson', 1139.0); 
INSERT INTO person VALUES (7781590635, 'Dylan', 'MALE', 'Kennedy', 1513.0); 
INSERT INTO person VALUES (7222665315, 'Harry', 'MALE', 'Simpson', 1585.0); 
INSERT INTO person VALUES (954121792, 'Harry', 'MALE', 'Saunders', 1183.0); 
INSERT INTO person VALUES (4694544142, 'Scott', 'MALE', 'Moore', 1416.0); 
INSERT INTO person VALUES (3704335679, 'Ann', 'FEMALE', 'Cox', 675.0); 
INSERT INTO person VALUES (8700348553, 'Carl', 'MALE', 'Miller', 762.0); 
INSERT INTO person VALUES (2109884752, 'Alan', 'MALE', 'Cook', 298.0); 
INSERT INTO person VALUES (9505415692, 'Wayne', 'MALE', 'King', 579.0); 
INSERT INTO person VALUES (16739456, 'Andrew', 'MALE', 'Cooper', 2018.0); 
INSERT INTO person VALUES (8302255189, 'Gabriel', 'MALE', 'Wood', 580.0); 
INSERT INTO person VALUES (80722966, 'Emily', 'FEMALE', 'Morris', 853.0); 
INSERT INTO person VALUES (127538652, 'Johnny', 'MALE', 'Marshall', 1984.0); 
INSERT INTO person VALUES (2432649728, 'Christina', 'FEMALE', 'Powell', 1259.0); 
INSERT INTO person VALUES (4816401832, 'Beverly', 'FEMALE', 'Morgan', 246.0); 
INSERT INTO person VALUES (8047284345, 'Angela', 'FEMALE', 'Richardson', 1528.0); 
INSERT INTO person VALUES (2995267974, 'Patrick', 'MALE', 'Fox', 927.0); 
INSERT INTO person VALUES (5042816254, 'Keith', 'MALE', 'Clark', 468.0); 
INSERT INTO person VALUES (320288534, 'Ann', 'FEMALE', 'Chapman', 1076.0); 
INSERT INTO person VALUES (1644196540, 'Jose', 'MALE', 'Rogers', 1839.0); 
INSERT INTO person VALUES (3801318741, 'Carolyn', 'FEMALE', 'Hunter', 631.0); 
INSERT INTO person VALUES (129945311, 'Lawrence', 'MALE', 'Lee', 1397.0); 
INSERT INTO person VALUES (8151937440, 'Dorothy', 'FEMALE', 'Stevens', 1285.0); 
INSERT INTO person VALUES (7615768482, 'Scott', 'MALE', 'Clark', 207.0); 
INSERT INTO person VALUES (2775423256, 'Gary', 'MALE', 'Green', 1157.0); 
INSERT INTO person VALUES (7066956977, 'Katherine', 'FEMALE', 'Williams', 78.0); 
INSERT INTO person VALUES (8750305552, 'Kevin', 'MALE', 'Kelly', 987.0); 
INSERT INTO person VALUES (2640242717, 'Lori', 'FEMALE', 'Hall', 899.0); 
INSERT INTO person VALUES (4705915164, 'Angela', 'FEMALE', 'Reid', 1725.0); 
INSERT INTO person VALUES (7998475924, 'Alice', 'FEMALE', 'Mason', 1829.0); 
INSERT INTO person VALUES (2283415989, 'Aaron', 'MALE', 'Hall', 660.0); 
INSERT INTO person VALUES (3239856947, 'Lawrence', 'MALE', 'Walsh', 1277.0); 
INSERT INTO person VALUES (9347456593, 'Karen', 'FEMALE', 'Carter', 1254.0); 
INSERT INTO person VALUES (9577300890, 'Amber', 'FEMALE', 'Robertson', 991.0); 
INSERT INTO person VALUES (3260646867, 'Pamela', 'FEMALE', 'Brown', 1752.0); 
INSERT INTO person VALUES (4102710753, 'Sara', 'FEMALE', 'Griffiths', 1490.0); 
INSERT INTO person VALUES (288947135, 'Julie', 'FEMALE', 'Johnson', 1153.0); 
INSERT INTO person VALUES (5350688646, 'Judith', 'FEMALE', 'Chapman', 750.0); 
INSERT INTO person VALUES (8371417886, 'Amy', 'FEMALE', 'Graham', 958.0); 
INSERT INTO person VALUES (3907307243, 'Thomas', 'MALE', 'Allen', 1258.0); 
INSERT INTO person VALUES (7864782589, 'Louis', 'MALE', 'Richards', 190.0); 
INSERT INTO person VALUES (7805605203, 'Janice', 'FEMALE', 'Marshall', 1725.0); 
INSERT INTO person VALUES (926421948, 'Teresa', 'FEMALE', 'Parker', 1866.0); 
INSERT INTO person VALUES (6611149416, 'Noah', 'MALE', 'Richards', 399.0); 
INSERT INTO person VALUES (7036566744, 'Kimberly', 'FEMALE', 'Stewart', 1325.0); 
INSERT INTO person VALUES (9273340164, 'Joseph', 'MALE', 'Cooper', 312.0); 
INSERT INTO person VALUES (2770562610, 'Evelyn', 'FEMALE', 'Murray', 122.0); 
INSERT INTO person VALUES (2137717328, 'Walter', 'MALE', 'Clark', 1038.0); 
INSERT INTO person VALUES (6629121086, 'Maria', 'FEMALE', 'Hill', 79.0); 
INSERT INTO person VALUES (5115779547, 'Linda', 'FEMALE', 'Holmes', 919.0); 
INSERT INTO person VALUES (2531877878, 'Ashley', 'FEMALE', 'Shaw', 511.0); 
INSERT INTO person VALUES (5381254678, 'Thomas', 'MALE', 'Gray', 1864.0); 
INSERT INTO person VALUES (5570185158, 'Maria', 'FEMALE', 'Mitchell', 1671.0); 
INSERT INTO person VALUES (885188042, 'Sean', 'MALE', 'Hill', 1002.0); 
INSERT INTO person VALUES (6816956863, 'Barbara', 'FEMALE', 'Wilson', 247.0); 
INSERT INTO person VALUES (655752219, 'Amber', 'FEMALE', 'Stewart', 636.0); 
INSERT INTO person VALUES (315754400, 'Scott', 'MALE', 'Bell', 1192.0); 
INSERT INTO person VALUES (7554563616, 'Donald', 'MALE', 'Simpson', 1192.0); 
INSERT INTO person VALUES (4784888009, 'Gabriel', 'MALE', 'Hughes', 146.0); 
INSERT INTO person VALUES (9006330446, 'Nicholas', 'MALE', 'Khan', 916.0); 
INSERT INTO person VALUES (9314562662, 'Raymond', 'MALE', 'Ward', 598.0); 
INSERT INTO person VALUES (5256495531, 'Jonathan', 'MALE', 'Murray', 257.0); 
INSERT INTO person VALUES (7425816112, 'Danielle', 'FEMALE', 'Clarke', 296.0); 
INSERT INTO person VALUES (2810395290, 'Zachary', 'MALE', 'Owen', 1600.0); 
INSERT INTO person VALUES (7176783168, 'Joan', 'FEMALE', 'Hill', 1586.0); 
INSERT INTO person VALUES (6529981220, 'Stephen', 'MALE', 'Reynolds', 1118.0); 
INSERT INTO person VALUES (9963730040, 'Linda', 'FEMALE', 'Cox', 1539.0); 
INSERT INTO person VALUES (3812468105, 'Joe', 'MALE', 'Murphy', 683.0); 
INSERT INTO person VALUES (619094565, 'Lawrence', 'MALE', 'Harrison', 431.0); 
INSERT INTO person VALUES (4547838204, 'Kenneth', 'MALE', 'Collins', 1994.0); 
INSERT INTO person VALUES (9637154079, 'Thomas', 'MALE', 'Smith', 1127.0); 
INSERT INTO person VALUES (7956475002, 'Gabriel', 'MALE', 'Wood', 399.0); 
INSERT INTO person VALUES (2003837814, 'Kelly', 'FEMALE', 'Richards', 1316.0); 
INSERT INTO person VALUES (434184059, 'Ruth', 'FEMALE', 'Evans', 637.0); 
INSERT INTO person VALUES (6453973032, 'Randy', 'MALE', 'Shaw', 1541.0); 
INSERT INTO person VALUES (250120643, 'Kimberly', 'FEMALE', 'Carter', 262.0); 
INSERT INTO person VALUES (987974987, 'Ryan', 'MALE', 'Robinson', 1322.0); 
INSERT INTO person VALUES (6455950683, 'Richard', 'MALE', 'Saunders', 1375.0); 
INSERT INTO person VALUES (4737684676, 'Paul', 'MALE', 'Richards', 767.0); 
INSERT INTO person VALUES (6100767878, 'Sarah', 'FEMALE', 'Knight', 1511.0); 
INSERT INTO person VALUES (9070952680, 'Brian', 'MALE', 'Watson', 1516.0); 
INSERT INTO person VALUES (8548548480, 'Dylan', 'MALE', 'Saunders', 780.0); 
INSERT INTO person VALUES (136342914, 'Danielle', 'FEMALE', 'Gray', 355.0); 
INSERT INTO person VALUES (288997165, 'Kathleen', 'FEMALE', 'Taylor', 553.0); 
INSERT INTO person VALUES (5686370581, 'Noah', 'MALE', 'Harrison', 1167.0); 
INSERT INTO person VALUES (2522601752, 'Tiffany', 'FEMALE', 'Walker', 1489.0); 
INSERT INTO person VALUES (81330949, 'Kelly', 'FEMALE', 'Patel', 1184.0); 
INSERT INTO person VALUES (5404228488, 'Christopher', 'MALE', 'Clark', 1940.0); 
INSERT INTO person VALUES (1849559837, 'Philip', 'MALE', 'Richards', 1383.0); 
INSERT INTO person VALUES (3027138517, 'Heather', 'FEMALE', 'Kennedy', 1591.0); 
INSERT INTO person VALUES (5649885991, 'Albert', 'MALE', 'Cook', 1026.0); 
INSERT INTO person VALUES (7231453544, 'Dylan', 'MALE', 'Baker', 403.0); 
INSERT INTO person VALUES (8373786210, 'Olivia', 'FEMALE', 'Graham', 744.0); 
INSERT INTO person VALUES (3386736128, 'Justin', 'MALE', 'Chapman', 756.0); 
INSERT INTO person VALUES (9269985544, 'Bruce', 'MALE', 'Davis', 1434.0); 
INSERT INTO person VALUES (9207947228, 'Juan', 'MALE', 'Bell', 1391.0); 
INSERT INTO person VALUES (8738809631, 'Jennifer', 'FEMALE', 'Russell', 700.0); 
INSERT INTO person VALUES (7305898468, 'Susan', 'FEMALE', 'Clarke', 582.0); 
INSERT INTO person VALUES (5755799993, 'Jose', 'MALE', 'Green', 782.0); 
INSERT INTO person VALUES (1933805025, 'Benjamin', 'MALE', 'Wright', 825.0); 
INSERT INTO person VALUES (1222954600, 'Julie', 'FEMALE', 'Carter', 1573.0); 
INSERT INTO person VALUES (543371184, 'Brenda', 'FEMALE', 'Murphy', 584.0); 
INSERT INTO person VALUES (3794417222, 'Catherine', 'FEMALE', 'Russell', 1491.0); 
INSERT INTO person VALUES (6434286678, 'Betty', 'FEMALE', 'Brown', 1026.0); 
INSERT INTO person VALUES (6557674968, 'Grace', 'FEMALE', 'Richards', 1744.0); 
INSERT INTO person VALUES (1731188321, 'Roy', 'MALE', 'Stevens', 678.0); 
INSERT INTO person VALUES (1175952203, 'Billy', 'MALE', 'Scott', 829.0); 
INSERT INTO person VALUES (1831236536, 'Karen', 'FEMALE', 'Walker', 891.0); 
INSERT INTO person VALUES (575832026, 'Stephen', 'MALE', 'Hill', 774.0); 
INSERT INTO person VALUES (6680986888, 'Joyce', 'FEMALE', 'Wood', 1694.0); 
INSERT INTO person VALUES (9794467978, 'Margaret', 'FEMALE', 'Stevens', 825.0); 
INSERT INTO person VALUES (8992297318, 'Jennifer', 'FEMALE', 'Bailey', 1182.0); 
INSERT INTO person VALUES (6090546390, 'Noah', 'MALE', 'Simpson', 864.0); 
INSERT INTO person VALUES (9752525290, 'Sarah', 'FEMALE', 'Ellis', 417.0); 
INSERT INTO person VALUES (5796354187, 'Barbara', 'FEMALE', 'Murphy', 542.0); 
INSERT INTO person VALUES (1752236498, 'Adam', 'MALE', 'Palmer', 2034.0); 
INSERT INTO person VALUES (4619532039, 'Jesse', 'MALE', 'Thomas', 20.0); 
INSERT INTO person VALUES (9169397254, 'Lawrence', 'MALE', 'Wood', 883.0); 
INSERT INTO person VALUES (6050935264, 'Joan', 'FEMALE', 'Davis', 725.0); 
INSERT INTO person VALUES (6356463382, 'Danielle', 'FEMALE', 'Jones', 764.0); 
INSERT INTO person VALUES (6399274969, 'Carol', 'FEMALE', 'Ellis', 1343.0); 
INSERT INTO person VALUES (474644745, 'Shirley', 'FEMALE', 'Clarke', 853.0); 
INSERT INTO person VALUES (4618112653, 'Harold', 'MALE', 'Allen', 1648.0); 
INSERT INTO person VALUES (7941729920, 'Abigail', 'FEMALE', 'Parker', 1293.0); 
INSERT INTO person VALUES (6672279270, 'Patricia', 'FEMALE', 'Collins', 1252.0); 
INSERT INTO person VALUES (3777341581, 'Rachel', 'FEMALE', 'Allen', 506.0); 
INSERT INTO person VALUES (1853783872, 'Heather', 'FEMALE', 'Smith', 1572.0); 
INSERT INTO person VALUES (2179633, 'Emma', 'FEMALE', 'Campbell', 1539.0); 
INSERT INTO person VALUES (7200870035, 'Kevin', 'MALE', 'Russell', 62.0); 
INSERT INTO person VALUES (5915243827, 'Daniel', 'MALE', 'Thomson', 915.0); 
INSERT INTO person VALUES (4324625984, 'Benjamin', 'MALE', 'Graham', 1606.0); 
INSERT INTO person VALUES (9252336550, 'Frances', 'FEMALE', 'Green', 1477.0); 
INSERT INTO person VALUES (4575715358, 'Jason', 'MALE', 'Graham', 1124.0); 
INSERT INTO person VALUES (8162283754, 'Shirley', 'FEMALE', 'Cook', 616.0); 
INSERT INTO person VALUES (5883581997, 'Natalie', 'FEMALE', 'Matthews', 1019.0); 
INSERT INTO person VALUES (3039809838, 'Sandra', 'FEMALE', 'Mason', 666.0); 
INSERT INTO person VALUES (1036308797, 'Diane', 'FEMALE', 'Harris', 1007.0); 
INSERT INTO person VALUES (377021016, 'Betty', 'FEMALE', 'Powell', 381.0); 
INSERT INTO person VALUES (887345967, 'Diana', 'FEMALE', 'Campbell', 756.0); 
INSERT INTO person VALUES (1946429871, 'Robert', 'MALE', 'Brown', 1404.0); 
INSERT INTO person VALUES (9215139007, 'Paul', 'MALE', 'Robinson', 741.0); 
INSERT INTO person VALUES (7240157906, 'Doris', 'FEMALE', 'Morgan', 1364.0); 
INSERT INTO person VALUES (9722306015, 'Alexis', 'FEMALE', 'Taylor', 1596.0); 
INSERT INTO person VALUES (2321227730, 'Jack', 'MALE', 'Moore', 202.0); 
INSERT INTO person VALUES (9518164860, 'Jason', 'MALE', 'White', 1004.0); 
INSERT INTO person VALUES (9009874943, 'Patrick', 'MALE', 'Cooper', 1573.0); 
INSERT INTO person VALUES (4970274248, 'Anna', 'FEMALE', 'Gray', 1419.0); 
INSERT INTO person VALUES (7045922721, 'Sandra', 'FEMALE', 'Wright', 1370.0); 
INSERT INTO person VALUES (7671512228, 'Sandra', 'FEMALE', 'Kennedy', 804.0); 
INSERT INTO person VALUES (497048700, 'Cheryl', 'FEMALE', 'Cooper', 885.0); 
INSERT INTO person VALUES (2142908498, 'Joe', 'MALE', 'Taylor', 53.0); 
INSERT INTO person VALUES (3903391228, 'Eugene', 'MALE', 'Thomson', 1599.0); 
INSERT INTO person VALUES (38112688, 'Jesse', 'MALE', 'Hill', 1749.0); 
INSERT INTO person VALUES (134375725, 'Joan', 'FEMALE', 'Richards', 1409.0); 
INSERT INTO person VALUES (482713052, 'George', 'MALE', 'Campbell', 67.0); 
INSERT INTO person VALUES (1688955313, 'Megan', 'FEMALE', 'Smith', 246.0); 
INSERT INTO person VALUES (9000314781, 'Ethan', 'MALE', 'Taylor', 1801.0); 
INSERT INTO person VALUES (965544533, 'Diana', 'FEMALE', 'Lee', 968.0); 
INSERT INTO person VALUES (2797294018, 'Rachel', 'FEMALE', 'Palmer', 616.0); 
INSERT INTO person VALUES (3874750710, 'Catherine', 'FEMALE', 'Lewis', 679.0); 
INSERT INTO person VALUES (4627815038, 'Alice', 'FEMALE', 'Watson', 634.0); 
INSERT INTO person VALUES (8401872101, 'Donald', 'MALE', 'Johnson', 625.0); 
INSERT INTO person VALUES (6073639689, 'Catherine', 'FEMALE', 'Baker', 716.0); 
INSERT INTO person VALUES (8425911449, 'Rachel', 'FEMALE', 'Walker', 2017.0); 
INSERT INTO person VALUES (3167578855, 'Zachary', 'MALE', 'Cooper', 793.0); 
INSERT INTO person VALUES (2305751928, 'Charles', 'MALE', 'Young', 645.0); 
INSERT INTO person VALUES (6454597247, 'Linda', 'FEMALE', 'Owen', 1005.0); 
INSERT INTO person VALUES (154942104, 'Joe', 'MALE', 'Ward', 1107.0); 
INSERT INTO person VALUES (5497750393, 'Adam', 'MALE', 'Murray', 1191.0); 
INSERT INTO person VALUES (845847653, 'David', 'MALE', 'Richardson', 367.0); 
INSERT INTO person VALUES (1211924387, 'Walter', 'MALE', 'Williams', 693.0); 
INSERT INTO person VALUES (8909438695, 'Virginia', 'FEMALE', 'James', 1017.0); 
INSERT INTO person VALUES (6132686019, 'Carolyn', 'FEMALE', 'Johnson', 1338.0); 
INSERT INTO person VALUES (143209400, 'Justin', 'MALE', 'Gray', 1218.0); 
INSERT INTO person VALUES (1392907898, 'Joyce', 'FEMALE', 'Morgan', 538.0); 
INSERT INTO person VALUES (2831265597, 'Jeremy', 'MALE', 'Thomson', 1615.0); 
INSERT INTO person VALUES (3540187436, 'Emma', 'FEMALE', 'Miller', 766.0); 
INSERT INTO person VALUES (420389392, 'Janice', 'FEMALE', 'Davies', 1747.0); 
INSERT INTO person VALUES (1493860978, 'Tyler', 'MALE', 'Richards', 375.0); 
INSERT INTO person VALUES (920398304, 'Jose', 'MALE', 'Palmer', 1433.0); 
INSERT INTO person VALUES (6589758467, 'Larry', 'MALE', 'Phillips', 595.0); 
INSERT INTO person VALUES (9831189090, 'Jacob', 'MALE', 'Marshall', 1827.0); 
INSERT INTO person VALUES (8106837039, 'Austin', 'MALE', 'Anderson', 578.0); 
INSERT INTO person VALUES (3234900722, 'Edward', 'MALE', 'Ellis', 550.0); 
INSERT INTO person VALUES (4536763580, 'Bryan', 'MALE', 'Murphy', 1323.0); 
INSERT INTO person VALUES (9062881994, 'Carolyn', 'FEMALE', 'Davis', 2039.0); 
INSERT INTO person VALUES (2611129967, 'Cheryl', 'FEMALE', 'Thomas', 1328.0); 
INSERT INTO person VALUES (167920675, 'Brian', 'MALE', 'Stewart', 538.0); 
INSERT INTO person VALUES (2385726595, 'Evelyn', 'FEMALE', 'Baker', 1757.0); 
INSERT INTO person VALUES (7467124417, 'Sarah', 'FEMALE', 'Clarke', 1945.0); 
INSERT INTO person VALUES (6948569306, 'Edward', 'MALE', 'Thomson', 755.0); 
INSERT INTO person VALUES (4455158625, 'Dennis', 'MALE', 'Adams', 516.0); 
INSERT INTO person VALUES (9528774597, 'Robert', 'MALE', 'Reynolds', 2022.0); 
INSERT INTO person VALUES (2028290959, 'Ashley', 'FEMALE', 'Shaw', 32.0); 
INSERT INTO person VALUES (2074963524, 'Donna', 'FEMALE', 'Reid', 572.0); 
INSERT INTO person VALUES (824992117, 'Nathan', 'MALE', 'Martin', 395.0); 
INSERT INTO person VALUES (7104404947, 'Ralph', 'MALE', 'Matthews', 543.0); 
INSERT INTO person VALUES (4947152068, 'Heather', 'FEMALE', 'Robinson', 1137.0); 
INSERT INTO person VALUES (5836295546, 'Jessica', 'FEMALE', 'Hunter', 1003.0); 
INSERT INTO person VALUES (8503322278, 'William', 'MALE', 'Bailey', 573.0); 
INSERT INTO person VALUES (8719332381, 'Mary', 'FEMALE', 'Hughes', 88.0); 
INSERT INTO person VALUES (4289647988, 'Jean', 'FEMALE', 'Chapman', 1176.0); 
INSERT INTO person VALUES (652431911, 'Brian', 'MALE', 'Price', 1495.0); 
INSERT INTO person VALUES (1228248710, 'Judy', 'FEMALE', 'Robertson', 981.0); 
INSERT INTO person VALUES (9843158541, 'Melissa', 'FEMALE', 'Harrison', 1076.0); 
INSERT INTO person VALUES (47436574, 'Jeffrey', 'MALE', 'Cook', 1225.0); 
INSERT INTO person VALUES (1662170427, 'Bruce', 'MALE', 'Scott', 1611.0); 
INSERT INTO person VALUES (7790875429, 'Virginia', 'FEMALE', 'Hunt', 609.0); 
INSERT INTO person VALUES (3498997862, 'Heather', 'FEMALE', 'Collins', 449.0); 
INSERT INTO person VALUES (2336601837, 'Johnny', 'MALE', 'Clark', 1338.0); 
INSERT INTO person VALUES (2788420906, 'Gabriel', 'MALE', 'Evans', 1225.0); 
INSERT INTO person VALUES (3703903032, 'Kyle', 'MALE', 'Clark', 1700.0); 
INSERT INTO person VALUES (3679991634, 'Martha', 'FEMALE', 'Adams', 649.0); 
INSERT INTO person VALUES (7675755778, 'Marie', 'FEMALE', 'Harrison', 178.0); 
INSERT INTO person VALUES (1542189540, 'Timothy', 'MALE', 'Martin', 123.0); 
INSERT INTO person VALUES (1146171058, 'Danielle', 'FEMALE', 'Powell', 220.0); 
INSERT INTO person VALUES (3350846111, 'Scott', 'MALE', 'Marshall', 444.0); 
INSERT INTO person VALUES (7193147962, 'Paul', 'MALE', 'James', 30.0); 
INSERT INTO person VALUES (3334819718, 'Michelle', 'FEMALE', 'White', 455.0); 
INSERT INTO person VALUES (9939979553, 'Susan', 'FEMALE', 'Brown', 2009.0); 
INSERT INTO person VALUES (832140928, 'Steven', 'MALE', 'Lee', 1798.0); 
INSERT INTO person VALUES (753615459, 'Harry', 'MALE', 'Adams', 239.0); 
INSERT INTO person VALUES (2524630528, 'Beverly', 'FEMALE', 'Wright', 738.0); 
INSERT INTO person VALUES (7055840142, 'Hannah', 'FEMALE', 'Butler', 1444.0); 
INSERT INTO person VALUES (6902170667, 'Lisa', 'FEMALE', 'Campbell', 96.0); 
INSERT INTO person VALUES (6972900194, 'Carolyn', 'FEMALE', 'Jones', 500.0); 
INSERT INTO person VALUES (526688961, 'Denise', 'FEMALE', 'Clark', 655.0); 
INSERT INTO person VALUES (5881284450, 'Julie', 'FEMALE', 'Kelly', 557.0); 
INSERT INTO person VALUES (5040505273, 'Victoria', 'FEMALE', 'Moore', 362.0); 
INSERT INTO person VALUES (4647331398, 'Martha', 'FEMALE', 'Martin', 193.0); 
INSERT INTO person VALUES (903952771, 'Kathryn', 'FEMALE', 'Baker', 1379.0); 
INSERT INTO person VALUES (9307491483, 'Dylan', 'MALE', 'Johnson', 711.0); 
INSERT INTO person VALUES (8876284121, 'Kyle', 'MALE', 'Jones', 1188.0); 
INSERT INTO person VALUES (9779517774, 'Natalie', 'FEMALE', 'Knight', 1595.0); 
INSERT INTO person VALUES (7542428187, 'Christine', 'FEMALE', 'Matthews', 981.0); 
INSERT INTO person VALUES (2572785654, 'Victoria', 'FEMALE', 'King', 911.0); 
INSERT INTO person VALUES (4145493887, 'Abigail', 'FEMALE', 'Richards', 789.0); 
INSERT INTO person VALUES (2861867178, 'Michelle', 'FEMALE', 'Hughes', 1441.0); 
INSERT INTO person VALUES (4769300160, 'Catherine', 'FEMALE', 'Clarke', 1639.0); 
INSERT INTO person VALUES (2767503401, 'Christine', 'FEMALE', 'Clarke', 799.0); 
INSERT INTO person VALUES (7189121977, 'Mark', 'MALE', 'White', 1741.0); 
INSERT INTO person VALUES (304150980, 'Daniel', 'MALE', 'Parker', 1079.0); 
INSERT INTO person VALUES (7568212530, 'Zachary', 'MALE', 'Wilkinson', 1656.0); 
INSERT INTO person VALUES (1894328885, 'Stephen', 'MALE', 'Jones', 1851.0); 
INSERT INTO person VALUES (8410125119, 'Arthur', 'MALE', 'Moore', 249.0); 
INSERT INTO person VALUES (7194385984, 'Ruth', 'FEMALE', 'Reynolds', 851.0); 
INSERT INTO person VALUES (59161495, 'Martha', 'FEMALE', 'Murray', 1861.0); 
INSERT INTO person VALUES (9450958067, 'Amber', 'FEMALE', 'Scott', 618.0); 
INSERT INTO person VALUES (6979606830, 'Dorothy', 'FEMALE', 'Ellis', 1194.0); 
INSERT INTO person VALUES (590518668, 'Logan', 'MALE', 'Scott', 2019.0); 
INSERT INTO person VALUES (9716217986, 'Shirley', 'FEMALE', 'Robertson', 631.0); 
INSERT INTO person VALUES (8650865472, 'Danielle', 'FEMALE', 'Morris', 1727.0); 
INSERT INTO person VALUES (2554457802, 'Austin', 'MALE', 'Robertson', 1986.0); 
INSERT INTO person VALUES (6526764688, 'Nicholas', 'MALE', 'Kennedy', 1059.0); 
INSERT INTO person VALUES (9752713023, 'Angela', 'FEMALE', 'Hunt', 855.0); 
INSERT INTO person VALUES (759419254, 'Kyle', 'MALE', 'Ross', 728.0); 
INSERT INTO person VALUES (793979893, 'Thomas', 'MALE', 'Wood', 1449.0); 
INSERT INTO person VALUES (511480982, 'Bobby', 'MALE', 'Ellis', 92.0); 
INSERT INTO person VALUES (5707404855, 'Justin', 'MALE', 'Mason', 1501.0); 
INSERT INTO person VALUES (2935617730, 'Terry', 'MALE', 'Martin', 2005.0); 
INSERT INTO person VALUES (2041687207, 'Paul', 'MALE', 'Reid', 487.0); 
INSERT INTO person VALUES (8541128509, 'William', 'MALE', 'Morris', 2024.0); 
INSERT INTO person VALUES (434497671, 'Megan', 'FEMALE', 'Ellis', 268.0); 
INSERT INTO person VALUES (8944304287, 'Thomas', 'MALE', 'Taylor', 1827.0); 
INSERT INTO person VALUES (6712556897, 'Joyce', 'FEMALE', 'Scott', 1730.0); 
INSERT INTO person VALUES (7160220527, 'Kevin', 'MALE', 'Scott', 1593.0); 
INSERT INTO person VALUES (9684878884, 'John', 'MALE', 'Simpson', 128.0); 
INSERT INTO person VALUES (9244857685, 'Jonathan', 'MALE', 'Knight', 1745.0); 
INSERT INTO person VALUES (6605487649, 'Harold', 'MALE', 'Carter', 1960.0); 
INSERT INTO person VALUES (6420144523, 'Wayne', 'MALE', 'Khan', 1433.0); 
INSERT INTO person VALUES (2221185482, 'Emma', 'FEMALE', 'James', 1670.0); 
INSERT INTO person VALUES (192150982, 'Ethan', 'MALE', 'Gray', 423.0); 
INSERT INTO person VALUES (8663615406, 'Jean', 'FEMALE', 'Lee', 2020.0); 
INSERT INTO person VALUES (2505395284, 'Jeremy', 'MALE', 'Khan', 2036.0); 
INSERT INTO person VALUES (604299639, 'Pamela', 'FEMALE', 'Powell', 1596.0); 
INSERT INTO person VALUES (1258224919, 'Roger', 'MALE', 'Baker', 1795.0); 
INSERT INTO person VALUES (6534433765, 'Heather', 'FEMALE', 'Griffiths', 1283.0); 
INSERT INTO person VALUES (509762297, 'Philip', 'MALE', 'Martin', 1438.0); 
INSERT INTO person VALUES (1080809802, 'Christine', 'FEMALE', 'Martin', 1312.0); 
INSERT INTO person VALUES (881130345, 'Patricia', 'FEMALE', 'Chapman', 775.0); 
INSERT INTO person VALUES (5673370560, 'Charles', 'MALE', 'Parker', 1783.0); 
INSERT INTO person VALUES (9085876542, 'Walter', 'MALE', 'Clarke', 633.0); 
INSERT INTO person VALUES (2663455635, 'Dylan', 'MALE', 'King', 1284.0); 
INSERT INTO person VALUES (3752759318, 'George', 'MALE', 'Bell', 1284.0); 
INSERT INTO person VALUES (9714582494, 'Theresa', 'FEMALE', 'Powell', 340.0); 
INSERT INTO person VALUES (4146739944, 'Cheryl', 'FEMALE', 'Johnson', 1369.0); 
INSERT INTO person VALUES (2017763741, 'Emma', 'FEMALE', 'Anderson', 269.0); 
INSERT INTO person VALUES (4161205816, 'David', 'MALE', 'Walsh', 1392.0); 
INSERT INTO person VALUES (9333246307, 'Logan', 'MALE', 'Wright', 1618.0); 
INSERT INTO person VALUES (3711935137, 'Christine', 'FEMALE', 'Fox', 1982.0); 
INSERT INTO person VALUES (9432975758, 'Frances', 'FEMALE', 'Ward', 1074.0); 
INSERT INTO person VALUES (557774508, 'Linda', 'FEMALE', 'Matthews', 87.0); 
INSERT INTO person VALUES (9946547798, 'Teresa', 'FEMALE', 'Stevens', 112.0); 
INSERT INTO person VALUES (6852143867, 'Hannah', 'FEMALE', 'Edwards', 1446.0); 
INSERT INTO person VALUES (6426571439, 'Dorothy', 'FEMALE', 'Rogers', 1234.0); 
INSERT INTO person VALUES (6109589846, 'Gerald', 'MALE', 'Shaw', 681.0); 
INSERT INTO person VALUES (1216899121, 'Catherine', 'FEMALE', 'Hunter', 1672.0); 
INSERT INTO person VALUES (2753989278, 'Heather', 'FEMALE', 'Davies', 1673.0); 
INSERT INTO person VALUES (4421196516, 'Samuel', 'MALE', 'Butler', 1617.0); 
INSERT INTO person VALUES (152347764, 'Harold', 'MALE', 'Knight', 1050.0); 
INSERT INTO person VALUES (9540650148, 'Doris', 'FEMALE', 'Harris', 1465.0); 
INSERT INTO person VALUES (756360481, 'Edward', 'MALE', 'Holmes', 203.0); 
INSERT INTO person VALUES (518618674, 'Deborah', 'FEMALE', 'Smith', 483.0); 
INSERT INTO person VALUES (778598571, 'Raymond', 'MALE', 'Wright', 1480.0); 
INSERT INTO person VALUES (4523701261, 'Barbara', 'FEMALE', 'Edwards', 1406.0); 
INSERT INTO person VALUES (7690277231, 'Donald', 'MALE', 'Griffiths', 2032.0); 
INSERT INTO person VALUES (2619454631, 'Christine', 'FEMALE', 'Graham', 1878.0); 
INSERT INTO person VALUES (242452152, 'Aaron', 'MALE', 'Rose', 166.0); 
INSERT INTO person VALUES (1692972814, 'Joan', 'FEMALE', 'King', 1077.0); 
INSERT INTO person VALUES (18708186, 'Thomas', 'MALE', 'Baker', 1458.0); 
INSERT INTO person VALUES (6286837338, 'Julie', 'FEMALE', 'Stewart', 389.0); 
INSERT INTO person VALUES (7505455384, 'Christian', 'MALE', 'James', 880.0); 
INSERT INTO person VALUES (6701640596, 'Ethan', 'MALE', 'Lee', 1696.0); 
INSERT INTO person VALUES (6694568156, 'Donna', 'FEMALE', 'Walker', 644.0); 
INSERT INTO person VALUES (4602124530, 'Debra', 'FEMALE', 'Wright', 967.0); 
INSERT INTO person VALUES (3727606721, 'Denise', 'FEMALE', 'Jackson', 320.0); 
INSERT INTO person VALUES (658406978, 'Andrea', 'FEMALE', 'Murphy', 83.0); 
INSERT INTO person VALUES (6701587887, 'Jesse', 'MALE', 'Morris', 281.0); 
INSERT INTO person VALUES (9500188313, 'Denise', 'FEMALE', 'Rogers', 981.0); 
INSERT INTO person VALUES (104444177, 'Harry', 'MALE', 'Allen', 1211.0); 
INSERT INTO person VALUES (2293844024, 'Susan', 'FEMALE', 'Cox', 569.0); 
INSERT INTO person VALUES (619274373, 'Brenda', 'FEMALE', 'Evans', 934.0); 
INSERT INTO person VALUES (5008570243, 'Thomas', 'MALE', 'Harrison', 1854.0); 
INSERT INTO person VALUES (8497370490, 'Peter', 'MALE', 'Chapman', 1067.0); 
INSERT INTO person VALUES (22717717, 'Carl', 'MALE', 'Carter', 683.0); 
INSERT INTO person VALUES (9888760322, 'Linda', 'FEMALE', 'Wood', 1545.0); 
INSERT INTO person VALUES (9268837279, 'Samantha', 'FEMALE', 'Rogers', 1030.0); 
INSERT INTO person VALUES (146763028, 'Eric', 'MALE', 'Wilson', 1038.0); 
INSERT INTO person VALUES (7789181519, 'Douglas', 'MALE', 'Cooper', 927.0); 
INSERT INTO person VALUES (4174578332, 'Sean', 'MALE', 'Clark', 698.0); 
INSERT INTO person VALUES (3218831256, 'Catherine', 'FEMALE', 'Evans', 722.0); 
INSERT INTO person VALUES (9279656035, 'Benjamin', 'MALE', 'Evans', 1084.0); 
INSERT INTO person VALUES (3508312874, 'Diane', 'FEMALE', 'Russell', 1122.0); 
INSERT INTO person VALUES (1288788498, 'Anthony', 'MALE', 'Graham', 714.0); 
INSERT INTO person VALUES (9394167988, 'Raymond', 'MALE', 'Ross', 847.0); 
INSERT INTO person VALUES (1520379126, 'Carol', 'FEMALE', 'Roberts', 1019.0); 
INSERT INTO person VALUES (2721657833, 'Tiffany', 'FEMALE', 'Harrison', 134.0); 
INSERT INTO person VALUES (5623437578, 'Nancy', 'FEMALE', 'Scott', 738.0); 
INSERT INTO person VALUES (1116311833, 'Willie', 'MALE', 'Brown', 1384.0); 
INSERT INTO person VALUES (8978688445, 'Amanda', 'FEMALE', 'Walsh', 1491.0); 
INSERT INTO person VALUES (9527246852, 'Vincent', 'MALE', 'Green', 22.0); 
INSERT INTO person VALUES (18833508, 'Natalie', 'FEMALE', 'Stevens', 1900.0); 
INSERT INTO person VALUES (5708427530, 'Amy', 'FEMALE', 'Johnson', 1536.0); 
INSERT INTO person VALUES (1631635713, 'Kevin', 'MALE', 'Anderson', 834.0); 
INSERT INTO person VALUES (3769548898, 'Raymond', 'MALE', 'Palmer', 1224.0); 
INSERT INTO person VALUES (828580988, 'Jacqueline', 'FEMALE', 'Baker', 716.0); 
INSERT INTO person VALUES (5305993360, 'Harold', 'MALE', 'Khan', 750.0); 
INSERT INTO person VALUES (1803685439, 'Lisa', 'FEMALE', 'Marshall', 754.0); 
INSERT INTO person VALUES (465141371, 'Jonathan', 'MALE', 'Shaw', 1077.0); 
INSERT INTO person VALUES (4878442001, 'Virginia', 'FEMALE', 'Knight', 1787.0); 
INSERT INTO person VALUES (5321848127, 'Kimberly', 'FEMALE', 'Walker', 57.0); 
INSERT INTO person VALUES (5264411815, 'Harry', 'MALE', 'Campbell', 585.0); 
INSERT INTO person VALUES (1133489935, 'Helen', 'FEMALE', 'Davis', 310.0); 
INSERT INTO person VALUES (9952859557, 'Michael', 'MALE', 'Stewart', 890.0); 
INSERT INTO person VALUES (3685939223, 'Keith', 'MALE', 'Richards', 68.0); 
INSERT INTO person VALUES (6829484414, 'Kyle', 'MALE', 'Thompson', 980.0); 
INSERT INTO person VALUES (9350155203, 'Nicole', 'FEMALE', 'Moore', 1534.0); 
INSERT INTO person VALUES (7543413612, 'Juan', 'MALE', 'Graham', 1228.0); 
INSERT INTO person VALUES (3602539980, 'Wayne', 'MALE', 'Edwards', 333.0); 
INSERT INTO person VALUES (9819485550, 'Betty', 'FEMALE', 'Adams', 235.0); 
INSERT INTO person VALUES (8927972332, 'Rebecca', 'FEMALE', 'Griffiths', 1193.0); 
INSERT INTO person VALUES (7643565026, 'Michael', 'MALE', 'Cook', 350.0); 
INSERT INTO person VALUES (8740111762, 'Madison', 'FEMALE', 'Clarke', 1199.0); 
INSERT INTO person VALUES (653392212, 'Samuel', 'MALE', 'Saunders', 1041.0); 
INSERT INTO person VALUES (3293984932, 'Virginia', 'FEMALE', 'Collins', 1414.0); 
INSERT INTO person VALUES (571786601, 'James', 'MALE', 'Murray', 638.0); 
INSERT INTO person VALUES (2517299712, 'Nathan', 'MALE', 'Jones', 2006.0); 
INSERT INTO person VALUES (7651801, 'Elizabeth', 'FEMALE', 'Hunter', 1312.0); 
INSERT INTO person VALUES (3861956288, 'Christian', 'MALE', 'Hill', 500.0); 
INSERT INTO person VALUES (21579618, 'Jennifer', 'FEMALE', 'Marshall', 1203.0); 
INSERT INTO person VALUES (2457770823, 'Scott', 'MALE', 'King', 818.0); 
INSERT INTO person VALUES (8062183384, 'Dorothy', 'FEMALE', 'Palmer', 1421.0); 
INSERT INTO person VALUES (4294128756, 'Jessica', 'FEMALE', 'Thomas', 1558.0); 
INSERT INTO person VALUES (4824930011, 'Alan', 'MALE', 'Patel', 1199.0); 
INSERT INTO person VALUES (6456728921, 'Donald', 'MALE', 'Harris', 344.0); 
INSERT INTO person VALUES (9212595023, 'Russell', 'MALE', 'Khan', 1364.0); 
INSERT INTO person VALUES (8954556286, 'Charles', 'MALE', 'Graham', 1503.0); 
INSERT INTO person VALUES (4288470175, 'Megan', 'FEMALE', 'Rogers', 158.0); 
INSERT INTO person VALUES (225973456, 'Pamela', 'FEMALE', 'Saunders', 1995.0); 
INSERT INTO person VALUES (2175422737, 'Jean', 'FEMALE', 'Clarke', 1325.0); 
INSERT INTO person VALUES (9116295380, 'Martha', 'FEMALE', 'Kelly', 1965.0); 
INSERT INTO person VALUES (3348980605, 'Jonathan', 'MALE', 'Moore', 1682.0); 
INSERT INTO person VALUES (4183307392, 'Hannah', 'FEMALE', 'Walker', 738.0); 
INSERT INTO person VALUES (5606767966, 'Stephanie', 'FEMALE', 'Owen', 710.0); 
INSERT INTO person VALUES (15506404, 'Dylan', 'MALE', 'Turner', 983.0); 
INSERT INTO person VALUES (9286889971, 'Jack', 'MALE', 'Turner', 431.0); 
INSERT INTO person VALUES (3616944271, 'Arthur', 'MALE', 'Anderson', 1966.0); 
INSERT INTO person VALUES (7994537936, 'Sean', 'MALE', 'Marshall', 1731.0); 
INSERT INTO person VALUES (6638190008, 'Bobby', 'MALE', 'Scott', 126.0); 
INSERT INTO person VALUES (1301112876, 'Larry', 'MALE', 'Bennett', 1663.0); 
INSERT INTO person VALUES (8046315485, 'Austin', 'MALE', 'Fox', 682.0); 
INSERT INTO person VALUES (475177110, 'Jesse', 'MALE', 'Robinson', 752.0); 
INSERT INTO person VALUES (7390362511, 'Rose', 'FEMALE', 'Jackson', 125.0); 
INSERT INTO person VALUES (7805901490, 'Rose', 'FEMALE', 'Thomas', 1936.0); 
INSERT INTO person VALUES (4432335994, 'Noah', 'MALE', 'Cox', 1078.0); 
INSERT INTO person VALUES (5820317961, 'Kathleen', 'FEMALE', 'Robertson', 12.0); 
INSERT INTO person VALUES (6389959491, 'Tiffany', 'FEMALE', 'Price', 1851.0); 
INSERT INTO person VALUES (3993380404, 'John', 'MALE', 'Murray', 1975.0); 
INSERT INTO person VALUES (4074750245, 'Alice', 'FEMALE', 'Baker', 835.0); 
INSERT INTO person VALUES (9850925576, 'Nicole', 'FEMALE', 'Shaw', 114.0); 
INSERT INTO person VALUES (4995648362, 'Olivia', 'FEMALE', 'Stewart', 1166.0); 
INSERT INTO person VALUES (398983437, 'Lawrence', 'MALE', 'King', 1680.0); 
INSERT INTO person VALUES (4887649750, 'Kathleen', 'FEMALE', 'Evans', 865.0); 
INSERT INTO person VALUES (3467763167, 'Alexander', 'MALE', 'Shaw', 1040.0); 
INSERT INTO person VALUES (797428639, 'Heather', 'FEMALE', 'Thomas', 415.0); 
INSERT INTO person VALUES (7600116851, 'Julia', 'FEMALE', 'Mitchell', 1930.0); 
INSERT INTO person VALUES (9096629745, 'Mary', 'FEMALE', 'King', 1117.0); 
INSERT INTO person VALUES (576014301, 'Linda', 'FEMALE', 'Scott', 1558.0); 
INSERT INTO person VALUES (7117402638, 'Louis', 'MALE', 'Young', 988.0); 
INSERT INTO person VALUES (1640535275, 'Marilyn', 'FEMALE', 'Cooper', 71.0); 
INSERT INTO person VALUES (1319334614, 'Bryan', 'MALE', 'Russell', 560.0); 
INSERT INTO person VALUES (8731462773, 'Brian', 'MALE', 'Evans', 810.0); 
INSERT INTO person VALUES (9369409744, 'Gloria', 'FEMALE', 'Wright', 793.0); 
INSERT INTO person VALUES (9634134861, 'Kevin', 'MALE', 'Williams', 1523.0); 
INSERT INTO person VALUES (3514330211, 'Edward', 'MALE', 'Campbell', 1605.0); 
INSERT INTO person VALUES (4155752262, 'Noah', 'MALE', 'Ross', 229.0); 
INSERT INTO person VALUES (8525833963, 'Mark', 'MALE', 'Thompson', 1537.0); 
INSERT INTO person VALUES (1742142568, 'Donald', 'MALE', 'Adams', 1181.0); 
INSERT INTO person VALUES (1310335942, 'Rebecca', 'FEMALE', 'Kennedy', 1827.0); 
INSERT INTO person VALUES (6052925513, 'Tyler', 'MALE', 'Lloyd', 1169.0); 
INSERT INTO person VALUES (4630817340, 'Larry', 'MALE', 'Harris', 951.0); 
INSERT INTO person VALUES (8739211158, 'Nicholas', 'MALE', 'Ward', 979.0); 
INSERT INTO person VALUES (867850460, 'Ralph', 'MALE', 'Williams', 1945.0); 
INSERT INTO person VALUES (5800176522, 'Pamela', 'FEMALE', 'Russell', 1881.0); 
INSERT INTO person VALUES (187540911, 'Judith', 'FEMALE', 'Cook', 305.0); 
INSERT INTO person VALUES (38716399, 'Jane', 'FEMALE', 'Morris', 1661.0); 
INSERT INTO person VALUES (6599112037, 'Margaret', 'FEMALE', 'Cooper', 1403.0); 
INSERT INTO person VALUES (3812539277, 'Betty', 'FEMALE', 'Thomas', 452.0); 
INSERT INTO person VALUES (3992170225, 'Sean', 'MALE', 'Hill', 1844.0); 
INSERT INTO person VALUES (5868596116, 'Stephen', 'MALE', 'Hall', 782.0); 
INSERT INTO person VALUES (7814148164, 'Rebecca', 'FEMALE', 'Price', 1676.0); 
INSERT INTO person VALUES (7616182891, 'Jack', 'MALE', 'Stevens', 1854.0); 
INSERT INTO person VALUES (59224056, 'Kyle', 'MALE', 'Williams', 139.0); 
INSERT INTO person VALUES (7965870168, 'Madison', 'FEMALE', 'Mason', 216.0); 
INSERT INTO person VALUES (6668388655, 'Ashley', 'FEMALE', 'Robinson', 862.0); 
INSERT INTO person VALUES (122885482, 'Eric', 'MALE', 'Palmer', 1282.0); 
INSERT INTO person VALUES (1881312792, 'Elizabeth', 'FEMALE', 'Harris', 1975.0); 
INSERT INTO person VALUES (1436536090, 'Eric', 'MALE', 'Smith', 1681.0); 
INSERT INTO person VALUES (665942493, 'Jeremy', 'MALE', 'Owen', 306.0); 
INSERT INTO person VALUES (4750117968, 'Virginia', 'FEMALE', 'Simpson', 1000.0); 
INSERT INTO person VALUES (2834307085, 'Zachary', 'MALE', 'Johnson', 597.0); 
INSERT INTO person VALUES (2779747024, 'Bruce', 'MALE', 'Phillips', 916.0); 
INSERT INTO person VALUES (384170911, 'Jeffrey', 'MALE', 'Cox', 1933.0); 
INSERT INTO person VALUES (6267983980, 'Lori', 'FEMALE', 'Lee', 1748.0); 
INSERT INTO person VALUES (85337684, 'Judith', 'FEMALE', 'Harris', 213.0); 
INSERT INTO person VALUES (549746780, 'Cynthia', 'FEMALE', 'Knight', 651.0); 
INSERT INTO person VALUES (7110627653, 'Danielle', 'FEMALE', 'Ellis', 547.0); 
INSERT INTO person VALUES (32933359, 'Natalie', 'FEMALE', 'Thomas', 549.0); 
INSERT INTO person VALUES (3876794006, 'Thomas', 'MALE', 'Evans', 925.0); 
INSERT INTO person VALUES (5182961228, 'Julie', 'FEMALE', 'Hughes', 412.0); 
INSERT INTO person VALUES (5586782092, 'Rose', 'FEMALE', 'Miller', 1290.0); 
INSERT INTO person VALUES (8540694286, 'James', 'MALE', 'Edwards', 2.0); 
INSERT INTO person VALUES (1947741811, 'Randy', 'MALE', 'Rogers', 460.0); 
INSERT INTO person VALUES (524425918, 'Henry', 'MALE', 'Adams', 1719.0); 
INSERT INTO person VALUES (4253191866, 'Grace', 'FEMALE', 'Matthews', 281.0); 
INSERT INTO person VALUES (8108152844, 'Andrea', 'FEMALE', 'Moore', 74.0); 
INSERT INTO person VALUES (5193619484, 'Joe', 'MALE', 'Palmer', 357.0); 
INSERT INTO person VALUES (5273366736, 'Timothy', 'MALE', 'Lewis', 700.0); 
INSERT INTO person VALUES (8987948918, 'Kathryn', 'FEMALE', 'Gray', 1212.0); 
INSERT INTO person VALUES (3620948877, 'Stephanie', 'FEMALE', 'Rose', 1960.0); 
INSERT INTO person VALUES (4479297760, 'Patrick', 'MALE', 'Cook', 43.0); 
INSERT INTO person VALUES (8867243551, 'Hannah', 'FEMALE', 'Butler', 1902.0); 
INSERT INTO person VALUES (6613286295, 'Deborah', 'FEMALE', 'Palmer', 143.0); 
INSERT INTO person VALUES (5690353278, 'Julia', 'FEMALE', 'Stevens', 762.0); 
INSERT INTO person VALUES (7987399332, 'Julia', 'FEMALE', 'Owen', 293.0); 
INSERT INTO person VALUES (156516255, 'Mary', 'FEMALE', 'Green', 1786.0); 
INSERT INTO person VALUES (1290202788, 'Austin', 'MALE', 'Watson', 20.0); 
INSERT INTO person VALUES (7724744390, 'Kevin', 'MALE', 'Rose', 1936.0); 
INSERT INTO person VALUES (780972635, 'Johnny', 'MALE', 'Stewart', 1340.0); 
INSERT INTO person VALUES (9455798209, 'Andrea', 'FEMALE', 'Griffiths', 761.0); 
INSERT INTO person VALUES (192838487, 'Frances', 'FEMALE', 'Murray', 1056.0); 
INSERT INTO person VALUES (8530710006, 'Juan', 'MALE', 'Clarke', 366.0); 
INSERT INTO person VALUES (9820418203, 'Harold', 'MALE', 'Marshall', 1198.0); 
INSERT INTO person VALUES (9000924088, 'Bruce', 'MALE', 'Cox', 594.0); 
INSERT INTO person VALUES (4886116530, 'Jack', 'MALE', 'Hall', 122.0); 
INSERT INTO person VALUES (4209266451, 'Keith', 'MALE', 'Martin', 388.0); 
INSERT INTO person VALUES (3880476345, 'Amanda', 'FEMALE', 'Matthews', 957.0); 
INSERT INTO person VALUES (804277229, 'David', 'MALE', 'Bennett', 973.0); 
INSERT INTO person VALUES (1275854821, 'Frances', 'FEMALE', 'Walker', 1272.0); 
INSERT INTO person VALUES (7411407573, 'Brittany', 'FEMALE', 'Reynolds', 1464.0); 
INSERT INTO person VALUES (6301101488, 'Cynthia', 'FEMALE', 'Wood', 1839.0); 
INSERT INTO person VALUES (3893496020, 'George', 'MALE', 'Mason', 471.0); 
INSERT INTO person VALUES (4030146197, 'Edward', 'MALE', 'Allen', 631.0); 
INSERT INTO person VALUES (5823173959, 'William', 'MALE', 'King', 1058.0); 
INSERT INTO person VALUES (8647471382, 'Denise', 'FEMALE', 'Green', 1069.0); 
INSERT INTO person VALUES (9921109537, 'Janice', 'FEMALE', 'Wright', 444.0); 
INSERT INTO person VALUES (1078306527, 'Anna', 'FEMALE', 'Scott', 913.0); 
INSERT INTO person VALUES (4582566514, 'Patricia', 'FEMALE', 'Thomas', 2041.0); 
INSERT INTO person VALUES (4939208479, 'Daniel', 'MALE', 'Morris', 854.0); 
INSERT INTO person VALUES (7306739545, 'Danielle', 'FEMALE', 'Adams', 1492.0); 
INSERT INTO person VALUES (986297430, 'Johnny', 'MALE', 'Jackson', 1176.0); 
INSERT INTO person VALUES (9162918574, 'Jonathan', 'MALE', 'Thomson', 1683.0); 
INSERT INTO person VALUES (9401126120, 'Randy', 'MALE', 'Gray', 309.0); 
INSERT INTO person VALUES (9151249136, 'Gary', 'MALE', 'Griffiths', 1541.0); 
INSERT INTO person VALUES (9867243784, 'Harold', 'MALE', 'Evans', 99.0); 
INSERT INTO person VALUES (6269786993, 'Lisa', 'FEMALE', 'Allen', 1233.0); 
INSERT INTO person VALUES (5383453810, 'Gloria', 'FEMALE', 'Robertson', 1122.0); 
INSERT INTO person VALUES (9478617705, 'Julie', 'FEMALE', 'Robinson', 1451.0); 
INSERT INTO person VALUES (5173485933, 'John', 'MALE', 'Murphy', 1197.0); 
INSERT INTO person VALUES (26925213, 'Julie', 'FEMALE', 'Knight', 1158.0); 
INSERT INTO person VALUES (9491543656, 'Noah', 'MALE', 'King', 1670.0); 
INSERT INTO person VALUES (5563377616, 'Anthony', 'MALE', 'Campbell', 220.0); 
INSERT INTO person VALUES (6711532449, 'Brittany', 'FEMALE', 'Clark', 1738.0); 
INSERT INTO person VALUES (1731460092, 'Shirley', 'FEMALE', 'Murphy', 495.0); 
INSERT INTO person VALUES (2846514211, 'Philip', 'MALE', 'Murphy', 1615.0); 
INSERT INTO person VALUES (1552159831, 'Wayne', 'MALE', 'Baker', 1203.0); 
INSERT INTO person VALUES (6288311578, 'Emily', 'FEMALE', 'Johnson', 1969.0); 
INSERT INTO person VALUES (2837509317, 'Alice', 'FEMALE', 'Wilson', 1638.0); 
INSERT INTO person VALUES (859148240, 'Ashley', 'FEMALE', 'Baker', 1943.0); 
INSERT INTO person VALUES (9913263944, 'Michael', 'MALE', 'Palmer', 2038.0); 
INSERT INTO person VALUES (3469857921, 'Victoria', 'FEMALE', 'Evans', 1967.0); 
INSERT INTO person VALUES (1581147512, 'Danielle', 'FEMALE', 'Wright', 1378.0); 
INSERT INTO person VALUES (3934627615, 'Patricia', 'FEMALE', 'Richardson', 682.0); 
INSERT INTO person VALUES (2779192456, 'Russell', 'MALE', 'Clarke', 357.0); 
INSERT INTO person VALUES (195015676, 'Betty', 'FEMALE', 'Murray', 749.0); 
INSERT INTO person VALUES (2941856689, 'Elizabeth', 'FEMALE', 'Ross', 892.0); 
INSERT INTO person VALUES (4091361309, 'Denise', 'FEMALE', 'Russell', 1193.0); 
INSERT INTO person VALUES (4791769825, 'Joyce', 'FEMALE', 'Richards', 285.0); 
INSERT INTO person VALUES (4167890704, 'Roy', 'MALE', 'Clarke', 783.0); 
INSERT INTO person VALUES (551580484, 'Sarah', 'FEMALE', 'Brown', 1624.0); 
INSERT INTO person VALUES (6669241636, 'Bobby', 'MALE', 'Davies', 538.0); 
INSERT INTO person VALUES (2610803693, 'Joe', 'MALE', 'Wright', 464.0); 
INSERT INTO person VALUES (1592640948, 'Nicholas', 'MALE', 'Baker', 1635.0); 
INSERT INTO person VALUES (6756241664, 'Sean', 'MALE', 'Phillips', 1359.0); 
INSERT INTO person VALUES (1965149173, 'Rachel', 'FEMALE', 'Powell', 1874.0); 
INSERT INTO person VALUES (3993238913, 'Keith', 'MALE', 'Moore', 981.0); 
INSERT INTO person VALUES (3383758168, 'Logan', 'MALE', 'Hill', 532.0); 
INSERT INTO person VALUES (240178653, 'Larry', 'MALE', 'Robinson', 1981.0); 
INSERT INTO person VALUES (8944418458, 'Madison', 'FEMALE', 'Carter', 1205.0); 
INSERT INTO person VALUES (995404349, 'Patricia', 'FEMALE', 'Palmer', 679.0); 
INSERT INTO person VALUES (7876463724, 'Eric', 'MALE', 'Palmer', 894.0); 
INSERT INTO person VALUES (209909410, 'Virginia', 'FEMALE', 'White', 1624.0); 
INSERT INTO person VALUES (2005274363, 'Randy', 'MALE', 'Wilkinson', 388.0); 
INSERT INTO person VALUES (7701258151, 'Lawrence', 'MALE', 'Simpson', 375.0); 
INSERT INTO person VALUES (9785217071, 'Kelly', 'FEMALE', 'Martin', 1313.0); 
INSERT INTO person VALUES (7169439733, 'Zachary', 'MALE', 'Griffiths', 1968.0); 
INSERT INTO person VALUES (2170953166, 'Wayne', 'MALE', 'Powell', 1217.0); 
INSERT INTO person VALUES (2713499064, 'Heather', 'FEMALE', 'Richards', 2011.0); 
INSERT INTO person VALUES (881617905, 'Ethan', 'MALE', 'Campbell', 947.0); 
INSERT INTO person VALUES (2001898133, 'Megan', 'FEMALE', 'Fox', 1873.0); 
INSERT INTO person VALUES (6041332700, 'Lawrence', 'MALE', 'Stewart', 891.0); 
INSERT INTO person VALUES (54329530, 'Anthony', 'MALE', 'Simpson', 716.0); 
INSERT INTO person VALUES (3446171337, 'Michael', 'MALE', 'Patel', 791.0); 
INSERT INTO person VALUES (3452600707, 'Emily', 'FEMALE', 'King', 67.0); 
INSERT INTO person VALUES (9386412544, 'Theresa', 'FEMALE', 'Owen', 483.0); 
INSERT INTO person VALUES (4052530752, 'George', 'MALE', 'Clarke', 51.0); 
INSERT INTO person VALUES (3829480210, 'Mary', 'FEMALE', 'Thomas', 1579.0); 
INSERT INTO person VALUES (3947526961, 'Bobby', 'MALE', 'Powell', 271.0); 
INSERT INTO person VALUES (7303908085, 'Christopher', 'MALE', 'Owen', 65.0); 
INSERT INTO person VALUES (2095840531, 'Joan', 'FEMALE', 'Kennedy', 1565.0); 
INSERT INTO person VALUES (8071429662, 'Rebecca', 'FEMALE', 'Evans', 303.0); 
INSERT INTO person VALUES (924621350, 'Nathan', 'MALE', 'Phillips', 42.0); 
INSERT INTO person VALUES (9575551378, 'Gabriel', 'MALE', 'Thompson', 1202.0); 
INSERT INTO person VALUES (2655411628, 'Rachel', 'FEMALE', 'James', 1675.0); 
INSERT INTO person VALUES (2725836253, 'Gabriel', 'MALE', 'Shaw', 1140.0); 
INSERT INTO person VALUES (5092325306, 'Kathryn', 'FEMALE', 'Gray', 585.0); 
INSERT INTO person VALUES (8023427071, 'Harry', 'MALE', 'Brown', 207.0); 
INSERT INTO person VALUES (1904371555, 'Joseph', 'MALE', 'Price', 382.0); 
INSERT INTO person VALUES (1771847444, 'Debra', 'FEMALE', 'Parker', 1296.0); 
INSERT INTO person VALUES (773790863, 'Michael', 'MALE', 'Collins', 1095.0); 
INSERT INTO person VALUES (2447813294, 'Dennis', 'MALE', 'Matthews', 1181.0); 
INSERT INTO person VALUES (3860604101, 'Bryan', 'MALE', 'Taylor', 1729.0); 
INSERT INTO person VALUES (479696969, 'Theresa', 'FEMALE', 'Kennedy', 173.0); 
INSERT INTO person VALUES (8522329466, 'Jennifer', 'FEMALE', 'Walker', 860.0); 
INSERT INTO person VALUES (3093545222, 'Judy', 'FEMALE', 'Butler', 383.0); 
INSERT INTO person VALUES (3600828599, 'Gabriel', 'MALE', 'Shaw', 1889.0); 
INSERT INTO person VALUES (2516247584, 'Doris', 'FEMALE', 'Griffiths', 1135.0); 
INSERT INTO person VALUES (4262908399, 'George', 'MALE', 'Jackson', 1115.0); 
INSERT INTO person VALUES (458873159, 'William', 'MALE', 'Cooper', 981.0); 
INSERT INTO person VALUES (9347864807, 'Juan', 'MALE', 'Wright', 1117.0); 
INSERT INTO person VALUES (311484927, 'Jeffrey', 'MALE', 'Harris', 449.0); 
INSERT INTO person VALUES (2344922261, 'Janice', 'FEMALE', 'Rose', 824.0); 
INSERT INTO person VALUES (7751147314, 'Teresa', 'FEMALE', 'Davis', 1572.0); 
INSERT INTO person VALUES (5157139476, 'James', 'MALE', 'Thompson', 1587.0); 
INSERT INTO person VALUES (6895764696, 'Kathleen', 'FEMALE', 'Khan', 1885.0); 
INSERT INTO person VALUES (210338247, 'Arthur', 'MALE', 'Powell', 1962.0); 
INSERT INTO person VALUES (7301428075, 'Mary', 'FEMALE', 'Allen', 1894.0); 
INSERT INTO person VALUES (641615081, 'Logan', 'MALE', 'Matthews', 1278.0); 
INSERT INTO person VALUES (7282160063, 'Brandon', 'MALE', 'Clarke', 1021.0); 
INSERT INTO person VALUES (8762641478, 'Zachary', 'MALE', 'Green', 885.0); 
INSERT INTO person VALUES (9830293388, 'Raymond', 'MALE', 'Lee', 1036.0); 
INSERT INTO person VALUES (4894701848, 'Randy', 'MALE', 'Cook', 1091.0); 
INSERT INTO person VALUES (3326507244, 'Steven', 'MALE', 'Parker', 1320.0); 
INSERT INTO person VALUES (9851290485, 'Donna', 'FEMALE', 'Kelly', 113.0); 
INSERT INTO person VALUES (4652694010, 'Linda', 'FEMALE', 'Khan', 850.0); 
INSERT INTO person VALUES (8718351133, 'Judy', 'FEMALE', 'Anderson', 350.0); 
INSERT INTO person VALUES (2569704352, 'Joshua', 'MALE', 'Jackson', 1628.0); 
INSERT INTO person VALUES (7697632911, 'Madison', 'FEMALE', 'Graham', 794.0); 
INSERT INTO person VALUES (9555692703, 'Eric', 'MALE', 'Morgan', 645.0); 
INSERT INTO person VALUES (5266421367, 'George', 'MALE', 'Davies', 1264.0); 
INSERT INTO person VALUES (3339682138, 'Abigail', 'FEMALE', 'Reynolds', 1218.0); 
INSERT INTO person VALUES (6988427855, 'Billy', 'MALE', 'Owen', 1620.0); 
INSERT INTO person VALUES (1413315077, 'Stephen', 'MALE', 'Robinson', 1113.0); 
INSERT INTO person VALUES (1755557211, 'Wayne', 'MALE', 'Collins', 495.0); 
INSERT INTO person VALUES (2379234967, 'Kimberly', 'FEMALE', 'Harris', 1793.0); 
INSERT INTO person VALUES (3905673771, 'Zachary', 'MALE', 'Taylor', 451.0); 
INSERT INTO person VALUES (2419537610, 'Larry', 'MALE', 'Smith', 1317.0); 
INSERT INTO person VALUES (902828190, 'Lori', 'FEMALE', 'Bell', 1236.0); 
INSERT INTO person VALUES (7069576331, 'Teresa', 'FEMALE', 'Carter', 1127.0); 
INSERT INTO person VALUES (9929349651, 'Martha', 'FEMALE', 'Ellis', 824.0); 
INSERT INTO person VALUES (2208642508, 'Randy', 'MALE', 'Mason', 985.0); 
INSERT INTO person VALUES (8972235046, 'Edward', 'MALE', 'Wright', 1685.0); 
INSERT INTO person VALUES (1426665446, 'Bryan', 'MALE', 'Ross', 848.0); 
INSERT INTO person VALUES (9024942252, 'Jessica', 'FEMALE', 'Price', 1729.0); 
INSERT INTO person VALUES (3123779381, 'Emma', 'FEMALE', 'Walsh', 1156.0); 
INSERT INTO person VALUES (4835910158, 'Sean', 'MALE', 'Patel', 1312.0); 
INSERT INTO person VALUES (158939943, 'Sandra', 'FEMALE', 'Rogers', 1469.0); 
INSERT INTO person VALUES (1611753411, 'Rachel', 'FEMALE', 'Edwards', 1569.0); 
INSERT INTO person VALUES (4399590350, 'Julia', 'FEMALE', 'Green', 798.0); 
INSERT INTO person VALUES (6761412837, 'Peter', 'MALE', 'Smith', 610.0); 
INSERT INTO person VALUES (9510484401, 'Teresa', 'FEMALE', 'Edwards', 497.0); 
INSERT INTO person VALUES (2514959038, 'Amber', 'FEMALE', 'Watson', 521.0); 
INSERT INTO person VALUES (1105178027, 'Roy', 'MALE', 'Ross', 1091.0); 
INSERT INTO person VALUES (1853950924, 'Eric', 'MALE', 'Edwards', 120.0); 
INSERT INTO person VALUES (3229365436, 'Mark', 'MALE', 'Holmes', 1518.0); 
INSERT INTO person VALUES (2876525175, 'Philip', 'MALE', 'Evans', 987.0); 
INSERT INTO person VALUES (5381524914, 'Adam', 'MALE', 'Holmes', 1644.0); 
INSERT INTO person VALUES (9197647085, 'George', 'MALE', 'Hall', 1631.0); 
INSERT INTO person VALUES (8275871295, 'Eugene', 'MALE', 'Thomas', 1865.0); 
INSERT INTO person VALUES (7914376516, 'Justin', 'MALE', 'Russell', 1583.0); 
INSERT INTO person VALUES (660708136, 'Willie', 'MALE', 'Richardson', 1914.0); 
INSERT INTO person VALUES (5453111301, 'Bryan', 'MALE', 'Kelly', 1340.0); 
INSERT INTO person VALUES (7484707378, 'Nicole', 'FEMALE', 'Stevens', 776.0); 
INSERT INTO person VALUES (3353659113, 'Melissa', 'FEMALE', 'Patel', 1312.0); 
INSERT INTO person VALUES (4402895002, 'Bobby', 'MALE', 'Turner', 404.0); 
INSERT INTO person VALUES (5825580529, 'Alexis', 'FEMALE', 'Butler', 284.0); 
INSERT INTO person VALUES (582218830, 'Benjamin', 'MALE', 'Russell', 1742.0); 
INSERT INTO person VALUES (3379541501, 'Laura', 'FEMALE', 'Davis', 1478.0); 
INSERT INTO person VALUES (1152152753, 'Angela', 'FEMALE', 'Ward', 1638.0); 
INSERT INTO person VALUES (8546742114, 'Paul', 'MALE', 'Miller', 962.0); 
INSERT INTO person VALUES (2685437337, 'Theresa', 'FEMALE', 'Jackson', 558.0); 
INSERT INTO person VALUES (2007757281, 'Zachary', 'MALE', 'Davis', 1438.0); 
INSERT INTO person VALUES (5673559955, 'Benjamin', 'MALE', 'Graham', 447.0); 
INSERT INTO person VALUES (832369491, 'Aaron', 'MALE', 'Mitchell', 341.0); 
INSERT INTO person VALUES (6573181468, 'Gabriel', 'MALE', 'Wilson', 1363.0); 
INSERT INTO person VALUES (79337229, 'Shirley', 'FEMALE', 'Simpson', 1794.0); 
INSERT INTO person VALUES (5339967346, 'Hannah', 'FEMALE', 'Price', 526.0); 
INSERT INTO person VALUES (5652866851, 'Ann', 'FEMALE', 'Lloyd', 37.0); 
INSERT INTO person VALUES (602478408, 'Emily', 'FEMALE', 'Anderson', 1003.0); 
INSERT INTO person VALUES (81410301, 'Abigail', 'FEMALE', 'Phillips', 11.0); 
INSERT INTO person VALUES (202922544, 'Melissa', 'FEMALE', 'Taylor', 730.0); 
INSERT INTO person VALUES (4353243888, 'Danielle', 'FEMALE', 'Harris', 1454.0); 
INSERT INTO person VALUES (6257219613, 'Lauren', 'FEMALE', 'Simpson', 813.0); 
INSERT INTO person VALUES (7387420419, 'Louis', 'MALE', 'Brown', 1006.0); 
INSERT INTO person VALUES (6310745885, 'Brian', 'MALE', 'Powell', 1285.0); 
INSERT INTO person VALUES (9242922368, 'Heather', 'FEMALE', 'Carter', 591.0); 
INSERT INTO person VALUES (3097713940, 'Brenda', 'FEMALE', 'Robinson', 1564.0); 
INSERT INTO person VALUES (16029748, 'Lawrence', 'MALE', 'Stevens', 1549.0); 
INSERT INTO person VALUES (89523742, 'Emma', 'FEMALE', 'Johnson', 2038.0); 
INSERT INTO person VALUES (9431113215, 'Jonathan', 'MALE', 'Richardson', 1053.0); 
INSERT INTO person VALUES (4413659000, 'Wayne', 'MALE', 'Martin', 1602.0); 
INSERT INTO person VALUES (6363459175, 'Logan', 'MALE', 'Hunt', 1631.0); 
INSERT INTO person VALUES (6038871060, 'Jesse', 'MALE', 'Khan', 572.0); 
INSERT INTO person VALUES (459695954, 'Sara', 'FEMALE', 'Cox', 51.0); 
INSERT INTO person VALUES (458514965, 'Joan', 'FEMALE', 'Marshall', 1227.0); 
INSERT INTO person VALUES (9160793015, 'William', 'MALE', 'James', 1272.0); 
INSERT INTO person VALUES (6812206400, 'Evelyn', 'FEMALE', 'Wright', 258.0); 
INSERT INTO person VALUES (127581757, 'Marilyn', 'FEMALE', 'Wilson', 1602.0); 
INSERT INTO person VALUES (9278534806, 'Ronald', 'MALE', 'Phillips', 1681.0); 
INSERT INTO person VALUES (5377747508, 'Lori', 'FEMALE', 'King', 456.0); 
INSERT INTO person VALUES (1073180677, 'Benjamin', 'MALE', 'Davies', 1114.0); 
INSERT INTO person VALUES (8759447026, 'Katherine', 'FEMALE', 'Phillips', 51.0); 
INSERT INTO person VALUES (6203280876, 'Walter', 'MALE', 'Wright', 1371.0); 
INSERT INTO person VALUES (5153171437, 'Ann', 'FEMALE', 'Jones', 345.0); 
INSERT INTO person VALUES (7286804862, 'Lauren', 'FEMALE', 'Harrison', 322.0); 
INSERT INTO person VALUES (4418986333, 'Jacob', 'MALE', 'Ward', 550.0); 
INSERT INTO person VALUES (2460540025, 'Kevin', 'MALE', 'Jackson', 379.0); 
INSERT INTO person VALUES (4416922269, 'Olivia', 'FEMALE', 'Bennett', 1530.0); 
INSERT INTO person VALUES (3365732255, 'Linda', 'FEMALE', 'Clarke', 806.0); 
INSERT INTO person VALUES (7555451732, 'Philip', 'MALE', 'Anderson', 1077.0); 
INSERT INTO person VALUES (558137877, 'Teresa', 'FEMALE', 'Phillips', 423.0); 
INSERT INTO person VALUES (1188642475, 'Alan', 'MALE', 'Evans', 1677.0); 
INSERT INTO person VALUES (1216567564, 'Diana', 'FEMALE', 'Robertson', 1310.0); 
INSERT INTO person VALUES (7520519837, 'Michael', 'MALE', 'Richardson', 8.0); 
INSERT INTO person VALUES (3263247631, 'Christian', 'MALE', 'Reid', 582.0); 
INSERT INTO person VALUES (6965278263, 'Keith', 'MALE', 'Holmes', 315.0); 
INSERT INTO person VALUES (6730997865, 'Joshua', 'MALE', 'Allen', 1369.0); 
INSERT INTO person VALUES (5437458755, 'Jessica', 'FEMALE', 'Reynolds', 1865.0); 
INSERT INTO person VALUES (2041789748, 'Alexander', 'MALE', 'Graham', 535.0); 
INSERT INTO person VALUES (843836710, 'Bruce', 'MALE', 'Wright', 257.0); 
INSERT INTO person VALUES (1658369614, 'Kyle', 'MALE', 'Parker', 1667.0); 
INSERT INTO person VALUES (4009153865, 'Rachel', 'FEMALE', 'Mitchell', 224.0); 
INSERT INTO person VALUES (5054426069, 'Jordan', 'MALE', 'Kelly', 114.0); 
INSERT INTO person VALUES (921667335, 'Margaret', 'FEMALE', 'Cook', 131.0); 
INSERT INTO person VALUES (197871235, 'Logan', 'MALE', 'Cook', 45.0); 
INSERT INTO person VALUES (5029794585, 'Nathan', 'MALE', 'Ward', 545.0); 
INSERT INTO person VALUES (8393965440, 'Gabriel', 'MALE', 'Bailey', 143.0); 
INSERT INTO person VALUES (3469500457, 'Joshua', 'MALE', 'Mason', 812.0); 
INSERT INTO person VALUES (7182222426, 'Tiffany', 'FEMALE', 'Brown', 536.0); 
INSERT INTO person VALUES (9560923711, 'Robert', 'MALE', 'Williams', 616.0); 
INSERT INTO person VALUES (8562717593, 'Janet', 'FEMALE', 'Parker', 1494.0); 
INSERT INTO person VALUES (5346577195, 'Anna', 'FEMALE', 'Clark', 82.0); 
INSERT INTO person VALUES (6193719150, 'David', 'MALE', 'Phillips', 1829.0); 
INSERT INTO person VALUES (4065106551, 'Emily', 'FEMALE', 'Marshall', 1128.0); 
INSERT INTO person VALUES (5073958045, 'Anthony', 'MALE', 'Morgan', 1818.0); 
INSERT INTO person VALUES (9252464764, 'Brenda', 'FEMALE', 'Gray', 221.0); 
INSERT INTO person VALUES (8585637406, 'Jennifer', 'FEMALE', 'Carter', 275.0); 
INSERT INTO person VALUES (8121689004, 'Logan', 'MALE', 'Holmes', 2032.0); 
INSERT INTO person VALUES (9471198996, 'Judy', 'FEMALE', 'Adams', 377.0); 
INSERT INTO person VALUES (4496565787, 'Anthony', 'MALE', 'Collins', 313.0); 
INSERT INTO person VALUES (4186359194, 'Gloria', 'FEMALE', 'Griffiths', 414.0); 
INSERT INTO person VALUES (5741981892, 'Janet', 'FEMALE', 'Turner', 888.0); 
INSERT INTO person VALUES (1061399663, 'Lori', 'FEMALE', 'Hunter', 74.0); 
INSERT INTO person VALUES (8201901579, 'Danielle', 'FEMALE', 'Walsh', 1170.0); 
INSERT INTO person VALUES (210550740, 'Anna', 'FEMALE', 'Rogers', 1471.0); 
INSERT INTO person VALUES (2844733277, 'Albert', 'MALE', 'Anderson', 316.0); 
INSERT INTO person VALUES (219594253, 'Albert', 'MALE', 'Smith', 1263.0); 
INSERT INTO person VALUES (3079476958, 'Cynthia', 'FEMALE', 'Harris', 1533.0); 
INSERT INTO person VALUES (2625295837, 'Janet', 'FEMALE', 'Scott', 1037.0); 
INSERT INTO person VALUES (7923931141, 'Frank', 'MALE', 'Scott', 17.0); 
INSERT INTO person VALUES (7232666705, 'Joyce', 'FEMALE', 'Simpson', 1.0); 
INSERT INTO person VALUES (8285417874, 'Jason', 'MALE', 'Davies', 1608.0); 
INSERT INTO person VALUES (7635266310, 'Ethan', 'MALE', 'Knight', 625.0); 
INSERT INTO person VALUES (1585815745, 'Samuel', 'MALE', 'Wood', 574.0); 
INSERT INTO person VALUES (8353158612, 'Lawrence', 'MALE', 'Richards', 1380.0); 
INSERT INTO person VALUES (9187113223, 'Madison', 'FEMALE', 'Chapman', 764.0); 
INSERT INTO person VALUES (9846796934, 'Jose', 'MALE', 'Marshall', 1800.0); 
INSERT INTO person VALUES (3281474119, 'Cheryl', 'FEMALE', 'Smith', 1948.0); 
INSERT INTO person VALUES (93060156, 'Sean', 'MALE', 'Allen', 1759.0); 
INSERT INTO person VALUES (394788493, 'Christian', 'MALE', 'Moore', 980.0); 
INSERT INTO person VALUES (5985123761, 'Sandra', 'FEMALE', 'Lloyd', 1203.0); 
INSERT INTO person VALUES (309538577, 'Amy', 'FEMALE', 'Kennedy', 376.0); 
INSERT INTO person VALUES (6355503664, 'Carl', 'MALE', 'Roberts', 505.0); 
INSERT INTO person VALUES (3839291403, 'Laura', 'FEMALE', 'Murphy', 71.0); 
INSERT INTO person VALUES (6856842630, 'Tiffany', 'FEMALE', 'Saunders', 1531.0); 
INSERT INTO person VALUES (4913316799, 'Roger', 'MALE', 'Lee', 1834.0); 
INSERT INTO person VALUES (2877155334, 'Brian', 'MALE', 'Holmes', 797.0); 
INSERT INTO person VALUES (331378530, 'Johnny', 'MALE', 'Mason', 1473.0); 
INSERT INTO person VALUES (5633848770, 'Brittany', 'FEMALE', 'Holmes', 263.0); 
INSERT INTO person VALUES (207142931, 'Elizabeth', 'FEMALE', 'Murray', 877.0); 
INSERT INTO person VALUES (298882925, 'Michael', 'MALE', 'Campbell', 1113.0); 
INSERT INTO person VALUES (8592456919, 'Kyle', 'MALE', 'Shaw', 624.0); 
INSERT INTO person VALUES (7543628736, 'Janet', 'FEMALE', 'Kennedy', 771.0); 
INSERT INTO person VALUES (4533857340, 'Brittany', 'FEMALE', 'Butler', 2013.0); 
INSERT INTO person VALUES (5053965678, 'Danielle', 'FEMALE', 'Saunders', 1100.0); 
INSERT INTO person VALUES (521555982, 'Timothy', 'MALE', 'Campbell', 1386.0); 
INSERT INTO person VALUES (4535792526, 'Amanda', 'FEMALE', 'Moore', 1164.0); 
INSERT INTO person VALUES (684997050, 'Cheryl', 'FEMALE', 'Reynolds', 1243.0); 
INSERT INTO person VALUES (7223707457, 'Lisa', 'FEMALE', 'Palmer', 481.0); 
INSERT INTO person VALUES (5154282520, 'Willie', 'MALE', 'Lee', 1908.0); 
INSERT INTO person VALUES (8583156582, 'Donna', 'FEMALE', 'Griffiths', 1695.0); 
INSERT INTO person VALUES (2798509564, 'Harry', 'MALE', 'Matthews', 1929.0); 
INSERT INTO person VALUES (667815086, 'Roger', 'MALE', 'Fox', 470.0); 
INSERT INTO person VALUES (6645645496, 'Diana', 'FEMALE', 'Bell', 667.0); 
INSERT INTO person VALUES (8970517468, 'Andrew', 'MALE', 'Davies', 1291.0); 
INSERT INTO person VALUES (219589691, 'Pamela', 'FEMALE', 'Hall', 1686.0); 
INSERT INTO person VALUES (3622311063, 'Judith', 'FEMALE', 'Taylor', 1400.0); 
INSERT INTO person VALUES (3454927230, 'Alexis', 'FEMALE', 'Simpson', 1912.0); 
INSERT INTO person VALUES (2068491392, 'Harold', 'MALE', 'Lee', 1117.0); 
INSERT INTO person VALUES (3836582154, 'Amy', 'FEMALE', 'Walker', 317.0); 
INSERT INTO person VALUES (987463347, 'Heather', 'FEMALE', 'Cook', 1290.0); 
INSERT INTO person VALUES (6883223964, 'Timothy', 'MALE', 'Rose', 448.0); 
INSERT INTO person VALUES (6933436304, 'Maria', 'FEMALE', 'Ellis', 195.0); 
INSERT INTO person VALUES (2785292169, 'Amy', 'FEMALE', 'Butler', 90.0); 
INSERT INTO person VALUES (9913234587, 'Randy', 'MALE', 'Mitchell', 1259.0); 
INSERT INTO person VALUES (7111881295, 'Anna', 'FEMALE', 'Morgan', 759.0); 
INSERT INTO person VALUES (6360521206, 'Austin', 'MALE', 'Knight', 1771.0); 
INSERT INTO person VALUES (8547701865, 'Johnny', 'MALE', 'Rogers', 1018.0); 
INSERT INTO person VALUES (734579194, 'Judy', 'FEMALE', 'Lewis', 681.0); 
INSERT INTO person VALUES (3961808761, 'Melissa', 'FEMALE', 'Phillips', 1309.0); 
INSERT INTO person VALUES (945461346, 'Amber', 'FEMALE', 'Baker', 569.0); 
INSERT INTO person VALUES (99252298, 'Diana', 'FEMALE', 'Simpson', 384.0); 
INSERT INTO person VALUES (8273548845, 'Larry', 'MALE', 'Wright', 1480.0); 
INSERT INTO person VALUES (7739572903, 'Patricia', 'FEMALE', 'Cook', 543.0); 
INSERT INTO person VALUES (3171298387, 'Lauren', 'FEMALE', 'Smith', 289.0); 
INSERT INTO person VALUES (375519015, 'Julie', 'FEMALE', 'Saunders', 2.0); 
INSERT INTO person VALUES (345105498, 'Brian', 'MALE', 'Anderson', 222.0); 
INSERT INTO person VALUES (2713239404, 'Jean', 'FEMALE', 'Turner', 1482.0); 
INSERT INTO person VALUES (9537871191, 'Paul', 'MALE', 'Simpson', 1523.0); 
INSERT INTO person VALUES (19133506, 'Stephanie', 'FEMALE', 'Cox', 300.0); 
INSERT INTO person VALUES (3736985729, 'Alexis', 'FEMALE', 'Young', 135.0); 
INSERT INTO person VALUES (2049162475, 'Scott', 'MALE', 'Saunders', 784.0); 
INSERT INTO person VALUES (1383295736, 'Roger', 'MALE', 'Shaw', 570.0); 
INSERT INTO person VALUES (6771683554, 'Beverly', 'FEMALE', 'Scott', 1105.0); 
INSERT INTO person VALUES (8438911161, 'Shirley', 'FEMALE', 'Powell', 374.0); 
INSERT INTO person VALUES (8328303408, 'Logan', 'MALE', 'Wood', 758.0); 
INSERT INTO person VALUES (9156851781, 'Victoria', 'FEMALE', 'Lee', 461.0); 
INSERT INTO person VALUES (7070462422, 'Gregory', 'MALE', 'Harris', 147.0); 
INSERT INTO person VALUES (918897007, 'Donald', 'MALE', 'Turner', 512.0); 
INSERT INTO person VALUES (8181200289, 'George', 'MALE', 'Gray', 1649.0); 
INSERT INTO person VALUES (619159247, 'Betty', 'FEMALE', 'Roberts', 1737.0); 
INSERT INTO person VALUES (7443329969, 'Beverly', 'FEMALE', 'Bennett', 306.0); 
INSERT INTO person VALUES (8457374203, 'Judy', 'FEMALE', 'Ward', 378.0); 
INSERT INTO person VALUES (3000407130, 'Gregory', 'MALE', 'Wood', 62.0); 
INSERT INTO person VALUES (770418869, 'Theresa', 'FEMALE', 'Thomson', 2014.0); 
INSERT INTO person VALUES (7063598187, 'Debra', 'FEMALE', 'Adams', 1248.0); 
INSERT INTO person VALUES (1264310343, 'Joan', 'FEMALE', 'Chapman', 1550.0); 
INSERT INTO person VALUES (21573233, 'Alan', 'MALE', 'Lewis', 1080.0); 
INSERT INTO person VALUES (59789548, 'Raymond', 'MALE', 'Martin', 227.0); 
INSERT INTO person VALUES (2266559341, 'Michael', 'MALE', 'Hughes', 1337.0); 
INSERT INTO person VALUES (871390608, 'Joe', 'MALE', 'Cook', 429.0); 
INSERT INTO person VALUES (1170342377, 'Doris', 'FEMALE', 'James', 1474.0); 
INSERT INTO person VALUES (7913678924, 'Teresa', 'FEMALE', 'Chapman', 319.0); 
INSERT INTO person VALUES (6067286800, 'Doris', 'FEMALE', 'Johnson', 2000.0); 
INSERT INTO person VALUES (8194602093, 'Madison', 'FEMALE', 'Hill', 1879.0); 
INSERT INTO person VALUES (2311416464, 'Gloria', 'FEMALE', 'Ward', 1048.0); 
INSERT INTO person VALUES (531834032, 'Stephen', 'MALE', 'Ross', 1111.0); 
INSERT INTO person VALUES (7613656792, 'Pamela', 'FEMALE', 'Turner', 1452.0); 
INSERT INTO person VALUES (6186753440, 'Tiffany', 'FEMALE', 'Palmer', 1358.0); 
INSERT INTO person VALUES (6041449555, 'Roger', 'MALE', 'Saunders', 1689.0); 
INSERT INTO person VALUES (5434635515, 'Megan', 'FEMALE', 'Reid', 1464.0); 
INSERT INTO person VALUES (4349913760, 'Victoria', 'FEMALE', 'Thomson', 16.0); 
INSERT INTO person VALUES (35556378, 'Adam', 'MALE', 'Kelly', 729.0); 
INSERT INTO person VALUES (6409915745, 'Ralph', 'MALE', 'Mason', 1926.0); 
INSERT INTO person VALUES (361921737, 'Pamela', 'FEMALE', 'Palmer', 1654.0); 
INSERT INTO person VALUES (166432642, 'Scott', 'MALE', 'Khan', 952.0); 
INSERT INTO person VALUES (2498896770, 'Samantha', 'FEMALE', 'Scott', 1691.0); 
INSERT INTO person VALUES (2584728148, 'Ann', 'FEMALE', 'White', 1052.0); 
INSERT INTO person VALUES (711998187, 'Joe', 'MALE', 'King', 363.0); 
INSERT INTO person VALUES (950718300, 'Christian', 'MALE', 'Marshall', 1145.0); 
INSERT INTO person VALUES (3118829992, 'Brandon', 'MALE', 'Evans', 1939.0); 
INSERT INTO person VALUES (9960176260, 'Ethan', 'MALE', 'Wilson', 1218.0); 
INSERT INTO person VALUES (8008222991, 'Jordan', 'MALE', 'Jackson', 402.0); 
INSERT INTO person VALUES (7108125535, 'Christian', 'MALE', 'Cox', 807.0); 
INSERT INTO person VALUES (7854648933, 'Philip', 'MALE', 'White', 596.0); 
INSERT INTO person VALUES (4715695306, 'Russell', 'MALE', 'Clark', 1787.0); 
INSERT INTO person VALUES (1574700876, 'Ruth', 'FEMALE', 'Scott', 290.0); 
INSERT INTO person VALUES (822282474, 'Ann', 'FEMALE', 'Kelly', 1994.0); 
INSERT INTO person VALUES (992392649, 'James', 'MALE', 'Powell', 1264.0); 
INSERT INTO person VALUES (2599583668, 'Janice', 'FEMALE', 'Hall', 1153.0); 
INSERT INTO person VALUES (6981165850, 'Vincent', 'MALE', 'Hunt', 1911.0); 
INSERT INTO person VALUES (9172755824, 'Dorothy', 'FEMALE', 'Murphy', 134.0); 
INSERT INTO person VALUES (3536389663, 'Jeremy', 'MALE', 'Phillips', 1471.0); 
INSERT INTO person VALUES (684743319, 'Tiffany', 'FEMALE', 'Saunders', 183.0); 
INSERT INTO person VALUES (772486891, 'Jacqueline', 'FEMALE', 'Lewis', 580.0); 
INSERT INTO person VALUES (525308404, 'Janet', 'FEMALE', 'Miller', 846.0); 
INSERT INTO person VALUES (9662362136, 'Aaron', 'MALE', 'Cox', 974.0); 
INSERT INTO person VALUES (3239333195, 'Kathleen', 'FEMALE', 'Davis', 1580.0); 
INSERT INTO person VALUES (1050391376, 'Joe', 'MALE', 'Allen', 26.0); 
INSERT INTO person VALUES (6070167486, 'Kathryn', 'FEMALE', 'Murphy', 1744.0); 
INSERT INTO person VALUES (6903255627, 'Nathan', 'MALE', 'Richardson', 1218.0); 
INSERT INTO person VALUES (2497396762, 'Bruce', 'MALE', 'Ross', 463.0); 
INSERT INTO person VALUES (4866967487, 'Kevin', 'MALE', 'Hunt', 919.0); 
INSERT INTO person VALUES (81146949, 'Gloria', 'FEMALE', 'Phillips', 532.0); 
INSERT INTO person VALUES (1170303858, 'Willie', 'MALE', 'Ellis', 302.0); 
INSERT INTO person VALUES (151052529, 'Diane', 'FEMALE', 'Powell', 24.0); 
INSERT INTO person VALUES (264279771, 'Andrew', 'MALE', 'Owen', 639.0); 
INSERT INTO person VALUES (1421246867, 'Amanda', 'FEMALE', 'Wilkinson', 1822.0); 
INSERT INTO person VALUES (4931288890, 'Kenneth', 'MALE', 'Simpson', 1795.0); 
INSERT INTO person VALUES (5168720095, 'Evelyn', 'FEMALE', 'Reynolds', 998.0); 
INSERT INTO person VALUES (335011069, 'Mary', 'FEMALE', 'Bell', 1809.0); 
INSERT INTO person VALUES (6900991086, 'Jacqueline', 'FEMALE', 'Watson', 2011.0); 
INSERT INTO person VALUES (499514355, 'Louis', 'MALE', 'Owen', 634.0); 
INSERT INTO person VALUES (9993694316, 'Barbara', 'FEMALE', 'Griffiths', 844.0); 
INSERT INTO person VALUES (765629407, 'Patrick', 'MALE', 'Fox', 483.0); 
INSERT INTO person VALUES (718656519, 'Mark', 'MALE', 'Russell', 1520.0); 
INSERT INTO person VALUES (2080672841, 'Joshua', 'MALE', 'Morgan', 1543.0); 
INSERT INTO person VALUES (9180176493, 'Melissa', 'FEMALE', 'Clarke', 2031.0); 
INSERT INTO person VALUES (5557170054, 'John', 'MALE', 'Robertson', 1678.0); 
INSERT INTO person VALUES (9783697274, 'Angela', 'FEMALE', 'Cooper', 189.0); 
INSERT INTO person VALUES (808858278, 'Gloria', 'FEMALE', 'Owen', 1554.0); 
INSERT INTO person VALUES (6199624018, 'Brian', 'MALE', 'Wright', 1279.0); 
INSERT INTO person VALUES (3936320774, 'Ashley', 'FEMALE', 'Murphy', 264.0); 
INSERT INTO person VALUES (6419872422, 'Larry', 'MALE', 'James', 1230.0); 
INSERT INTO person VALUES (8620450119, 'Deborah', 'FEMALE', 'Clark', 1845.0); 
INSERT INTO person VALUES (653488686, 'Alexander', 'MALE', 'Scott', 883.0); 
INSERT INTO person VALUES (8790102424, 'Walter', 'MALE', 'Martin', 1854.0); 
INSERT INTO person VALUES (4364848105, 'Debra', 'FEMALE', 'Robinson', 128.0); 
INSERT INTO person VALUES (2903778387, 'Christopher', 'MALE', 'Knight', 1125.0); 
INSERT INTO person VALUES (573578942, 'Kevin', 'MALE', 'Bennett', 191.0); 
INSERT INTO person VALUES (285947396, 'George', 'MALE', 'Powell', 318.0); 
INSERT INTO person VALUES (8721362867, 'Grace', 'FEMALE', 'Mitchell', 27.0); 
INSERT INTO person VALUES (8044367061, 'Barbara', 'FEMALE', 'Saunders', 1942.0); 
INSERT INTO person VALUES (1339102608, 'Carl', 'MALE', 'Hill', 320.0); 
INSERT INTO person VALUES (2939794996, 'Grace', 'FEMALE', 'Stevens', 490.0); 
INSERT INTO person VALUES (2768919490, 'Richard', 'MALE', 'Jackson', 870.0); 
INSERT INTO person VALUES (3417148088, 'Johnny', 'MALE', 'Baker', 2026.0); 
INSERT INTO person VALUES (599424186, 'Brittany', 'FEMALE', 'Fox', 361.0); 
INSERT INTO person VALUES (6617445717, 'Andrea', 'FEMALE', 'Turner', 959.0); 
INSERT INTO person VALUES (1599397284, 'Harold', 'MALE', 'Shaw', 815.0); 
INSERT INTO person VALUES (4718739207, 'Jacqueline', 'FEMALE', 'Moore', 96.0); 
INSERT INTO person VALUES (500704603, 'Gregory', 'MALE', 'Palmer', 1173.0); 
INSERT INTO person VALUES (4664845447, 'Andrea', 'FEMALE', 'Miller', 1941.0); 
INSERT INTO person VALUES (362365698, 'Gloria', 'FEMALE', 'Johnson', 758.0); 
INSERT INTO person VALUES (7822686042, 'Alexander', 'MALE', 'Fox', 1215.0); 
INSERT INTO person VALUES (9056881320, 'Elizabeth', 'FEMALE', 'Chapman', 145.0); 
INSERT INTO person VALUES (5427206023, 'Frank', 'MALE', 'Wilson', 1628.0); 
INSERT INTO person VALUES (6172223292, 'Jennifer', 'FEMALE', 'Bennett', 1852.0); 
INSERT INTO person VALUES (5378482396, 'Gary', 'MALE', 'Phillips', 1493.0); 
INSERT INTO person VALUES (2514893010, 'Brandon', 'MALE', 'Anderson', 1816.0); 
INSERT INTO person VALUES (2361110130, 'Vincent', 'MALE', 'Miller', 1281.0); 
INSERT INTO person VALUES (65185494, 'Emily', 'FEMALE', 'Wilkinson', 1057.0); 
INSERT INTO person VALUES (8353202375, 'Shirley', 'FEMALE', 'Bailey', 452.0); 
INSERT INTO person VALUES (6039655552, 'Tiffany', 'FEMALE', 'Murphy', 1461.0); 
INSERT INTO person VALUES (2129996401, 'Judith', 'FEMALE', 'Johnson', 1629.0); 
INSERT INTO person VALUES (5971600263, 'Hannah', 'FEMALE', 'Hughes', 697.0); 
INSERT INTO person VALUES (620703981, 'Denise', 'FEMALE', 'Reid', 1060.0); 
INSERT INTO person VALUES (42754869, 'Patricia', 'FEMALE', 'Marshall', 1114.0); 
INSERT INTO person VALUES (8670674687, 'Victoria', 'FEMALE', 'Williams', 40.0); 
INSERT INTO person VALUES (6380582684, 'Abigail', 'FEMALE', 'Hall', 1562.0); 
INSERT INTO person VALUES (7106396028, 'Betty', 'FEMALE', 'Smith', 40.0); 
INSERT INTO person VALUES (5510637183, 'Michelle', 'FEMALE', 'Edwards', 332.0); 
INSERT INTO person VALUES (8024281780, 'John', 'MALE', 'Mason', 1661.0); 
INSERT INTO person VALUES (1173927663, 'Carl', 'MALE', 'Campbell', 420.0); 
INSERT INTO person VALUES (5021498692, 'Ethan', 'MALE', 'Clark', 1798.0); 
INSERT INTO person VALUES (8121748558, 'Patrick', 'MALE', 'Knight', 1928.0); 
INSERT INTO person VALUES (9780354529, 'Joyce', 'FEMALE', 'Anderson', 1622.0); 
INSERT INTO person VALUES (9299684340, 'Daniel', 'MALE', 'Phillips', 717.0); 
INSERT INTO person VALUES (3235572774, 'Donald', 'MALE', 'Graham', 1904.0); 
INSERT INTO person VALUES (8747103116, 'Eric', 'MALE', 'Taylor', 217.0); 
INSERT INTO person VALUES (3583370088, 'Mary', 'FEMALE', 'Knight', 1782.0); 
INSERT INTO person VALUES (1379456471, 'Judy', 'FEMALE', 'Murphy', 257.0); 
INSERT INTO person VALUES (7006843684, 'Patrick', 'MALE', 'Hunter', 1112.0); 
INSERT INTO person VALUES (6318143130, 'Linda', 'FEMALE', 'Cox', 570.0); 
INSERT INTO person VALUES (3284182177, 'Kathryn', 'FEMALE', 'Cooper', 652.0); 
INSERT INTO person VALUES (5274929971, 'Albert', 'MALE', 'Campbell', 1051.0); 
INSERT INTO person VALUES (3908503426, 'Lisa', 'FEMALE', 'Cox', 1710.0); 
INSERT INTO person VALUES (497694213, 'Steven', 'MALE', 'Butler', 1088.0); 
INSERT INTO person VALUES (7025267553, 'Brandon', 'MALE', 'Gray', 121.0); 
INSERT INTO person VALUES (9005321941, 'Madison', 'FEMALE', 'Kelly', 348.0); 
INSERT INTO person VALUES (2112737298, 'Elizabeth', 'FEMALE', 'Morris', 594.0); 
INSERT INTO person VALUES (90315130, 'Susan', 'FEMALE', 'Carter', 1128.0); 
INSERT INTO person VALUES (8856588524, 'Gregory', 'MALE', 'Ross', 1443.0); 
INSERT INTO person VALUES (6552194953, 'Julia', 'FEMALE', 'Richardson', 848.0); 
INSERT INTO person VALUES (3905691783, 'Katherine', 'FEMALE', 'Lee', 1234.0); 
INSERT INTO person VALUES (3322394274, 'Benjamin', 'MALE', 'Russell', 1429.0); 
INSERT INTO person VALUES (6270175168, 'Angela', 'FEMALE', 'Russell', 1247.0); 
INSERT INTO person VALUES (7851386003, 'Philip', 'MALE', 'Turner', 1709.0); 
INSERT INTO person VALUES (5772976065, 'Richard', 'MALE', 'Cooper', 1374.0); 
INSERT INTO person VALUES (8098453678, 'Tyler', 'MALE', 'Kennedy', 256.0); 
INSERT INTO person VALUES (8492235024, 'Robert', 'MALE', 'Walker', 1265.0); 
INSERT INTO person VALUES (4166761468, 'Jennifer', 'FEMALE', 'Hughes', 396.0); 
INSERT INTO person VALUES (1245571828, 'Betty', 'FEMALE', 'Reynolds', 1313.0); 
INSERT INTO person VALUES (7496286416, 'Megan', 'FEMALE', 'Bailey', 1826.0); 
INSERT INTO person VALUES (2284708377, 'Nicholas', 'MALE', 'Evans', 737.0); 
INSERT INTO person VALUES (3920127569, 'Brian', 'MALE', 'Cooper', 1485.0); 
INSERT INTO person VALUES (4251214490, 'Theresa', 'FEMALE', 'Bell', 680.0); 
INSERT INTO person VALUES (6229274598, 'Judith', 'FEMALE', 'Hunter', 752.0); 
INSERT INTO person VALUES (5580703867, 'Adam', 'MALE', 'Hunter', 1157.0); 
INSERT INTO person VALUES (2062900248, 'Cynthia', 'FEMALE', 'Davies', 667.0); 
INSERT INTO person VALUES (8720403725, 'Harry', 'MALE', 'Lewis', 1477.0); 
INSERT INTO person VALUES (7189512646, 'Randy', 'MALE', 'Gray', 1396.0); 
INSERT INTO person VALUES (4323171984, 'Bruce', 'MALE', 'Lloyd', 791.0); 
INSERT INTO person VALUES (806469038, 'Philip', 'MALE', 'Fox', 360.0); 
INSERT INTO person VALUES (4871202135, 'Richard', 'MALE', 'Saunders', 1721.0); 
INSERT INTO person VALUES (840194373, 'Dylan', 'MALE', 'Williams', 510.0); 
INSERT INTO person VALUES (4565503143, 'Philip', 'MALE', 'Taylor', 1389.0); 
INSERT INTO person VALUES (3777576410, 'Helen', 'FEMALE', 'Simpson', 1357.0); 
INSERT INTO person VALUES (3721888128, 'Jacqueline', 'FEMALE', 'Cook', 260.0); 
INSERT INTO person VALUES (2595112395, 'Charles', 'MALE', 'Shaw', 1259.0); 
INSERT INTO person VALUES (69472340, 'Henry', 'MALE', 'Lewis', 1998.0); 
INSERT INTO person VALUES (2516477271, 'Christopher', 'MALE', 'Richards', 738.0); 
INSERT INTO person VALUES (9165342552, 'Andrew', 'MALE', 'Jackson', 494.0); 
INSERT INTO person VALUES (931364707, 'Juan', 'MALE', 'Robinson', 1936.0); 
INSERT INTO person VALUES (544494049, 'Marie', 'FEMALE', 'Richardson', 437.0); 
INSERT INTO person VALUES (4976142649, 'Lisa', 'FEMALE', 'Rose', 1632.0); 
INSERT INTO person VALUES (1238768362, 'Melissa', 'FEMALE', 'Williams', 883.0); 
INSERT INTO person VALUES (102865803, 'Diane', 'FEMALE', 'Lee', 1178.0); 
INSERT INTO person VALUES (6186498819, 'Ralph', 'MALE', 'King', 579.0); 
INSERT INTO person VALUES (5893327332, 'Deborah', 'FEMALE', 'Patel', 1337.0); 
INSERT INTO person VALUES (5065968573, 'Judith', 'FEMALE', 'Martin', 1433.0); 
INSERT INTO person VALUES (8090518479, 'Terry', 'MALE', 'Martin', 1661.0); 
INSERT INTO person VALUES (9877897157, 'Adam', 'MALE', 'Adams', 505.0); 
INSERT INTO person VALUES (7679133083, 'Theresa', 'FEMALE', 'Butler', 1345.0); 
INSERT INTO person VALUES (7417939967, 'Matthew', 'MALE', 'Stewart', 973.0); 
INSERT INTO person VALUES (7066917537, 'George', 'MALE', 'James', 505.0); 
INSERT INTO person VALUES (729356640, 'Timothy', 'MALE', 'Adams', 526.0); 
INSERT INTO person VALUES (3723767254, 'Kimberly', 'FEMALE', 'Rose', 493.0); 
INSERT INTO person VALUES (6801978513, 'Jacqueline', 'FEMALE', 'James', 2028.0); 
INSERT INTO person VALUES (908227862, 'Mary', 'FEMALE', 'Thompson', 538.0); 
INSERT INTO person VALUES (8149484778, 'Ronald', 'MALE', 'Matthews', 692.0); 
INSERT INTO person VALUES (4485521023, 'Christina', 'FEMALE', 'Edwards', 948.0); 
INSERT INTO person VALUES (3561837178, 'Austin', 'MALE', 'Lewis', 622.0); 
INSERT INTO person VALUES (175806910, 'Natalie', 'FEMALE', 'Edwards', 811.0); 
INSERT INTO person VALUES (3858683031, 'Anna', 'FEMALE', 'Marshall', 1567.0); 
INSERT INTO person VALUES (4080572133, 'Marilyn', 'FEMALE', 'Watson', 552.0); 
INSERT INTO person VALUES (3594727793, 'Douglas', 'MALE', 'Ward', 1381.0); 
INSERT INTO person VALUES (2423625401, 'Abigail', 'FEMALE', 'Miller', 908.0); 
INSERT INTO person VALUES (8755416452, 'Jane', 'FEMALE', 'Johnson', 231.0); 
INSERT INTO person VALUES (363653954, 'Beverly', 'FEMALE', 'Hunter', 935.0); 
INSERT INTO person VALUES (2946115840, 'Samantha', 'FEMALE', 'Richardson', 304.0); 
INSERT INTO person VALUES (6246580104, 'Catherine', 'FEMALE', 'Ellis', 1922.0); 
INSERT INTO person VALUES (2034928806, 'Douglas', 'MALE', 'Clark', 1980.0); 
INSERT INTO person VALUES (392325818, 'Billy', 'MALE', 'Morgan', 131.0); 
INSERT INTO person VALUES (823320538, 'Martha', 'FEMALE', 'Simpson', 399.0); 
INSERT INTO person VALUES (4907888817, 'Joseph', 'MALE', 'Robinson', 1525.0); 
INSERT INTO person VALUES (4854424605, 'Roy', 'MALE', 'Thomas', 35.0); 
INSERT INTO person VALUES (8212529011, 'Kathleen', 'FEMALE', 'Butler', 69.0); 
INSERT INTO person VALUES (5349902307, 'Samantha', 'FEMALE', 'Evans', 1520.0); 
INSERT INTO person VALUES (2010910260, 'Ruth', 'FEMALE', 'Lee', 2008.0); 
INSERT INTO person VALUES (933937350, 'Julie', 'FEMALE', 'Matthews', 660.0); 
INSERT INTO person VALUES (5992318485, 'Jack', 'MALE', 'Marshall', 299.0); 
INSERT INTO person VALUES (9759695662, 'Wayne', 'MALE', 'Brown', 614.0); 
INSERT INTO person VALUES (8229240329, 'Larry', 'MALE', 'Matthews', 1001.0); 
INSERT INTO person VALUES (4368907382, 'Maria', 'FEMALE', 'Owen', 1520.0); 
INSERT INTO person VALUES (5300122216, 'Danielle', 'FEMALE', 'Griffiths', 348.0); 
INSERT INTO person VALUES (6666127852, 'Brandon', 'MALE', 'Patel', 1080.0); 
INSERT INTO person VALUES (3755601226, 'Alice', 'FEMALE', 'Russell', 616.0); 
INSERT INTO person VALUES (5346403070, 'Eric', 'MALE', 'Davis', 1738.0); 
INSERT INTO person VALUES (7481398370, 'Betty', 'FEMALE', 'Davis', 245.0); 
INSERT INTO person VALUES (4529151980, 'Logan', 'MALE', 'Morgan', 973.0); 
INSERT INTO person VALUES (5805861272, 'Evelyn', 'FEMALE', 'Reynolds', 775.0); 
INSERT INTO person VALUES (2960935715, 'Andrea', 'FEMALE', 'Kennedy', 112.0); 
INSERT INTO person VALUES (3455134779, 'Nicole', 'FEMALE', 'Bennett', 644.0); 
INSERT INTO person VALUES (3493718118, 'Jordan', 'MALE', 'Hunt', 1072.0); 
INSERT INTO person VALUES (4310500734, 'Anthony', 'MALE', 'Simpson', 1993.0); 
INSERT INTO person VALUES (4429241329, 'Christopher', 'MALE', 'Lloyd', 1058.0); 
INSERT INTO person VALUES (6483265952, 'Henry', 'MALE', 'Edwards', 1326.0); 
INSERT INTO person VALUES (7420206880, 'Victoria', 'FEMALE', 'Walker', 604.0); 
INSERT INTO person VALUES (1717972789, 'Samantha', 'FEMALE', 'Edwards', 1129.0); 
INSERT INTO person VALUES (1667231635, 'Madison', 'FEMALE', 'Young', 1998.0); 
INSERT INTO person VALUES (9253769729, 'Raymond', 'MALE', 'Richards', 215.0); 
INSERT INTO person VALUES (5068657139, 'Gerald', 'MALE', 'Edwards', 1969.0); 
INSERT INTO person VALUES (4722698806, 'Roy', 'MALE', 'Griffiths', 263.0); 
INSERT INTO person VALUES (9350551896, 'Justin', 'MALE', 'Richards', 1689.0); 
INSERT INTO person VALUES (1842948852, 'Melissa', 'FEMALE', 'Stewart', 174.0); 
INSERT INTO person VALUES (6176933081, 'Madison', 'FEMALE', 'Ellis', 1800.0); 
INSERT INTO person VALUES (6695883382, 'Betty', 'FEMALE', 'Miller', 623.0); 
INSERT INTO person VALUES (3439824870, 'Eric', 'MALE', 'Stewart', 1338.0); 
INSERT INTO person VALUES (6288802159, 'Beverly', 'FEMALE', 'Thomson', 1174.0); 
INSERT INTO person VALUES (7451195468, 'Jesse', 'MALE', 'Harrison', 1928.0); 
INSERT INTO person VALUES (9589937147, 'Kyle', 'MALE', 'Wright', 1966.0); 
INSERT INTO person VALUES (5405707952, 'Gary', 'MALE', 'Lloyd', 26.0); 
INSERT INTO person VALUES (6860445745, 'Maria', 'FEMALE', 'Wilson', 979.0); 
INSERT INTO person VALUES (9403168012, 'Johnny', 'MALE', 'Scott', 1844.0); 
INSERT INTO person VALUES (315554103, 'Kathryn', 'FEMALE', 'Cooper', 1670.0); 
INSERT INTO person VALUES (5346344758, 'Christine', 'FEMALE', 'Parker', 571.0); 
INSERT INTO person VALUES (2405256373, 'Marie', 'FEMALE', 'Edwards', 1524.0); 
INSERT INTO person VALUES (7316721939, 'Maria', 'FEMALE', 'Hughes', 1381.0); 
INSERT INTO person VALUES (7481405328, 'Raymond', 'MALE', 'Campbell', 1190.0); 
INSERT INTO person VALUES (6625652666, 'Barbara', 'FEMALE', 'Davies', 876.0); 
INSERT INTO person VALUES (8615777561, 'Denise', 'FEMALE', 'Murray', 68.0); 
INSERT INTO person VALUES (8726240339, 'Richard', 'MALE', 'Anderson', 1574.0); 
INSERT INTO person VALUES (1993482163, 'Katherine', 'FEMALE', 'Mason', 994.0); 
INSERT INTO person VALUES (5698154508, 'George', 'MALE', 'Chapman', 1840.0); 
INSERT INTO person VALUES (3505453206, 'Dylan', 'MALE', 'Ross', 1518.0); 
INSERT INTO person VALUES (525568595, 'Robert', 'MALE', 'Richardson', 242.0); 
INSERT INTO person VALUES (404349518, 'Henry', 'MALE', 'Bell', 571.0); 
INSERT INTO person VALUES (3363735397, 'Amy', 'FEMALE', 'Cook', 22.0); 
INSERT INTO person VALUES (8953934247, 'Ruth', 'FEMALE', 'Evans', 466.0); 
INSERT INTO person VALUES (8829108178, 'Nancy', 'FEMALE', 'Graham', 1989.0); 
INSERT INTO person VALUES (6328953748, 'Marie', 'FEMALE', 'Baker', 1348.0); 
INSERT INTO person VALUES (7857784833, 'Juan', 'MALE', 'Bell', 141.0); 
INSERT INTO person VALUES (474140807, 'Emily', 'FEMALE', 'Russell', 1680.0); 
INSERT INTO person VALUES (958268316, 'Ashley', 'FEMALE', 'Patel', 109.0); 
INSERT INTO person VALUES (8746169572, 'Sharon', 'FEMALE', 'Ellis', 518.0); 
INSERT INTO person VALUES (5883669523, 'Beverly', 'FEMALE', 'Bennett', 1847.0); 
INSERT INTO person VALUES (9217455390, 'Kenneth', 'MALE', 'Morgan', 349.0); 
INSERT INTO person VALUES (900453520, 'Maria', 'FEMALE', 'Taylor', 1471.0); 
INSERT INTO person VALUES (9887966810, 'Thomas', 'MALE', 'Mitchell', 1827.0); 
INSERT INTO person VALUES (4980374000, 'Doris', 'FEMALE', 'Lee', 1121.0); 
INSERT INTO person VALUES (2417872160, 'Juan', 'MALE', 'Patel', 1989.0); 
INSERT INTO person VALUES (517334676, 'Joyce', 'FEMALE', 'Young', 1836.0); 
INSERT INTO person VALUES (649930232, 'Brandon', 'MALE', 'Brown', 1990.0); 
INSERT INTO person VALUES (9449443957, 'Angela', 'FEMALE', 'Jones', 1332.0); 
INSERT INTO person VALUES (3276632957, 'Roy', 'MALE', 'Robertson', 1870.0); 
INSERT INTO person VALUES (2351327399, 'Amber', 'FEMALE', 'Brown', 636.0); 
INSERT INTO person VALUES (229374630, 'Anthony', 'MALE', 'Rose', 77.0); 
INSERT INTO person VALUES (245871311, 'Jennifer', 'FEMALE', 'Hill', 1258.0); 
INSERT INTO person VALUES (2421842632, 'Thomas', 'MALE', 'Wilkinson', 1990.0); 
INSERT INTO person VALUES (5801483554, 'Evelyn', 'FEMALE', 'Reid', 1676.0); 
INSERT INTO person VALUES (7264462237, 'Samantha', 'FEMALE', 'Bennett', 1308.0); 
INSERT INTO person VALUES (8931270366, 'Denise', 'FEMALE', 'Chapman', 1059.0); 
INSERT INTO person VALUES (5939574466, 'Katherine', 'FEMALE', 'Holmes', 1620.0); 
INSERT INTO person VALUES (1262390338, 'Margaret', 'FEMALE', 'Stewart', 1899.0); 
INSERT INTO person VALUES (951150921, 'Mary', 'FEMALE', 'Matthews', 1494.0); 
INSERT INTO person VALUES (7312611062, 'Maria', 'FEMALE', 'Russell', 1317.0); 
INSERT INTO person VALUES (350650816, 'Emily', 'FEMALE', 'Holmes', 98.0); 
INSERT INTO person VALUES (8043866045, 'Jean', 'FEMALE', 'Carter', 1885.0); 
INSERT INTO person VALUES (7816479118, 'Gregory', 'MALE', 'Williams', 885.0); 
INSERT INTO person VALUES (3429898118, 'Daniel', 'MALE', 'Anderson', 1730.0); 
INSERT INTO person VALUES (6304614831, 'Kimberly', 'FEMALE', 'Lee', 2036.0); 
INSERT INTO person VALUES (307642600, 'Amanda', 'FEMALE', 'Martin', 1558.0); 
INSERT INTO person VALUES (7973127258, 'Ralph', 'MALE', 'Lewis', 350.0); 
INSERT INTO person VALUES (6297514002, 'Heather', 'FEMALE', 'Bennett', 1.0); 
INSERT INTO person VALUES (6235895964, 'Christina', 'FEMALE', 'Morgan', 1063.0); 
INSERT INTO person VALUES (947332189, 'Heather', 'FEMALE', 'Young', 1214.0); 
INSERT INTO person VALUES (942385464, 'Adam', 'MALE', 'Anderson', 1111.0); 
INSERT INTO person VALUES (3926879009, 'Grace', 'FEMALE', 'Shaw', 1108.0); 
INSERT INTO person VALUES (8139815198, 'Thomas', 'MALE', 'Hunter', 1980.0); 
INSERT INTO person VALUES (173788780, 'Benjamin', 'MALE', 'Clarke', 1295.0); 
INSERT INTO person VALUES (7856603623, 'Roger', 'MALE', 'Cox', 386.0); 
INSERT INTO person VALUES (6981623323, 'Christine', 'FEMALE', 'Kelly', 929.0); 
INSERT INTO person VALUES (926975290, 'Janice', 'FEMALE', 'Cox', 250.0); 
INSERT INTO person VALUES (5266995056, 'Rose', 'FEMALE', 'Brown', 590.0); 
INSERT INTO person VALUES (1236702430, 'Janet', 'FEMALE', 'Knight', 324.0); 
INSERT INTO person VALUES (9471613786, 'Donna', 'FEMALE', 'Hunt', 102.0); 
INSERT INTO person VALUES (1837537031, 'Julie', 'FEMALE', 'King', 696.0); 
INSERT INTO person VALUES (8785231265, 'Sarah', 'FEMALE', 'Holmes', 1176.0); 
INSERT INTO person VALUES (7939382827, 'Doris', 'FEMALE', 'Murray', 19.0); 
INSERT INTO person VALUES (8542932223, 'Timothy', 'MALE', 'Martin', 1294.0); 
INSERT INTO person VALUES (398894408, 'Gregory', 'MALE', 'Chapman', 1674.0); 
INSERT INTO person VALUES (9994814713, 'Andrea', 'FEMALE', 'Russell', 623.0); 
INSERT INTO person VALUES (2451286278, 'Andrew', 'MALE', 'Johnson', 1773.0); 
INSERT INTO person VALUES (9918262491, 'Jason', 'MALE', 'Wilkinson', 900.0); 
INSERT INTO person VALUES (5040329732, 'Dennis', 'MALE', 'Moore', 904.0); 
INSERT INTO person VALUES (8224137096, 'Beverly', 'FEMALE', 'Bennett', 30.0); 
INSERT INTO person VALUES (139229613, 'Evelyn', 'FEMALE', 'Hill', 499.0); 
INSERT INTO person VALUES (1561910052, 'Olivia', 'FEMALE', 'Knight', 432.0); 
INSERT INTO person VALUES (5855354208, 'Roger', 'MALE', 'Baker', 683.0); 
INSERT INTO person VALUES (746571613, 'Samuel', 'MALE', 'Green', 735.0); 
INSERT INTO person VALUES (1300765731, 'Lauren', 'FEMALE', 'Cook', 445.0); 
INSERT INTO person VALUES (5701850684, 'Adam', 'MALE', 'Stevens', 970.0); 
INSERT INTO person VALUES (1480620086, 'Mary', 'FEMALE', 'Bell', 1387.0); 
INSERT INTO person VALUES (860772758, 'Carol', 'FEMALE', 'Moore', 1011.0); 
INSERT INTO person VALUES (2138805205, 'Joyce', 'FEMALE', 'Thompson', 1992.0); 
INSERT INTO person VALUES (8546784100, 'Joyce', 'FEMALE', 'Morris', 1753.0); 
INSERT INTO person VALUES (6713127441, 'Jeremy', 'MALE', 'Jones', 1498.0); 
INSERT INTO person VALUES (9406448926, 'Walter', 'MALE', 'Wright', 15.0); 
INSERT INTO person VALUES (8308873917, 'Matthew', 'MALE', 'Anderson', 677.0); 
INSERT INTO person VALUES (7682153540, 'Helen', 'FEMALE', 'Harris', 1516.0); 
INSERT INTO person VALUES (129941806, 'Lauren', 'FEMALE', 'Ward', 518.0); 
INSERT INTO person VALUES (2529351441, 'Jeremy', 'MALE', 'Wright', 244.0); 
INSERT INTO person VALUES (7429778093, 'Harry', 'MALE', 'Allen', 2020.0); 
INSERT INTO person VALUES (9468484035, 'Ralph', 'MALE', 'Taylor', 360.0); 
INSERT INTO person VALUES (7704788287, 'Patricia', 'FEMALE', 'Campbell', 1522.0); 
INSERT INTO person VALUES (8810993351, 'Nathan', 'MALE', 'Kennedy', 415.0); 
INSERT INTO person VALUES (4650600688, 'Joyce', 'FEMALE', 'Edwards', 1726.0); 
INSERT INTO person VALUES (2555189890, 'Margaret', 'FEMALE', 'Matthews', 526.0); 
INSERT INTO person VALUES (9212693451, 'Carol', 'FEMALE', 'Cook', 78.0); 
INSERT INTO person VALUES (6224487288, 'Alexis', 'FEMALE', 'Clark', 256.0); 
INSERT INTO person VALUES (681061830, 'Juan', 'MALE', 'Roberts', 1037.0); 
INSERT INTO person VALUES (9049206029, 'Sean', 'MALE', 'Hunt', 205.0); 
INSERT INTO person VALUES (9069308204, 'Patricia', 'FEMALE', 'Kelly', 1396.0); 
INSERT INTO person VALUES (5037473943, 'Doris', 'FEMALE', 'Thomson', 1161.0); 
INSERT INTO person VALUES (6432341090, 'Carl', 'MALE', 'James', 1195.0); 
INSERT INTO person VALUES (1835408198, 'Kevin', 'MALE', 'Morris', 226.0); 
INSERT INTO person VALUES (2156663020, 'Michelle', 'FEMALE', 'Cox', 1214.0); 
INSERT INTO person VALUES (6060401174, 'Thomas', 'MALE', 'Wright', 581.0); 
INSERT INTO person VALUES (198480624, 'Gloria', 'FEMALE', 'Ward', 2031.0); 
INSERT INTO person VALUES (5065803616, 'Terry', 'MALE', 'Patel', 1062.0); 
INSERT INTO person VALUES (8167881326, 'Timothy', 'MALE', 'Simpson', 280.0); 
INSERT INTO person VALUES (1999908473, 'Theresa', 'FEMALE', 'Hill', 309.0); 
INSERT INTO person VALUES (350465773, 'Judy', 'FEMALE', 'White', 1442.0); 
INSERT INTO person VALUES (4921896543, 'Deborah', 'FEMALE', 'Robinson', 101.0); 
INSERT INTO person VALUES (5062807477, 'Raymond', 'MALE', 'Wood', 1283.0); 
INSERT INTO person VALUES (1522272538, 'Russell', 'MALE', 'Evans', 81.0); 
INSERT INTO person VALUES (240213509, 'Brandon', 'MALE', 'Carter', 1778.0); 
INSERT INTO person VALUES (9426462290, 'Lawrence', 'MALE', 'Martin', 198.0); 
INSERT INTO person VALUES (3306592695, 'Larry', 'MALE', 'Johnson', 1650.0); 
INSERT INTO person VALUES (1831276866, 'Evelyn', 'FEMALE', 'Palmer', 1496.0); 
INSERT INTO person VALUES (7181989120, 'Christopher', 'MALE', 'Thomas', 510.0); 
INSERT INTO person VALUES (9252198602, 'Barbara', 'FEMALE', 'Murray', 196.0); 
INSERT INTO person VALUES (773625508, 'Joyce', 'FEMALE', 'Price', 771.0); 
INSERT INTO person VALUES (8286181811, 'Philip', 'MALE', 'Wilson', 1145.0); 
INSERT INTO person VALUES (6664217873, 'Gary', 'MALE', 'Knight', 430.0); 
INSERT INTO person VALUES (6292364892, 'Betty', 'FEMALE', 'Thomas', 1061.0); 
INSERT INTO person VALUES (3137792610, 'Michelle', 'FEMALE', 'Khan', 314.0); 
INSERT INTO person VALUES (8917691244, 'Jesse', 'MALE', 'Graham', 2027.0); 
INSERT INTO person VALUES (2039260867, 'Madison', 'FEMALE', 'Chapman', 657.0); 
INSERT INTO person VALUES (3066567698, 'Jeremy', 'MALE', 'Griffiths', 1149.0); 
INSERT INTO person VALUES (2890911784, 'Maria', 'FEMALE', 'Brown', 1473.0); 
INSERT INTO person VALUES (7549937950, 'Cynthia', 'FEMALE', 'Evans', 299.0); 
INSERT INTO person VALUES (2813483126, 'Brandon', 'MALE', 'Thomas', 1567.0); 
INSERT INTO person VALUES (3966304816, 'Donald', 'MALE', 'Davis', 1408.0); 
INSERT INTO person VALUES (7416290373, 'Brian', 'MALE', 'Taylor', 1461.0); 
INSERT INTO person VALUES (1673542101, 'Debra', 'FEMALE', 'Roberts', 132.0); 
INSERT INTO person VALUES (2862857009, 'Carol', 'FEMALE', 'Hughes', 724.0); 
INSERT INTO person VALUES (8759740916, 'Billy', 'MALE', 'Bailey', 182.0); 
INSERT INTO person VALUES (551731012, 'David', 'MALE', 'Marshall', 55.0); 
INSERT INTO person VALUES (225735641, 'Mary', 'FEMALE', 'Cook', 1312.0); 
INSERT INTO person VALUES (7057415283, 'Ethan', 'MALE', 'Hughes', 1835.0); 
INSERT INTO person VALUES (9851454055, 'Jennifer', 'FEMALE', 'Moore', 1159.0); 
INSERT INTO person VALUES (7460730712, 'Jessica', 'FEMALE', 'Taylor', 596.0); 
INSERT INTO person VALUES (1944390144, 'Adam', 'MALE', 'Robertson', 608.0); 
INSERT INTO person VALUES (104895770, 'Douglas', 'MALE', 'Lee', 312.0); 
INSERT INTO person VALUES (7358565342, 'Louis', 'MALE', 'Richardson', 1123.0); 
INSERT INTO person VALUES (7264100049, 'Thomas', 'MALE', 'White', 2017.0); 
INSERT INTO person VALUES (7149536664, 'Katherine', 'FEMALE', 'Taylor', 1650.0); 
INSERT INTO person VALUES (4281903257, 'Juan', 'MALE', 'Anderson', 461.0); 
INSERT INTO person VALUES (196743127, 'Jacob', 'MALE', 'Kelly', 1387.0); 
INSERT INTO person VALUES (7113766164, 'Ann', 'FEMALE', 'Clark', 687.0); 
INSERT INTO person VALUES (4419623339, 'Natalie', 'FEMALE', 'Watson', 557.0); 
INSERT INTO person VALUES (715854401, 'Cheryl', 'FEMALE', 'Richardson', 1405.0); 
INSERT INTO person VALUES (712358430, 'Christine', 'FEMALE', 'Edwards', 1959.0); 
INSERT INTO person VALUES (2157116375, 'Bruce', 'MALE', 'Owen', 2039.0); 
INSERT INTO person VALUES (8920319991, 'Maria', 'FEMALE', 'Marshall', 1637.0); 
INSERT INTO person VALUES (5138867630, 'Mark', 'MALE', 'Harris', 222.0); 
INSERT INTO person VALUES (8920559909, 'Louis', 'MALE', 'Phillips', 1030.0); 
INSERT INTO person VALUES (7550888701, 'Joyce', 'FEMALE', 'Lloyd', 488.0); 
INSERT INTO person VALUES (938148673, 'Gregory', 'MALE', 'Taylor', 746.0); 
INSERT INTO person VALUES (5503612623, 'Linda', 'FEMALE', 'Murphy', 1721.0); 
INSERT INTO person VALUES (1768734562, 'Janet', 'FEMALE', 'Hall', 1486.0); 
INSERT INTO person VALUES (4438921187, 'Jacqueline', 'FEMALE', 'Owen', 1661.0); 
INSERT INTO person VALUES (1517595112, 'Beverly', 'FEMALE', 'Green', 438.0); 
INSERT INTO person VALUES (3271342688, 'Donald', 'MALE', 'Kennedy', 561.0); 
INSERT INTO person VALUES (2242724411, 'Jack', 'MALE', 'Scott', 518.0); 
INSERT INTO person VALUES (173533875, 'Aaron', 'MALE', 'Murray', 759.0); 
INSERT INTO person VALUES (7075638192, 'Nathan', 'MALE', 'Anderson', 848.0); 
INSERT INTO person VALUES (4383898452, 'Larry', 'MALE', 'Simpson', 1150.0); 
INSERT INTO person VALUES (6329279799, 'Robert', 'MALE', 'Robertson', 1810.0); 
INSERT INTO person VALUES (9390935421, 'Randy', 'MALE', 'Clark', 1060.0); 
INSERT INTO person VALUES (6318823150, 'Betty', 'FEMALE', 'Martin', 665.0); 
INSERT INTO person VALUES (3189392503, 'Donna', 'FEMALE', 'Parker', 358.0); 
INSERT INTO person VALUES (8405946523, 'Ann', 'FEMALE', 'Miller', 1551.0); 
INSERT INTO person VALUES (6849320766, 'Doris', 'FEMALE', 'Palmer', 117.0); 
INSERT INTO person VALUES (87798816, 'Ann', 'FEMALE', 'Palmer', 618.0); 
INSERT INTO person VALUES (406562231, 'Marilyn', 'FEMALE', 'Cook', 260.0); 
INSERT INTO person VALUES (1171906874, 'Virginia', 'FEMALE', 'Butler', 293.0); 
INSERT INTO person VALUES (2440256947, 'Anna', 'FEMALE', 'Palmer', 184.0); 
INSERT INTO person VALUES (5660640273, 'Sean', 'MALE', 'Palmer', 1040.0); 
INSERT INTO person VALUES (4007411842, 'Eric', 'MALE', 'Moore', 1847.0); 
INSERT INTO person VALUES (4226223762, 'Shirley', 'FEMALE', 'Walsh', 972.0); 
INSERT INTO person VALUES (5517541018, 'Brandon', 'MALE', 'Price', 1716.0); 
INSERT INTO person VALUES (6150785484, 'Sarah', 'FEMALE', 'Morgan', 971.0); 
INSERT INTO person VALUES (8846554610, 'Katherine', 'FEMALE', 'Thompson', 996.0); 
INSERT INTO person VALUES (7148972454, 'Stephanie', 'FEMALE', 'Ross', 1804.0); 
INSERT INTO person VALUES (3372957261, 'Ethan', 'MALE', 'Owen', 90.0); 
INSERT INTO person VALUES (756727951, 'Sean', 'MALE', 'White', 1958.0); 
INSERT INTO person VALUES (6727612679, 'Zachary', 'MALE', 'Wilson', 1564.0); 
INSERT INTO person VALUES (2741886054, 'Nicholas', 'MALE', 'Robertson', 1671.0); 
INSERT INTO person VALUES (9144260236, 'Jason', 'MALE', 'Watson', 1469.0); 
INSERT INTO person VALUES (5166727158, 'Gerald', 'MALE', 'Stewart', 1501.0); 
INSERT INTO person VALUES (3681134292, 'Jeffrey', 'MALE', 'Gray', 1824.0); 
INSERT INTO person VALUES (7430688702, 'Henry', 'MALE', 'Wilson', 976.0); 
INSERT INTO person VALUES (5249265914, 'Lauren', 'FEMALE', 'Rogers', 1982.0); 
INSERT INTO person VALUES (5781824579, 'Jack', 'MALE', 'White', 351.0); 
INSERT INTO person VALUES (5269747108, 'Elizabeth', 'FEMALE', 'Hughes', 1659.0); 
INSERT INTO person VALUES (8709244582, 'Sara', 'FEMALE', 'Kennedy', 701.0); 
INSERT INTO person VALUES (9198645034, 'Joyce', 'FEMALE', 'Stewart', 457.0); 
INSERT INTO person VALUES (8174385197, 'Justin', 'MALE', 'Brown', 1689.0); 
INSERT INTO person VALUES (3845681297, 'Kimberly', 'FEMALE', 'Richardson', 504.0); 
INSERT INTO person VALUES (398911164, 'Betty', 'FEMALE', 'Powell', 1045.0); 
INSERT INTO person VALUES (5121880993, 'Kathryn', 'FEMALE', 'James', 1932.0); 
INSERT INTO person VALUES (3730223005, 'Kathleen', 'FEMALE', 'James', 1732.0); 
INSERT INTO person VALUES (3946367410, 'Philip', 'MALE', 'Shaw', 1942.0); 
INSERT INTO person VALUES (121951724, 'Cynthia', 'FEMALE', 'Lloyd', 1010.0); 
INSERT INTO person VALUES (4733379008, 'Daniel', 'MALE', 'Lloyd', 994.0); 
INSERT INTO person VALUES (9608213665, 'Edward', 'MALE', 'Lloyd', 1312.0); 
INSERT INTO person VALUES (3214541539, 'Amber', 'FEMALE', 'Williams', 1853.0); 
INSERT INTO person VALUES (927035022, 'Sarah', 'FEMALE', 'Thompson', 1628.0); 
INSERT INTO person VALUES (6084893914, 'Gregory', 'MALE', 'Bennett', 225.0); 
INSERT INTO person VALUES (3567148483, 'Harry', 'MALE', 'King', 312.0); 
INSERT INTO person VALUES (6569174086, 'Willie', 'MALE', 'Harris', 885.0); 
INSERT INTO person VALUES (5168229130, 'Harold', 'MALE', 'Allen', 1858.0); 
INSERT INTO person VALUES (6997280924, 'Frank', 'MALE', 'Patel', 1443.0); 
INSERT INTO person VALUES (3367141075, 'Roger', 'MALE', 'Cooper', 146.0); 
INSERT INTO person VALUES (767578500, 'Justin', 'MALE', 'Jones', 1829.0); 
INSERT INTO person VALUES (6042481745, 'Carol', 'FEMALE', 'Kelly', 586.0); 
INSERT INTO person VALUES (276466812, 'Megan', 'FEMALE', 'Mason', 1881.0); 
INSERT INTO person VALUES (3907661597, 'Justin', 'MALE', 'Johnson', 1005.0); 
INSERT INTO person VALUES (4889252614, 'Grace', 'FEMALE', 'Taylor', 1674.0); 
INSERT INTO person VALUES (5863570945, 'Amy', 'FEMALE', 'Khan', 1079.0); 
INSERT INTO person VALUES (4439488388, 'Lauren', 'FEMALE', 'Cook', 1305.0); 
INSERT INTO person VALUES (2042243114, 'Anna', 'FEMALE', 'Harrison', 1681.0); 
INSERT INTO person VALUES (9851357774, 'Martha', 'FEMALE', 'James', 1432.0); 
INSERT INTO person VALUES (942108152, 'Emily', 'FEMALE', 'Murray', 491.0); 
INSERT INTO person VALUES (4793450825, 'Joan', 'FEMALE', 'Ward', 1764.0); 
INSERT INTO person VALUES (2403780676, 'Amanda', 'FEMALE', 'Marshall', 530.0); 
INSERT INTO person VALUES (6562249726, 'Mark', 'MALE', 'Graham', 1541.0); 
INSERT INTO person VALUES (3510379232, 'Doris', 'FEMALE', 'Wright', 1997.0); 
INSERT INTO person VALUES (3922320295, 'Gerald', 'MALE', 'Davis', 40.0); 
INSERT INTO person VALUES (7492125885, 'Virginia', 'FEMALE', 'Hall', 1536.0); 
INSERT INTO person VALUES (8023140267, 'Sharon', 'FEMALE', 'Stevens', 333.0); 
INSERT INTO person VALUES (9716119943, 'Denise', 'FEMALE', 'Davies', 563.0); 
INSERT INTO person VALUES (5348583525, 'Robert', 'MALE', 'Gray', 1262.0); 
INSERT INTO person VALUES (1781368233, 'Bobby', 'MALE', 'Knight', 397.0); 
INSERT INTO person VALUES (5340789974, 'Harold', 'MALE', 'Ellis', 247.0); 
INSERT INTO person VALUES (6840238611, 'Zachary', 'MALE', 'Palmer', 2033.0); 
INSERT INTO person VALUES (6483181329, 'Jeffrey', 'MALE', 'Palmer', 105.0); 
INSERT INTO person VALUES (2637789180, 'William', 'MALE', 'Morgan', 1006.0); 
INSERT INTO person VALUES (1387109829, 'Patricia', 'FEMALE', 'Carter', 233.0); 
INSERT INTO person VALUES (4676921707, 'Madison', 'FEMALE', 'Cooper', 302.0); 
INSERT INTO person VALUES (4333753802, 'Dennis', 'MALE', 'Marshall', 1984.0); 
INSERT INTO person VALUES (488975966, 'Marilyn', 'FEMALE', 'Rogers', 622.0); 
INSERT INTO person VALUES (8678683381, 'Shirley', 'FEMALE', 'Richards', 855.0); 
INSERT INTO person VALUES (7634387149, 'Ryan', 'MALE', 'Hall', 1742.0); 
INSERT INTO person VALUES (8446121798, 'Eric', 'MALE', 'Anderson', 759.0); 
INSERT INTO person VALUES (6853989333, 'Andrea', 'FEMALE', 'Rogers', 936.0); 
INSERT INTO person VALUES (9892511110, 'Eugene', 'MALE', 'Martin', 1556.0); 
INSERT INTO person VALUES (7358785457, 'Stephanie', 'FEMALE', 'Graham', 786.0); 
INSERT INTO person VALUES (825372473, 'Willie', 'MALE', 'Knight', 2020.0); 
INSERT INTO person VALUES (1563792844, 'Donna', 'FEMALE', 'Davis', 1061.0); 
INSERT INTO person VALUES (450724942, 'Richard', 'MALE', 'Clark', 911.0); 
INSERT INTO person VALUES (410390540, 'Sharon', 'FEMALE', 'Watson', 75.0); 
INSERT INTO person VALUES (1207916083, 'Julia', 'FEMALE', 'Gray', 235.0); 
INSERT INTO person VALUES (9860371179, 'Laura', 'FEMALE', 'Thompson', 1028.0); 
INSERT INTO person VALUES (2524623412, 'Christina', 'FEMALE', 'Wilson', 2.0); 
INSERT INTO person VALUES (1922269704, 'Susan', 'FEMALE', 'Wilson', 277.0); 
INSERT INTO person VALUES (1371336895, 'Bobby', 'MALE', 'Davis', 422.0); 
INSERT INTO person VALUES (587690812, 'Philip', 'MALE', 'Chapman', 1013.0); 
INSERT INTO person VALUES (8982136767, 'Linda', 'FEMALE', 'Richards', 1242.0); 
INSERT INTO person VALUES (402076594, 'Kenneth', 'MALE', 'Khan', 1363.0); 
INSERT INTO person VALUES (5527772985, 'Benjamin', 'MALE', 'Phillips', 2024.0); 
INSERT INTO person VALUES (1471888638, 'Lawrence', 'MALE', 'Hunt', 1624.0); 
INSERT INTO person VALUES (3844746315, 'Charles', 'MALE', 'Butler', 239.0); 
INSERT INTO person VALUES (7265471126, 'Mark', 'MALE', 'Roberts', 1719.0); 
INSERT INTO person VALUES (5210927862, 'Julia', 'FEMALE', 'Jackson', 1776.0); 
INSERT INTO person VALUES (8368812651, 'Lawrence', 'MALE', 'Lewis', 526.0); 
INSERT INTO person VALUES (3081953647, 'Janet', 'FEMALE', 'Walsh', 914.0); 
INSERT INTO person VALUES (4418937075, 'Lori', 'FEMALE', 'Turner', 810.0); 
INSERT INTO person VALUES (863741253, 'Gloria', 'FEMALE', 'Davies', 1044.0); 
INSERT INTO person VALUES (7103283475, 'Albert', 'MALE', 'Powell', 1432.0); 
INSERT INTO person VALUES (5809622874, 'Jordan', 'MALE', 'Stevens', 1219.0); 
INSERT INTO person VALUES (8384440829, 'Ryan', 'MALE', 'White', 1242.0); 
INSERT INTO person VALUES (5967227083, 'Ronald', 'MALE', 'Harris', 1017.0); 
INSERT INTO person VALUES (8421196514, 'Thomas', 'MALE', 'Butler', 1210.0); 
INSERT INTO person VALUES (1264902819, 'Alice', 'FEMALE', 'Cooper', 445.0); 
INSERT INTO person VALUES (367453915, 'Martha', 'FEMALE', 'Phillips', 1571.0); 
INSERT INTO person VALUES (4981523565, 'Stephanie', 'FEMALE', 'Walker', 1541.0); 
INSERT INTO person VALUES (1416641755, 'Jerry', 'MALE', 'Wilson', 1512.0); 
INSERT INTO person VALUES (1337976152, 'Jane', 'FEMALE', 'Powell', 2025.0); 
INSERT INTO person VALUES (9982347273, 'Maria', 'FEMALE', 'Jackson', 748.0); 
INSERT INTO person VALUES (1917293495, 'Christopher', 'MALE', 'Clarke', 555.0); 
INSERT INTO person VALUES (7991581681, 'Nicholas', 'MALE', 'Green', 788.0); 
INSERT INTO person VALUES (1885578715, 'Henry', 'MALE', 'Phillips', 1201.0); 
INSERT INTO person VALUES (632156839, 'Jesse', 'MALE', 'Rose', 591.0); 
INSERT INTO person VALUES (3919262257, 'Aaron', 'MALE', 'Price', 675.0); 
INSERT INTO person VALUES (4973297528, 'Karen', 'FEMALE', 'Rogers', 1844.0); 
INSERT INTO person VALUES (854384876, 'David', 'MALE', 'Shaw', 91.0); 
INSERT INTO person VALUES (7833217854, 'Judith', 'FEMALE', 'Harrison', 436.0); 
INSERT INTO person VALUES (5369786716, 'Grace', 'FEMALE', 'Collins', 66.0); 
INSERT INTO person VALUES (3642790057, 'Russell', 'MALE', 'Davis', 627.0); 
INSERT INTO person VALUES (4348963472, 'Raymond', 'MALE', 'Morris', 1654.0); 
INSERT INTO person VALUES (9267669426, 'Linda', 'FEMALE', 'Lloyd', 1388.0); 
INSERT INTO person VALUES (207910069, 'Gerald', 'MALE', 'Thompson', 854.0); 
INSERT INTO person VALUES (1305603269, 'Walter', 'MALE', 'Evans', 1794.0); 
INSERT INTO person VALUES (7100574003, 'Charles', 'MALE', 'Morris', 1098.0); 
INSERT INTO person VALUES (5897341203, 'James', 'MALE', 'Powell', 1083.0); 
INSERT INTO person VALUES (6256375913, 'Vincent', 'MALE', 'Reynolds', 1847.0); 
INSERT INTO person VALUES (1105727942, 'Lori', 'FEMALE', 'Ross', 1099.0); 
INSERT INTO person VALUES (4104593991, 'Sara', 'FEMALE', 'Hall', 1891.0); 
INSERT INTO person VALUES (875850647, 'Harold', 'MALE', 'Campbell', 146.0); 
INSERT INTO person VALUES (558349194, 'Natalie', 'FEMALE', 'Morgan', 78.0); 
INSERT INTO person VALUES (4249336615, 'Michelle', 'FEMALE', 'Wilson', 23.0); 
INSERT INTO person VALUES (676845964, 'Johnny', 'MALE', 'Mason', 1177.0); 
INSERT INTO person VALUES (9723662216, 'Samantha', 'FEMALE', 'Hunter', 1508.0); 
INSERT INTO person VALUES (6911122353, 'Jacqueline', 'FEMALE', 'Jackson', 1666.0); 
INSERT INTO person VALUES (3503102614, 'Emily', 'FEMALE', 'Russell', 943.0); 
INSERT INTO person VALUES (6635926324, 'Danielle', 'FEMALE', 'Wood', 1750.0); 
INSERT INTO person VALUES (1915388898, 'Natalie', 'FEMALE', 'Bennett', 230.0); 
INSERT INTO person VALUES (226271918, 'Austin', 'MALE', 'Ward', 1929.0); 
INSERT INTO person VALUES (7965762927, 'Jacob', 'MALE', 'Saunders', 25.0); 
INSERT INTO person VALUES (1881828385, 'Bruce', 'MALE', 'Moore', 500.0); 
INSERT INTO person VALUES (9114751855, 'Steven', 'MALE', 'Thomas', 1670.0); 
INSERT INTO person VALUES (120573943, 'Madison', 'FEMALE', 'Campbell', 861.0); 
INSERT INTO person VALUES (6871398249, 'Justin', 'MALE', 'Richardson', 980.0); 
INSERT INTO person VALUES (8101698165, 'Noah', 'MALE', 'Davis', 900.0); 
INSERT INTO person VALUES (7652855575, 'Aaron', 'MALE', 'Morris', 479.0); 
INSERT INTO person VALUES (1680486116, 'Kathleen', 'FEMALE', 'Young', 1608.0); 
INSERT INTO person VALUES (4498623196, 'Philip', 'MALE', 'Green', 1531.0); 
INSERT INTO person VALUES (8672964049, 'Helen', 'FEMALE', 'Murphy', 1767.0); 
INSERT INTO person VALUES (5587183748, 'Emma', 'FEMALE', 'Price', 1932.0); 
INSERT INTO person VALUES (5005560015, 'Kelly', 'FEMALE', 'Young', 457.0); 
INSERT INTO person VALUES (9104505706, 'Madison', 'FEMALE', 'Owen', 828.0); 
INSERT INTO person VALUES (2871340231, 'Lisa', 'FEMALE', 'Adams', 1568.0); 
INSERT INTO person VALUES (686375207, 'Shirley', 'FEMALE', 'Richards', 1152.0); 
INSERT INTO person VALUES (4291758905, 'Emma', 'FEMALE', 'Jackson', 881.0); 
INSERT INTO person VALUES (6264566844, 'Andrea', 'FEMALE', 'Matthews', 1333.0); 
INSERT INTO person VALUES (3676618888, 'Cheryl', 'FEMALE', 'Ross', 621.0); 
INSERT INTO person VALUES (2623399615, 'Gerald', 'MALE', 'Thomas', 1770.0); 
INSERT INTO person VALUES (7825924652, 'Gregory', 'MALE', 'Gray', 1801.0); 
INSERT INTO person VALUES (963650718, 'Jeffrey', 'MALE', 'Turner', 168.0); 
INSERT INTO person VALUES (610737314, 'Matthew', 'MALE', 'Wright', 787.0); 
INSERT INTO person VALUES (7863719187, 'Tyler', 'MALE', 'Fox', 445.0); 
INSERT INTO person VALUES (875261713, 'Alan', 'MALE', 'James', 1196.0); 
INSERT INTO person VALUES (3365798938, 'Tiffany', 'FEMALE', 'Saunders', 1093.0); 
INSERT INTO person VALUES (349333793, 'Julie', 'FEMALE', 'Harris', 58.0); 
INSERT INTO person VALUES (9221395567, 'Russell', 'MALE', 'Shaw', 1749.0); 
INSERT INTO person VALUES (7241686840, 'Lisa', 'FEMALE', 'Reynolds', 18.0); 
INSERT INTO person VALUES (285515015, 'Ralph', 'MALE', 'Ward', 360.0); 
INSERT INTO person VALUES (8136889785, 'Stephanie', 'FEMALE', 'Wood', 410.0); 
INSERT INTO person VALUES (8808680134, 'Eugene', 'MALE', 'Reid', 1980.0); 
INSERT INTO person VALUES (1303530072, 'Charles', 'MALE', 'Campbell', 271.0); 
INSERT INTO person VALUES (8094961350, 'Terry', 'MALE', 'Graham', 1823.0); 
INSERT INTO person VALUES (2441596009, 'Judith', 'FEMALE', 'Rose', 1806.0); 
INSERT INTO person VALUES (9756811284, 'Beverly', 'FEMALE', 'Anderson', 829.0); 
INSERT INTO person VALUES (6142365706, 'Bobby', 'MALE', 'Reynolds', 1922.0); 
INSERT INTO person VALUES (3005694904, 'Tyler', 'MALE', 'Bennett', 619.0); 
INSERT INTO person VALUES (3723276335, 'Janet', 'FEMALE', 'Cox', 369.0); 
INSERT INTO person VALUES (1370533911, 'Madison', 'FEMALE', 'Russell', 1082.0); 
INSERT INTO person VALUES (8669901392, 'Cheryl', 'FEMALE', 'Murphy', 1633.0); 
INSERT INTO person VALUES (1517517399, 'Elizabeth', 'FEMALE', 'Evans', 1984.0); 
INSERT INTO person VALUES (570055906, 'Benjamin', 'MALE', 'Carter', 1618.0); 
INSERT INTO person VALUES (5663254124, 'Jose', 'MALE', 'Cook', 1970.0); 
INSERT INTO person VALUES (4584459150, 'Jonathan', 'MALE', 'Roberts', 595.0); 
INSERT INTO person VALUES (7150891854, 'Charles', 'MALE', 'Turner', 1884.0); 
INSERT INTO person VALUES (4067968717, 'Margaret', 'FEMALE', 'Patel', 322.0); 
INSERT INTO person VALUES (2423246330, 'Olivia', 'FEMALE', 'Taylor', 1881.0); 
INSERT INTO person VALUES (306644006, 'Judy', 'FEMALE', 'Gray', 160.0); 
INSERT INTO person VALUES (9532159503, 'Jeffrey', 'MALE', 'Holmes', 317.0); 
INSERT INTO person VALUES (3266364904, 'Madison', 'FEMALE', 'Smith', 1666.0); 
INSERT INTO person VALUES (6934940196, 'Vincent', 'MALE', 'Price', 788.0); 
INSERT INTO person VALUES (919314134, 'Karen', 'FEMALE', 'Thompson', 533.0); 
INSERT INTO person VALUES (8420479599, 'Eric', 'MALE', 'Reynolds', 1375.0); 
INSERT INTO person VALUES (6593799300, 'Emily', 'FEMALE', 'Wilson', 701.0); 
INSERT INTO person VALUES (2992331583, 'Rose', 'FEMALE', 'Parker', 1415.0); 
INSERT INTO person VALUES (8307940777, 'Karen', 'FEMALE', 'Ward', 1053.0); 
INSERT INTO person VALUES (82559367, 'George', 'MALE', 'Edwards', 978.0); 
INSERT INTO person VALUES (869160339, 'Ryan', 'MALE', 'Young', 660.0); 
INSERT INTO person VALUES (3958984400, 'Martha', 'FEMALE', 'Stewart', 1847.0); 
INSERT INTO person VALUES (680876914, 'Edward', 'MALE', 'Jones', 40.0); 
INSERT INTO person VALUES (8496342299, 'Johnny', 'MALE', 'Saunders', 159.0); 
INSERT INTO person VALUES (2304132190, 'Austin', 'MALE', 'Taylor', 755.0); 
INSERT INTO person VALUES (6226919425, 'Marilyn', 'FEMALE', 'Parker', 1958.0); 
INSERT INTO person VALUES (5787140528, 'Vincent', 'MALE', 'Shaw', 1626.0); 
INSERT INTO person VALUES (1156630255, 'Jose', 'MALE', 'Murphy', 649.0); 
INSERT INTO person VALUES (3043173038, 'Christian', 'MALE', 'Phillips', 371.0); 
INSERT INTO person VALUES (2699921505, 'Sarah', 'FEMALE', 'Robinson', 1627.0); 
INSERT INTO person VALUES (530561502, 'Alexis', 'FEMALE', 'Harrison', 1314.0); 
INSERT INTO person VALUES (9703128292, 'Roy', 'MALE', 'Graham', 1601.0); 
INSERT INTO person VALUES (687338709, 'Grace', 'FEMALE', 'Baker', 1933.0); 
INSERT INTO person VALUES (8656438135, 'Donna', 'FEMALE', 'James', 1024.0); 
INSERT INTO person VALUES (7081540601, 'Judy', 'FEMALE', 'Hunt', 495.0); 
INSERT INTO person VALUES (2790120853, 'Roger', 'MALE', 'Thomas', 1114.0); 
INSERT INTO person VALUES (5031483398, 'Diana', 'FEMALE', 'Matthews', 428.0); 
INSERT INTO person VALUES (8713290265, 'Arthur', 'MALE', 'Campbell', 102.0); 
INSERT INTO person VALUES (5250724628, 'Donna', 'FEMALE', 'Mitchell', 818.0); 
INSERT INTO person VALUES (2167313965, 'Betty', 'FEMALE', 'Moore', 1605.0); 
INSERT INTO person VALUES (162928016, 'Amber', 'FEMALE', 'Griffiths', 946.0); 
INSERT INTO person VALUES (1488870302, 'Marie', 'FEMALE', 'Robinson', 864.0); 
INSERT INTO person VALUES (5547613798, 'Logan', 'MALE', 'Price', 1282.0); 
INSERT INTO person VALUES (6531810276, 'Martha', 'FEMALE', 'Richardson', 1479.0); 
INSERT INTO person VALUES (5596601744, 'Ann', 'FEMALE', 'Collins', 662.0); 
INSERT INTO person VALUES (8040362616, 'Jennifer', 'FEMALE', 'Watson', 1392.0); 
INSERT INTO person VALUES (4582485494, 'Cheryl', 'FEMALE', 'Robertson', 794.0); 
INSERT INTO person VALUES (2095722275, 'Carl', 'MALE', 'Lee', 569.0); 
INSERT INTO person VALUES (6875933647, 'Sean', 'MALE', 'Ellis', 242.0); 
INSERT INTO person VALUES (1197788448, 'Joseph', 'MALE', 'Owen', 193.0); 
INSERT INTO person VALUES (733143016, 'Barbara', 'FEMALE', 'Rogers', 949.0); 
INSERT INTO person VALUES (6183323740, 'Zachary', 'MALE', 'Kennedy', 235.0); 
INSERT INTO person VALUES (920298748, 'Cheryl', 'FEMALE', 'Miller', 229.0); 
INSERT INTO person VALUES (5438349993, 'George', 'MALE', 'Walker', 1144.0); 
INSERT INTO person VALUES (6604878594, 'Judy', 'FEMALE', 'Russell', 1646.0); 
INSERT INTO person VALUES (2310390452, 'Zachary', 'MALE', 'Roberts', 179.0); 
INSERT INTO person VALUES (3530606758, 'Pamela', 'FEMALE', 'Thomas', 840.0); 
INSERT INTO person VALUES (1178627529, 'Russell', 'MALE', 'Saunders', 764.0); 
INSERT INTO person VALUES (1884176824, 'Tiffany', 'FEMALE', 'Mason', 283.0); 
INSERT INTO person VALUES (385138430, 'Donald', 'MALE', 'Lee', 1161.0); 
INSERT INTO person VALUES (294761688, 'Carl', 'MALE', 'Butler', 1552.0); 
INSERT INTO person VALUES (3007668779, 'Richard', 'MALE', 'Taylor', 1711.0); 
INSERT INTO person VALUES (2595577889, 'Bobby', 'MALE', 'Hall', 757.0); 
INSERT INTO person VALUES (8680931417, 'Amanda', 'FEMALE', 'Collins', 1732.0); 
INSERT INTO person VALUES (9457716852, 'James', 'MALE', 'Hall', 151.0); 
INSERT INTO person VALUES (8702901355, 'Noah', 'MALE', 'Stewart', 715.0); 
INSERT INTO person VALUES (2561769301, 'Benjamin', 'MALE', 'Taylor', 1114.0); 
INSERT INTO person VALUES (8951199094, 'Eric', 'MALE', 'Morgan', 1216.0); 
INSERT INTO person VALUES (7780702336, 'Kyle', 'MALE', 'Holmes', 1164.0); 
INSERT INTO person VALUES (467996934, 'Kelly', 'FEMALE', 'Moore', 752.0); 
INSERT INTO person VALUES (8237680607, 'Doris', 'FEMALE', 'Williams', 1330.0); 
INSERT INTO person VALUES (8559783440, 'Amy', 'FEMALE', 'Allen', 717.0); 
INSERT INTO person VALUES (2000210762, 'Jeffrey', 'MALE', 'Hall', 1580.0); 
INSERT INTO person VALUES (3952319936, 'Gregory', 'MALE', 'Mitchell', 169.0); 
INSERT INTO person VALUES (3134117374, 'Jerry', 'MALE', 'Powell', 273.0); 
INSERT INTO person VALUES (5755212910, 'Alexis', 'FEMALE', 'Allen', 326.0); 
INSERT INTO person VALUES (9142492242, 'Jerry', 'MALE', 'Taylor', 1027.0); 
INSERT INTO person VALUES (4608903833, 'Kimberly', 'FEMALE', 'Simpson', 1454.0); 
INSERT INTO person VALUES (4780288960, 'Lawrence', 'MALE', 'Lee', 700.0); 
INSERT INTO person VALUES (9895992581, 'Amanda', 'FEMALE', 'Harrison', 1503.0); 
INSERT INTO person VALUES (8639630691, 'Victoria', 'FEMALE', 'Baker', 372.0); 
INSERT INTO person VALUES (38414809, 'Daniel', 'MALE', 'Thompson', 188.0); 
INSERT INTO person VALUES (8521958981, 'Jonathan', 'MALE', 'White', 962.0); 
INSERT INTO person VALUES (9333893124, 'Noah', 'MALE', 'Evans', 12.0); 
INSERT INTO person VALUES (7951751214, 'Jose', 'MALE', 'Khan', 954.0); 
INSERT INTO person VALUES (9942285335, 'Daniel', 'MALE', 'Adams', 1234.0); 
INSERT INTO person VALUES (4543878053, 'Samantha', 'FEMALE', 'Young', 1517.0); 
INSERT INTO person VALUES (2117422436, 'Jonathan', 'MALE', 'Jackson', 949.0); 
INSERT INTO person VALUES (1214542072, 'Ashley', 'FEMALE', 'Robertson', 445.0); 
INSERT INTO person VALUES (8174329361, 'Diane', 'FEMALE', 'Richards', 1182.0); 
INSERT INTO person VALUES (559745298, 'Robert', 'MALE', 'Murray', 1562.0); 
INSERT INTO person VALUES (2299671032, 'Judith', 'FEMALE', 'Scott', 1153.0); 
INSERT INTO person VALUES (734664759, 'Theresa', 'FEMALE', 'Hill', 613.0); 
INSERT INTO person VALUES (1007686119, 'Lawrence', 'MALE', 'Butler', 2011.0); 
INSERT INTO person VALUES (2798188267, 'James', 'MALE', 'Richards', 1957.0); 
INSERT INTO person VALUES (2448535712, 'Bobby', 'MALE', 'Murphy', 481.0); 
INSERT INTO person VALUES (9945772036, 'Stephen', 'MALE', 'Evans', 1167.0); 
INSERT INTO person VALUES (5009881194, 'Lori', 'FEMALE', 'Murray', 1250.0); 
INSERT INTO person VALUES (2150150350, 'Julia', 'FEMALE', 'Fox', 1934.0); 
INSERT INTO person VALUES (722245801, 'Rebecca', 'FEMALE', 'Jones', 1513.0); 
INSERT INTO person VALUES (6373756272, 'Nathan', 'MALE', 'Powell', 1348.0); 
INSERT INTO person VALUES (4399841328, 'Dylan', 'MALE', 'Cox', 1974.0); 
INSERT INTO person VALUES (620630404, 'Sandra', 'FEMALE', 'Chapman', 1236.0); 
INSERT INTO person VALUES (3766142190, 'Judy', 'FEMALE', 'Stewart', 571.0); 
INSERT INTO person VALUES (7451509270, 'Anthony', 'MALE', 'Scott', 1688.0); 
INSERT INTO person VALUES (983853545, 'Benjamin', 'MALE', 'Campbell', 1585.0); 
INSERT INTO person VALUES (5584931254, 'Rachel', 'FEMALE', 'Edwards', 492.0); 
INSERT INTO person VALUES (2098791681, 'Kenneth', 'MALE', 'Patel', 270.0); 
INSERT INTO person VALUES (2354889759, 'Victoria', 'FEMALE', 'Harrison', 563.0); 
INSERT INTO person VALUES (6996619533, 'Johnny', 'MALE', 'Brown', 711.0); 
INSERT INTO person VALUES (5771441861, 'Cynthia', 'FEMALE', 'Taylor', 46.0); 
INSERT INTO person VALUES (2658757567, 'Noah', 'MALE', 'Palmer', 1434.0); 
INSERT INTO person VALUES (5465566049, 'Catherine', 'FEMALE', 'Walker', 1564.0); 
INSERT INTO person VALUES (6851722808, 'Carol', 'FEMALE', 'Collins', 28.0); 
INSERT INTO person VALUES (3369502402, 'Harold', 'MALE', 'Bennett', 702.0); 
INSERT INTO person VALUES (8762692136, 'Jessica', 'FEMALE', 'Khan', 975.0); 
INSERT INTO person VALUES (3241928869, 'Carl', 'MALE', 'Williams', 544.0); 
INSERT INTO person VALUES (1393999066, 'Jordan', 'MALE', 'Russell', 1088.0); 
INSERT INTO person VALUES (118382130, 'Jeffrey', 'MALE', 'Powell', 559.0); 
INSERT INTO person VALUES (8785467754, 'Vincent', 'MALE', 'Griffiths', 1647.0); 
INSERT INTO person VALUES (9426353211, 'Juan', 'MALE', 'Lee', 1417.0); 
INSERT INTO person VALUES (7397879184, 'Alexis', 'FEMALE', 'Johnson', 1336.0); 
INSERT INTO person VALUES (2392836842, 'Joshua', 'MALE', 'Richardson', 1278.0); 
INSERT INTO person VALUES (6625820415, 'Evelyn', 'FEMALE', 'Scott', 805.0); 
INSERT INTO person VALUES (6376728017, 'Aaron', 'MALE', 'Richards', 995.0); 
INSERT INTO person VALUES (5772759744, 'Beverly', 'FEMALE', 'Price', 1989.0); 
INSERT INTO person VALUES (3118605894, 'Evelyn', 'FEMALE', 'Parker', 927.0); 
INSERT INTO person VALUES (9206443112, 'Ashley', 'FEMALE', 'Ward', 1153.0); 
INSERT INTO person VALUES (8657368875, 'Louis', 'MALE', 'Hall', 1753.0); 
INSERT INTO person VALUES (4189847487, 'Dorothy', 'FEMALE', 'Campbell', 1766.0); 
INSERT INTO person VALUES (4720558165, 'Charles', 'MALE', 'Fox', 2008.0); 
INSERT INTO person VALUES (6609636111, 'Joseph', 'MALE', 'Green', 1421.0); 
INSERT INTO person VALUES (2636781383, 'Lawrence', 'MALE', 'Martin', 226.0); 
INSERT INTO person VALUES (3721722018, 'Ashley', 'FEMALE', 'Harris', 1037.0); 
INSERT INTO person VALUES (35712007, 'Steven', 'MALE', 'Bennett', 133.0); 
INSERT INTO person VALUES (3780497205, 'Madison', 'FEMALE', 'Hill', 1367.0); 
INSERT INTO person VALUES (2324251668, 'Evelyn', 'FEMALE', 'Stevens', 615.0); 
INSERT INTO person VALUES (445165141, 'Karen', 'FEMALE', 'Hunt', 27.0); 
INSERT INTO person VALUES (868336143, 'Noah', 'MALE', 'King', 506.0); 
INSERT INTO person VALUES (2683417224, 'Janet', 'FEMALE', 'Young', 1727.0); 
INSERT INTO person VALUES (7376905563, 'Andrew', 'MALE', 'Richardson', 1818.0); 
INSERT INTO person VALUES (1989615574, 'Billy', 'MALE', 'Harris', 359.0); 
INSERT INTO person VALUES (3989736634, 'Cheryl', 'FEMALE', 'Jackson', 994.0); 
INSERT INTO person VALUES (295334567, 'Jane', 'FEMALE', 'Murphy', 1716.0); 
INSERT INTO person VALUES (3860699243, 'Timothy', 'MALE', 'Morris', 1470.0); 
INSERT INTO person VALUES (5345424397, 'Linda', 'FEMALE', 'Campbell', 1380.0); 
INSERT INTO person VALUES (3861949445, 'Nicole', 'FEMALE', 'Campbell', 582.0); 
INSERT INTO person VALUES (856797267, 'Alan', 'MALE', 'Rogers', 703.0); 
INSERT INTO person VALUES (2137781657, 'Roy', 'MALE', 'Mason', 1701.0); 
INSERT INTO person VALUES (6716909424, 'Ryan', 'MALE', 'Powell', 861.0); 
INSERT INTO person VALUES (9867988837, 'Jean', 'FEMALE', 'Bailey', 1666.0); 
INSERT INTO person VALUES (434382025, 'Ronald', 'MALE', 'Griffiths', 630.0); 
INSERT INTO person VALUES (9061802884, 'Adam', 'MALE', 'Saunders', 367.0); 
INSERT INTO person VALUES (538235807, 'Jordan', 'MALE', 'Ross', 597.0); 
INSERT INTO person VALUES (4892628664, 'Judith', 'FEMALE', 'Hughes', 398.0); 
INSERT INTO person VALUES (8035426946, 'Willie', 'MALE', 'Cox', 214.0); 
INSERT INTO person VALUES (355032578, 'Carolyn', 'FEMALE', 'Watson', 436.0); 
INSERT INTO person VALUES (1110185518, 'Vincent', 'MALE', 'Harris', 1542.0); 
INSERT INTO person VALUES (8309316887, 'Virginia', 'FEMALE', 'Lee', 1181.0); 
INSERT INTO person VALUES (235348117, 'Mary', 'FEMALE', 'Wilson', 1338.0); 
INSERT INTO person VALUES (5545598962, 'Anna', 'FEMALE', 'Davies', 1515.0); 
INSERT INTO person VALUES (7259919975, 'Frances', 'FEMALE', 'Matthews', 1400.0); 
INSERT INTO person VALUES (3914542977, 'Margaret', 'FEMALE', 'Walsh', 494.0); 
INSERT INTO person VALUES (561729946, 'Megan', 'FEMALE', 'Ellis', 241.0); 
INSERT INTO person VALUES (8398761354, 'Paul', 'MALE', 'Phillips', 324.0); 
INSERT INTO person VALUES (113887898, 'Donald', 'MALE', 'Reynolds', 530.0); 
INSERT INTO person VALUES (3107743577, 'Jack', 'MALE', 'Walker', 206.0); 
INSERT INTO person VALUES (1164905128, 'Lisa', 'FEMALE', 'Scott', 894.0); 
INSERT INTO person VALUES (3767888029, 'Ryan', 'MALE', 'Price', 739.0); 
INSERT INTO person VALUES (8847584627, 'Vincent', 'MALE', 'Simpson', 1951.0); 
INSERT INTO person VALUES (983543690, 'Lori', 'FEMALE', 'Bennett', 846.0); 
INSERT INTO person VALUES (5197372344, 'Pamela', 'FEMALE', 'Ellis', 1939.0); 
INSERT INTO person VALUES (6265726212, 'Martha', 'FEMALE', 'Watson', 500.0); 
INSERT INTO person VALUES (38529438, 'Donna', 'FEMALE', 'Chapman', 1121.0); 
INSERT INTO person VALUES (4416498828, 'Louis', 'MALE', 'Martin', 1123.0); 
INSERT INTO person VALUES (431138270, 'Roger', 'MALE', 'Owen', 544.0); 
INSERT INTO person VALUES (2290622339, 'Anna', 'FEMALE', 'Walsh', 1259.0); 
INSERT INTO person VALUES (1606694029, 'Raymond', 'MALE', 'Mason', 958.0); 
INSERT INTO person VALUES (6660527973, 'Samantha', 'FEMALE', 'Stewart', 1559.0); 
INSERT INTO person VALUES (6285915197, 'Jessica', 'FEMALE', 'Roberts', 1799.0); 
INSERT INTO person VALUES (3721578222, 'Dorothy', 'FEMALE', 'Young', 1680.0); 
INSERT INTO person VALUES (3702688194, 'Martha', 'FEMALE', 'Evans', 85.0); 
INSERT INTO person VALUES (2599907864, 'Samuel', 'MALE', 'Parker', 1866.0); 
INSERT INTO person VALUES (1698656554, 'Linda', 'FEMALE', 'Shaw', 539.0); 
INSERT INTO person VALUES (2501412563, 'Grace', 'FEMALE', 'Collins', 233.0); 
INSERT INTO person VALUES (8183287777, 'Harold', 'MALE', 'Taylor', 1926.0); 
INSERT INTO person VALUES (230636042, 'Jessica', 'FEMALE', 'Turner', 1853.0); 
INSERT INTO person VALUES (8400169827, 'Walter', 'MALE', 'Gray', 1505.0); 
INSERT INTO person VALUES (6495837289, 'Ann', 'FEMALE', 'Clarke', 54.0); 
INSERT INTO person VALUES (4047375399, 'Kelly', 'FEMALE', 'Ellis', 1351.0); 
INSERT INTO person VALUES (8302163233, 'Noah', 'MALE', 'Thomson', 910.0); 
INSERT INTO person VALUES (9792509872, 'Dennis', 'MALE', 'Allen', 185.0); 
INSERT INTO person VALUES (476954493, 'Philip', 'MALE', 'Lewis', 1326.0); 
INSERT INTO person VALUES (3445255998, 'Rebecca', 'FEMALE', 'Lee', 1755.0); 
INSERT INTO person VALUES (3588945091, 'Willie', 'MALE', 'Ward', 720.0); 
INSERT INTO person VALUES (244525328, 'Jack', 'MALE', 'Clarke', 1441.0); 
INSERT INTO person VALUES (8582532260, 'Angela', 'FEMALE', 'Evans', 1353.0); 
INSERT INTO person VALUES (1776607127, 'Russell', 'MALE', 'Khan', 686.0); 
INSERT INTO person VALUES (3341968960, 'Angela', 'FEMALE', 'Harris', 678.0); 
INSERT INTO person VALUES (5566306817, 'Jeremy', 'MALE', 'Thomas', 1932.0); 
INSERT INTO person VALUES (6183426506, 'Shirley', 'FEMALE', 'Parker', 927.0); 
INSERT INTO person VALUES (570827996, 'Amy', 'FEMALE', 'Russell', 1410.0); 
INSERT INTO person VALUES (3011373242, 'Sara', 'FEMALE', 'Anderson', 1066.0); 
INSERT INTO person VALUES (8715567843, 'Jessica', 'FEMALE', 'Johnson', 1424.0); 
INSERT INTO person VALUES (9713680938, 'Hannah', 'FEMALE', 'Richards', 941.0); 
INSERT INTO person VALUES (4992261670, 'Christopher', 'MALE', 'Morris', 1818.0); 
INSERT INTO person VALUES (9461295119, 'Diane', 'FEMALE', 'Robinson', 1260.0); 
INSERT INTO person VALUES (9550177789, 'Betty', 'FEMALE', 'Harrison', 483.0); 
INSERT INTO person VALUES (2718158577, 'Joan', 'FEMALE', 'Morris', 222.0); 
INSERT INTO person VALUES (7418681359, 'Shirley', 'FEMALE', 'Young', 1404.0); 
INSERT INTO person VALUES (9797156797, 'James', 'MALE', 'King', 1299.0); 
INSERT INTO person VALUES (1457161122, 'Sharon', 'FEMALE', 'Johnson', 98.0); 
INSERT INTO person VALUES (515535791, 'Larry', 'MALE', 'Wilkinson', 740.0); 
INSERT INTO person VALUES (1365554647, 'Thomas', 'MALE', 'Miller', 452.0); 
INSERT INTO person VALUES (4543731090, 'Diane', 'FEMALE', 'Rogers', 1312.0); 
INSERT INTO person VALUES (5498477901, 'Doris', 'FEMALE', 'Campbell', 1680.0); 
INSERT INTO person VALUES (769123614, 'Austin', 'MALE', 'Reynolds', 1955.0); 
INSERT INTO person VALUES (7053928579, 'Marilyn', 'FEMALE', 'Lee', 431.0); 
INSERT INTO person VALUES (7941514082, 'Tiffany', 'FEMALE', 'Mason', 1722.0); 
INSERT INTO person VALUES (2335807914, 'Dorothy', 'FEMALE', 'Scott', 1248.0); 
INSERT INTO person VALUES (4273771113, 'Tyler', 'MALE', 'Harris', 1692.0); 
INSERT INTO person VALUES (5817713881, 'Hannah', 'FEMALE', 'Walsh', 1721.0); 
INSERT INTO person VALUES (8330175795, 'Alexander', 'MALE', 'Holmes', 1076.0); 
INSERT INTO person VALUES (7497374229, 'Sharon', 'FEMALE', 'Gray', 78.0); 
INSERT INTO person VALUES (601551908, 'Philip', 'MALE', 'Marshall', 224.0); 
INSERT INTO person VALUES (6477688197, 'Carl', 'MALE', 'Wright', 1710.0); 
INSERT INTO person VALUES (5747759144, 'Willie', 'MALE', 'Stevens', 493.0); 
INSERT INTO person VALUES (769861703, 'Gabriel', 'MALE', 'Saunders', 1120.0); 
INSERT INTO person VALUES (680037448, 'Diana', 'FEMALE', 'Hunter', 743.0); 
INSERT INTO person VALUES (9255686075, 'Katherine', 'FEMALE', 'Thomas', 378.0); 
INSERT INTO person VALUES (2241853194, 'Peter', 'MALE', 'Walsh', 923.0); 
INSERT INTO person VALUES (6743711924, 'Nathan', 'MALE', 'Lee', 1803.0); 
INSERT INTO person VALUES (9633219462, 'Theresa', 'FEMALE', 'Martin', 708.0); 
INSERT INTO person VALUES (543197522, 'Doris', 'FEMALE', 'Price', 1528.0); 
INSERT INTO person VALUES (2684178605, 'Olivia', 'FEMALE', 'Young', 1394.0); 
INSERT INTO person VALUES (70338337, 'Julia', 'FEMALE', 'Carter', 736.0); 
INSERT INTO person VALUES (8266559031, 'Emma', 'FEMALE', 'Gray', 1453.0); 
INSERT INTO person VALUES (6340957327, 'Julia', 'FEMALE', 'Hill', 500.0); 
INSERT INTO person VALUES (338891312, 'Adam', 'MALE', 'Wood', 1590.0); 
INSERT INTO person VALUES (6634803734, 'Ralph', 'MALE', 'Wood', 194.0); 
INSERT INTO person VALUES (4632211003, 'Sean', 'MALE', 'Carter', 1092.0); 
INSERT INTO person VALUES (8158873934, 'Abigail', 'FEMALE', 'Butler', 238.0); 
INSERT INTO person VALUES (1863434943, 'Noah', 'MALE', 'Hughes', 1061.0); 
INSERT INTO person VALUES (247587066, 'Katherine', 'FEMALE', 'Davis', 1967.0); 
INSERT INTO person VALUES (8528700054, 'Joan', 'FEMALE', 'Jackson', 888.0); 
INSERT INTO person VALUES (2806819490, 'Edward', 'MALE', 'Morris', 947.0); 
INSERT INTO person VALUES (1027953087, 'Kevin', 'MALE', 'Simpson', 531.0); 
INSERT INTO person VALUES (730337451, 'Harold', 'MALE', 'Williams', 2033.0); 
INSERT INTO person VALUES (3192208432, 'Judy', 'FEMALE', 'Richardson', 739.0); 
INSERT INTO person VALUES (6612381827, 'Pamela', 'FEMALE', 'Hughes', 1012.0); 
INSERT INTO person VALUES (8974109480, 'Alan', 'MALE', 'Walsh', 1353.0); 
INSERT INTO person VALUES (1774770537, 'Robert', 'MALE', 'Rose', 1763.0); 
INSERT INTO person VALUES (9847675510, 'Doris', 'FEMALE', 'Baker', 1697.0); 
INSERT INTO person VALUES (5345664443, 'Ralph', 'MALE', 'Lee', 1916.0); 
INSERT INTO person VALUES (1555657323, 'Benjamin', 'MALE', 'Smith', 1770.0); 
INSERT INTO person VALUES (3232445822, 'James', 'MALE', 'Martin', 643.0); 
INSERT INTO person VALUES (2708605520, 'Ashley', 'FEMALE', 'Adams', 993.0); 
INSERT INTO person VALUES (3390612203, 'Paul', 'MALE', 'Adams', 909.0); 
INSERT INTO person VALUES (988248360, 'Jason', 'MALE', 'Price', 1268.0); 
INSERT INTO person VALUES (9591373257, 'Mary', 'FEMALE', 'Taylor', 1479.0); 
INSERT INTO person VALUES (3452832422, 'Amanda', 'FEMALE', 'Hunt', 813.0); 
INSERT INTO person VALUES (9549138273, 'Carolyn', 'FEMALE', 'Holmes', 671.0); 
INSERT INTO person VALUES (9872778016, 'Benjamin', 'MALE', 'Harrison', 19.0); 
INSERT INTO person VALUES (73633461, 'Zachary', 'MALE', 'Davies', 804.0); 
INSERT INTO person VALUES (746999607, 'Stephanie', 'FEMALE', 'Allen', 870.0); 
INSERT INTO person VALUES (2256531958, 'Margaret', 'FEMALE', 'Chapman', 1788.0); 
INSERT INTO person VALUES (45124801, 'Richard', 'MALE', 'Scott', 817.0); 
INSERT INTO person VALUES (4499508077, 'Jacqueline', 'FEMALE', 'Stevens', 1809.0); 
INSERT INTO person VALUES (6048177217, 'Harry', 'MALE', 'Bailey', 602.0); 
INSERT INTO person VALUES (3942237421, 'Pamela', 'FEMALE', 'Hunt', 159.0); 
INSERT INTO person VALUES (940460351, 'Catherine', 'FEMALE', 'Adams', 308.0); 
INSERT INTO person VALUES (9311705282, 'Janice', 'FEMALE', 'Young', 945.0); 
INSERT INTO person VALUES (1585861106, 'Timothy', 'MALE', 'Parker', 1587.0); 
INSERT INTO person VALUES (2843109891, 'Dorothy', 'FEMALE', 'Cook', 1758.0); 
INSERT INTO person VALUES (3693880901, 'Dylan', 'MALE', 'Baker', 841.0); 
INSERT INTO person VALUES (1590960209, 'Anna', 'FEMALE', 'Moore', 1282.0); 
INSERT INTO person VALUES (201575049, 'Jerry', 'MALE', 'Thomas', 1061.0); 
INSERT INTO person VALUES (577678810, 'Maria', 'FEMALE', 'Ward', 1649.0); 
INSERT INTO person VALUES (7047941634, 'Timothy', 'MALE', 'Wright', 224.0); 
INSERT INTO person VALUES (190490983, 'Richard', 'MALE', 'Parker', 1854.0); 
INSERT INTO person VALUES (9555431573, 'Kathleen', 'FEMALE', 'Bell', 1195.0); 
INSERT INTO person VALUES (5527776461, 'Frances', 'FEMALE', 'Parker', 1826.0); 
INSERT INTO person VALUES (3766762275, 'Ann', 'FEMALE', 'White', 1610.0); 
INSERT INTO person VALUES (3061998323, 'Anthony', 'MALE', 'Marshall', 474.0); 
INSERT INTO person VALUES (5056296821, 'Adam', 'MALE', 'Scott', 1533.0); 
INSERT INTO person VALUES (5236125993, 'Maria', 'FEMALE', 'Mitchell', 11.0); 
INSERT INTO person VALUES (4196515458, 'Alice', 'FEMALE', 'Ward', 1121.0); 
INSERT INTO person VALUES (4530410135, 'Christine', 'FEMALE', 'Thomas', 1445.0); 
INSERT INTO person VALUES (6868651149, 'Kathryn', 'FEMALE', 'Price', 1953.0); 
INSERT INTO person VALUES (5820124332, 'Denise', 'FEMALE', 'Williams', 1714.0); 
INSERT INTO person VALUES (1435308812, 'Sarah', 'FEMALE', 'Lewis', 1517.0); 
INSERT INTO person VALUES (1652392241, 'Benjamin', 'MALE', 'Lloyd', 307.0); 
INSERT INTO person VALUES (6321839724, 'Grace', 'FEMALE', 'Moore', 123.0); 
INSERT INTO person VALUES (2724103350, 'Austin', 'MALE', 'Richardson', 720.0); 
INSERT INTO person VALUES (9156727370, 'Joshua', 'MALE', 'Davis', 883.0); 
INSERT INTO person VALUES (4575772371, 'Amanda', 'FEMALE', 'Price', 939.0); 
INSERT INTO person VALUES (6129166126, 'Sean', 'MALE', 'Mitchell', 492.0); 
INSERT INTO person VALUES (5067806731, 'Justin', 'MALE', 'Ward', 111.0); 
INSERT INTO person VALUES (42114827, 'Logan', 'MALE', 'Evans', 1789.0); 
INSERT INTO person VALUES (4341656770, 'Marie', 'FEMALE', 'Taylor', 1659.0); 
INSERT INTO person VALUES (6979197047, 'Joan', 'FEMALE', 'Cook', 1957.0); 
INSERT INTO person VALUES (5269680365, 'Eric', 'MALE', 'Jackson', 674.0); 
INSERT INTO person VALUES (421940327, 'Theresa', 'FEMALE', 'Gray', 945.0); 
INSERT INTO person VALUES (2493157242, 'David', 'MALE', 'Phillips', 1391.0); 
INSERT INTO person VALUES (218717444, 'Angela', 'FEMALE', 'Morris', 750.0); 
INSERT INTO person VALUES (6680840654, 'Brian', 'MALE', 'Mitchell', 881.0); 
INSERT INTO person VALUES (2563421888, 'Peter', 'MALE', 'Reynolds', 1155.0); 
INSERT INTO person VALUES (6159291203, 'Laura', 'FEMALE', 'Lee', 1831.0); 
INSERT INTO person VALUES (26503043, 'Laura', 'FEMALE', 'Murray', 981.0); 
INSERT INTO person VALUES (4535258018, 'Jesse', 'MALE', 'Holmes', 1927.0); 
INSERT INTO person VALUES (9262458218, 'Pamela', 'FEMALE', 'Morgan', 1587.0); 
INSERT INTO person VALUES (2678768247, 'Amanda', 'FEMALE', 'Harris', 621.0); 
INSERT INTO person VALUES (4760460885, 'Gerald', 'MALE', 'Stewart', 335.0); 
INSERT INTO person VALUES (9681771944, 'Aaron', 'MALE', 'Jones', 697.0); 
INSERT INTO person VALUES (1680857608, 'Gloria', 'FEMALE', 'Walsh', 1721.0); 
INSERT INTO person VALUES (651734015, 'Wayne', 'MALE', 'King', 192.0); 
INSERT INTO person VALUES (8081228649, 'Madison', 'FEMALE', 'Scott', 534.0); 
INSERT INTO person VALUES (26139311, 'Anthony', 'MALE', 'Allen', 1414.0); 
INSERT INTO person VALUES (3157845743, 'Dennis', 'MALE', 'Owen', 842.0); 
INSERT INTO person VALUES (6467505575, 'Jonathan', 'MALE', 'Jackson', 1095.0); 
INSERT INTO person VALUES (85519753, 'Kathleen', 'FEMALE', 'Morgan', 1520.0); 
INSERT INTO person VALUES (3807409287, 'Elizabeth', 'FEMALE', 'Jones', 1464.0); 
INSERT INTO person VALUES (618383677, 'Mary', 'FEMALE', 'Davies', 802.0); 
INSERT INTO person VALUES (2927402288, 'Evelyn', 'FEMALE', 'Bell', 1382.0); 
INSERT INTO person VALUES (3667353820, 'Brandon', 'MALE', 'Cooper', 1665.0); 
INSERT INTO person VALUES (102215985, 'Daniel', 'MALE', 'Martin', 292.0); 
INSERT INTO person VALUES (9120932916, 'Grace', 'FEMALE', 'Taylor', 639.0); 
INSERT INTO person VALUES (3424952098, 'Lawrence', 'MALE', 'Knight', 1079.0); 
INSERT INTO person VALUES (8271320814, 'Carl', 'MALE', 'Cooper', 603.0); 
INSERT INTO person VALUES (294284138, 'Jack', 'MALE', 'Murphy', 1574.0); 
INSERT INTO person VALUES (9528466410, 'Vincent', 'MALE', 'Jones', 1173.0); 
INSERT INTO person VALUES (949935398, 'Steven', 'MALE', 'Murray', 870.0); 
INSERT INTO person VALUES (3496192274, 'Timothy', 'MALE', 'Knight', 973.0); 
INSERT INTO person VALUES (5136553420, 'Jack', 'MALE', 'Young', 1469.0); 
INSERT INTO person VALUES (1062242486, 'Brittany', 'FEMALE', 'Russell', 1844.0); 
INSERT INTO person VALUES (9519517135, 'Adam', 'MALE', 'King', 1033.0); 
INSERT INTO person VALUES (1804514284, 'Louis', 'MALE', 'Carter', 1720.0); 
INSERT INTO person VALUES (6115643626, 'Gloria', 'FEMALE', 'Walker', 156.0); 
INSERT INTO person VALUES (8871133105, 'Virginia', 'FEMALE', 'Kennedy', 1246.0); 
INSERT INTO person VALUES (96612492, 'Kathryn', 'FEMALE', 'Wilkinson', 1442.0); 
INSERT INTO person VALUES (8818794418, 'Virginia', 'FEMALE', 'Jackson', 1430.0); 
INSERT INTO person VALUES (2210905795, 'Justin', 'MALE', 'Cox', 1181.0); 
INSERT INTO person VALUES (505428546, 'Barbara', 'FEMALE', 'Cox', 1001.0); 
INSERT INTO person VALUES (3355632525, 'Roy', 'MALE', 'Lee', 621.0); 
INSERT INTO person VALUES (5989528644, 'Kevin', 'MALE', 'Parker', 1697.0); 
INSERT INTO person VALUES (7849633455, 'Virginia', 'FEMALE', 'Evans', 14.0); 
INSERT INTO person VALUES (539127483, 'Ann', 'FEMALE', 'Walsh', 678.0); 
INSERT INTO person VALUES (8530363290, 'Jack', 'MALE', 'Johnson', 1529.0); 
INSERT INTO person VALUES (3420104245, 'Jean', 'FEMALE', 'Holmes', 1414.0); 
INSERT INTO person VALUES (8340243499, 'Harry', 'MALE', 'Davis', 1375.0); 
INSERT INTO person VALUES (6151764627, 'Timothy', 'MALE', 'Campbell', 31.0); 
INSERT INTO person VALUES (4058145539, 'Brenda', 'FEMALE', 'Matthews', 969.0); 
INSERT INTO person VALUES (585961064, 'Rebecca', 'FEMALE', 'Brown', 1229.0); 
INSERT INTO person VALUES (2091377847, 'Amy', 'FEMALE', 'Phillips', 1579.0); 
INSERT INTO person VALUES (9235827494, 'Ruth', 'FEMALE', 'Harris', 276.0); 
INSERT INTO person VALUES (688441736, 'Sarah', 'FEMALE', 'Graham', 903.0); 
INSERT INTO person VALUES (9824295977, 'Denise', 'FEMALE', 'Robinson', 1150.0); 
INSERT INTO person VALUES (47524849, 'Paul', 'MALE', 'Hunter', 775.0); 
INSERT INTO person VALUES (650769534, 'Joyce', 'FEMALE', 'Brown', 1897.0); 
INSERT INTO person VALUES (6974303157, 'Marie', 'FEMALE', 'Davis', 803.0); 
INSERT INTO person VALUES (395554210, 'Keith', 'MALE', 'Richardson', 190.0); 
INSERT INTO person VALUES (6509913538, 'Kathleen', 'FEMALE', 'Green', 1103.0); 
INSERT INTO person VALUES (4894838767, 'Ronald', 'MALE', 'King', 54.0); 
INSERT INTO person VALUES (5953682041, 'Zachary', 'MALE', 'Young', 359.0); 
INSERT INTO person VALUES (7776966240, 'Raymond', 'MALE', 'Wilson', 968.0); 
INSERT INTO person VALUES (7943794138, 'Nancy', 'FEMALE', 'Kelly', 594.0); 
INSERT INTO person VALUES (1664209234, 'Ethan', 'MALE', 'Green', 424.0); 
INSERT INTO person VALUES (5801972253, 'Ashley', 'FEMALE', 'Patel', 92.0); 
INSERT INTO person VALUES (6274960230, 'Kimberly', 'FEMALE', 'Miller', 717.0); 
INSERT INTO person VALUES (6382984885, 'Billy', 'MALE', 'Collins', 743.0); 
INSERT INTO person VALUES (5334226995, 'Terry', 'MALE', 'Robertson', 1882.0); 
INSERT INTO person VALUES (7830506637, 'Samantha', 'FEMALE', 'Jackson', 1111.0); 
INSERT INTO person VALUES (8955607550, 'Donald', 'MALE', 'Brown', 965.0); 
INSERT INTO person VALUES (1664738041, 'Brenda', 'FEMALE', 'Cook', 98.0); 
INSERT INTO person VALUES (6778963053, 'Alexander', 'MALE', 'Hughes', 1580.0); 
INSERT INTO person VALUES (2289990208, 'Justin', 'MALE', 'Patel', 833.0); 
INSERT INTO person VALUES (2353342685, 'Virginia', 'FEMALE', 'Young', 1397.0); 
INSERT INTO person VALUES (9871557084, 'Carolyn', 'FEMALE', 'Hunt', 1922.0); 
INSERT INTO person VALUES (5704202521, 'Christian', 'MALE', 'Young', 1183.0); 
INSERT INTO person VALUES (61335583, 'Jeremy', 'MALE', 'Mason', 1957.0); 
INSERT INTO person VALUES (435838887, 'Amanda', 'FEMALE', 'Mitchell', 2005.0); 
INSERT INTO person VALUES (4035582421, 'Tyler', 'MALE', 'Fox', 645.0); 
INSERT INTO person VALUES (4328492478, 'Diane', 'FEMALE', 'Rogers', 1744.0); 
INSERT INTO person VALUES (7145790486, 'Betty', 'FEMALE', 'Hall', 1257.0); 
INSERT INTO person VALUES (7185617217, 'Kathleen', 'FEMALE', 'Harris', 1102.0); 
INSERT INTO person VALUES (8912554563, 'Robert', 'MALE', 'Adams', 836.0); 
INSERT INTO person VALUES (994220422, 'Russell', 'MALE', 'Miller', 1662.0); 
INSERT INTO person VALUES (5636456945, 'Victoria', 'FEMALE', 'Owen', 952.0); 
INSERT INTO person VALUES (3294719150, 'Hannah', 'FEMALE', 'Owen', 304.0); 
INSERT INTO person VALUES (5014661554, 'Helen', 'FEMALE', 'Khan', 555.0); 
INSERT INTO person VALUES (4740900839, 'Laura', 'FEMALE', 'Stewart', 57.0); 
INSERT INTO person VALUES (8270697706, 'Donna', 'FEMALE', 'Phillips', 662.0); 
INSERT INTO person VALUES (5165981728, 'Sara', 'FEMALE', 'Thomas', 880.0); 
INSERT INTO person VALUES (2489781552, 'Edward', 'MALE', 'Harrison', 1375.0); 
INSERT INTO person VALUES (6095909363, 'Kevin', 'MALE', 'Johnson', 1823.0); 
INSERT INTO person VALUES (8555807692, 'Paul', 'MALE', 'Adams', 677.0); 
INSERT INTO person VALUES (5452119258, 'Ethan', 'MALE', 'Murray', 1023.0); 
INSERT INTO person VALUES (2407241807, 'Gregory', 'MALE', 'Saunders', 447.0); 
INSERT INTO person VALUES (9414822151, 'Denise', 'FEMALE', 'Lee', 2038.0); 
INSERT INTO person VALUES (4962536740, 'Beverly', 'FEMALE', 'Williams', 1951.0); 
INSERT INTO person VALUES (8753836858, 'Eric', 'MALE', 'Thomas', 1044.0); 
INSERT INTO person VALUES (1550231881, 'Ronald', 'MALE', 'Johnson', 35.0); 
INSERT INTO person VALUES (8672292498, 'Daniel', 'MALE', 'Patel', 506.0); 
INSERT INTO person VALUES (759884629, 'Sara', 'FEMALE', 'Russell', 359.0); 
INSERT INTO person VALUES (9965578695, 'Kelly', 'FEMALE', 'Kelly', 1297.0); 
INSERT INTO person VALUES (6852431813, 'Diana', 'FEMALE', 'Rose', 372.0); 
INSERT INTO person VALUES (6755627407, 'Willie', 'MALE', 'Williams', 721.0); 
INSERT INTO person VALUES (9222450364, 'Rebecca', 'FEMALE', 'Turner', 1530.0); 
INSERT INTO person VALUES (7058247534, 'Harry', 'MALE', 'Robertson', 1239.0); 
INSERT INTO person VALUES (7328245030, 'Danielle', 'FEMALE', 'Bennett', 1985.0); 
INSERT INTO person VALUES (8867913717, 'Donna', 'FEMALE', 'Stevens', 1857.0); 
INSERT INTO person VALUES (4079354904, 'Benjamin', 'MALE', 'Bailey', 1492.0); 
INSERT INTO person VALUES (7934322268, 'Jeremy', 'MALE', 'Brown', 1788.0); 
INSERT INTO person VALUES (4527261153, 'Gloria', 'FEMALE', 'Roberts', 1251.0); 
INSERT INTO person VALUES (7405686586, 'Henry', 'MALE', 'Lloyd', 1690.0); 
INSERT INTO person VALUES (779570010, 'Roger', 'MALE', 'Roberts', 1614.0); 
INSERT INTO person VALUES (2037246386, 'Brenda', 'FEMALE', 'James', 1651.0); 
INSERT INTO person VALUES (7307215458, 'Keith', 'MALE', 'Rogers', 1408.0); 
INSERT INTO person VALUES (5943732499, 'Rose', 'FEMALE', 'Johnson', 610.0); 
INSERT INTO person VALUES (9605705621, 'Jack', 'MALE', 'Thomas', 1025.0); 
INSERT INTO person VALUES (7346562866, 'Cheryl', 'FEMALE', 'Thomson', 259.0); 
INSERT INTO person VALUES (3084759592, 'Shirley', 'FEMALE', 'Lloyd', 1121.0); 
INSERT INTO person VALUES (3248674679, 'Theresa', 'FEMALE', 'Johnson', 1735.0); 
INSERT INTO person VALUES (1069434117, 'Grace', 'FEMALE', 'Jones', 911.0); 
INSERT INTO person VALUES (249329791, 'Jacqueline', 'FEMALE', 'Hunt', 1929.0); 
INSERT INTO person VALUES (5613812255, 'Kelly', 'FEMALE', 'Hunter', 610.0); 
INSERT INTO person VALUES (5623700666, 'Randy', 'MALE', 'Patel', 558.0); 
INSERT INTO person VALUES (9358762085, 'Gregory', 'MALE', 'Russell', 1832.0); 
INSERT INTO person VALUES (1840865992, 'Carol', 'FEMALE', 'Edwards', 736.0); 
INSERT INTO person VALUES (8799118901, 'Jessica', 'FEMALE', 'Lloyd', 1753.0); 
INSERT INTO person VALUES (7262159991, 'Carolyn', 'FEMALE', 'Fox', 772.0); 
INSERT INTO person VALUES (7482298653, 'Brandon', 'MALE', 'Davies', 1806.0); 
INSERT INTO person VALUES (8592347347, 'Aaron', 'MALE', 'Morgan', 1054.0); 
INSERT INTO person VALUES (7075916131, 'Sean', 'MALE', 'Young', 2032.0); 
INSERT INTO person VALUES (3802784313, 'Patrick', 'MALE', 'Ross', 1181.0); 
INSERT INTO person VALUES (6208514216, 'Stephanie', 'FEMALE', 'Price', 1257.0); 
INSERT INTO person VALUES (7254201869, 'Alan', 'MALE', 'Murphy', 943.0); 
INSERT INTO person VALUES (5482269277, 'William', 'MALE', 'Reid', 858.0); 
INSERT INTO person VALUES (3790963017, 'Judith', 'FEMALE', 'Evans', 623.0); 
INSERT INTO person VALUES (4554734309, 'Cheryl', 'FEMALE', 'Rogers', 1232.0); 
INSERT INTO person VALUES (2062635543, 'Timothy', 'MALE', 'Owen', 1906.0); 
INSERT INTO person VALUES (6712730792, 'Grace', 'FEMALE', 'Morgan', 1730.0); 
INSERT INTO person VALUES (6386844204, 'Scott', 'MALE', 'Bennett', 177.0); 
INSERT INTO person VALUES (4427270661, 'Angela', 'FEMALE', 'Richardson', 726.0); 
INSERT INTO person VALUES (2418360873, 'Janet', 'FEMALE', 'Anderson', 768.0); 
INSERT INTO person VALUES (8113452423, 'Stephanie', 'FEMALE', 'Griffiths', 734.0); 
INSERT INTO person VALUES (128924174, 'Amy', 'FEMALE', 'Smith', 1944.0); 
INSERT INTO person VALUES (186154903, 'Thomas', 'MALE', 'Hunter', 276.0); 
INSERT INTO person VALUES (9798696414, 'Walter', 'MALE', 'Green', 272.0); 
INSERT INTO person VALUES (8911775716, 'Joe', 'MALE', 'Ellis', 1126.0); 
INSERT INTO person VALUES (8601237898, 'Katherine', 'FEMALE', 'Allen', 980.0); 
INSERT INTO person VALUES (5771410132, 'Timothy', 'MALE', 'Griffiths', 272.0); 
INSERT INTO person VALUES (3109658102, 'Amy', 'FEMALE', 'Johnson', 1577.0); 
INSERT INTO person VALUES (6749623287, 'Debra', 'FEMALE', 'Wright', 1431.0); 
INSERT INTO person VALUES (2144768654, 'Carl', 'MALE', 'Brown', 841.0); 
INSERT INTO person VALUES (355171541, 'Terry', 'MALE', 'Harrison', 756.0); 
INSERT INTO person VALUES (1050971962, 'Douglas', 'MALE', 'Knight', 1837.0); 
INSERT INTO person VALUES (3054717371, 'Nathan', 'MALE', 'Mason', 1292.0); 
INSERT INTO person VALUES (9576256908, 'Nancy', 'FEMALE', 'Walsh', 542.0); 
INSERT INTO person VALUES (8447249507, 'Jose', 'MALE', 'Brown', 1575.0); 
INSERT INTO person VALUES (653102845, 'Noah', 'MALE', 'Roberts', 1388.0); 
INSERT INTO person VALUES (8684762517, 'Kimberly', 'FEMALE', 'Griffiths', 104.0); 
INSERT INTO person VALUES (6602206695, 'Samuel', 'MALE', 'Simpson', 1569.0); 
INSERT INTO person VALUES (1840917042, 'Tiffany', 'FEMALE', 'Rose', 329.0); 
INSERT INTO person VALUES (904715114, 'Lori', 'FEMALE', 'Bell', 1000.0); 
INSERT INTO person VALUES (4847245913, 'Kimberly', 'FEMALE', 'Chapman', 1689.0); 
INSERT INTO person VALUES (522762153, 'Willie', 'MALE', 'Bennett', 546.0); 
INSERT INTO person VALUES (8877798220, 'Diane', 'FEMALE', 'Williams', 722.0); 
INSERT INTO person VALUES (9074458732, 'Ralph', 'MALE', 'Rose', 1626.0); 
INSERT INTO person VALUES (9380431650, 'Maria', 'FEMALE', 'Butler', 355.0); 
INSERT INTO person VALUES (409257545, 'Louis', 'MALE', 'Mason', 950.0); 
INSERT INTO person VALUES (1110735174, 'Betty', 'FEMALE', 'Young', 280.0); 
INSERT INTO person VALUES (5229608021, 'Melissa', 'FEMALE', 'Saunders', 762.0); 
INSERT INTO person VALUES (5102454371, 'Cynthia', 'FEMALE', 'Clarke', 1291.0); 
INSERT INTO person VALUES (7337631004, 'Aaron', 'MALE', 'Powell', 2028.0); 
INSERT INTO person VALUES (8620418480, 'Madison', 'FEMALE', 'Powell', 1413.0); 
INSERT INTO person VALUES (7274870363, 'Amanda', 'FEMALE', 'Holmes', 904.0); 
INSERT INTO person VALUES (5182153063, 'Logan', 'MALE', 'Wilson', 1179.0); 
INSERT INTO person VALUES (820435404, 'Donald', 'MALE', 'Taylor', 670.0); 
INSERT INTO person VALUES (3007379233, 'Maria', 'FEMALE', 'Wright', 1851.0); 
INSERT INTO person VALUES (4816628451, 'Terry', 'MALE', 'Robinson', 388.0); 
INSERT INTO person VALUES (254427381, 'Juan', 'MALE', 'Clark', 534.0); 
INSERT INTO person VALUES (949879187, 'Gabriel', 'MALE', 'Wright', 1057.0); 
INSERT INTO person VALUES (1352660834, 'Diana', 'FEMALE', 'Evans', 250.0); 
INSERT INTO person VALUES (5169982173, 'Martha', 'FEMALE', 'Saunders', 709.0); 
INSERT INTO person VALUES (3310446735, 'Sandra', 'FEMALE', 'Ward', 948.0); 
INSERT INTO person VALUES (726585614, 'Rachel', 'FEMALE', 'Green', 62.0); 
INSERT INTO person VALUES (5359114485, 'Janice', 'FEMALE', 'Murray', 150.0); 
INSERT INTO person VALUES (8871215079, 'Walter', 'MALE', 'James', 488.0); 
INSERT INTO person VALUES (1344996472, 'Frank', 'MALE', 'Martin', 1024.0); 
INSERT INTO person VALUES (1215570843, 'Jeffrey', 'MALE', 'Allen', 1578.0); 
INSERT INTO person VALUES (7267794625, 'Janice', 'FEMALE', 'Kelly', 324.0); 
INSERT INTO person VALUES (5228725336, 'Johnny', 'MALE', 'Walker', 1509.0); 
INSERT INTO person VALUES (7151605830, 'Anna', 'FEMALE', 'Cox', 1364.0); 
INSERT INTO person VALUES (8649809399, 'Roger', 'MALE', 'Rose', 8.0); 
INSERT INTO person VALUES (8154369009, 'Catherine', 'FEMALE', 'Griffiths', 1507.0); 
INSERT INTO person VALUES (59332446, 'Jose', 'MALE', 'Patel', 194.0); 
INSERT INTO person VALUES (736868960, 'Brandon', 'MALE', 'Rogers', 399.0); 
INSERT INTO person VALUES (2705880004, 'Michelle', 'FEMALE', 'Clark', 828.0); 
INSERT INTO person VALUES (4804802858, 'Joseph', 'MALE', 'Martin', 1685.0); 
INSERT INTO person VALUES (3367198474, 'Patrick', 'MALE', 'Robertson', 908.0); 
INSERT INTO person VALUES (7350543144, 'Donald', 'MALE', 'Smith', 901.0); 
INSERT INTO person VALUES (5320565410, 'Terry', 'MALE', 'Holmes', 160.0); 
INSERT INTO person VALUES (8405827481, 'Brittany', 'FEMALE', 'Butler', 854.0); 
INSERT INTO person VALUES (9993886368, 'Nicole', 'FEMALE', 'Lee', 356.0); 
INSERT INTO person VALUES (8339587457, 'Joan', 'FEMALE', 'Matthews', 723.0); 
INSERT INTO person VALUES (3186916788, 'John', 'MALE', 'Price', 1167.0); 
INSERT INTO person VALUES (2065861022, 'Julia', 'FEMALE', 'Shaw', 1439.0); 
INSERT INTO person VALUES (5639317963, 'Elizabeth', 'FEMALE', 'Richardson', 1928.0); 
INSERT INTO person VALUES (1710290449, 'Evelyn', 'FEMALE', 'Marshall', 396.0); 
INSERT INTO person VALUES (9322186384, 'Beverly', 'FEMALE', 'Khan', 727.0); 
INSERT INTO person VALUES (4343112411, 'Emily', 'FEMALE', 'King', 1128.0); 
INSERT INTO person VALUES (1686590578, 'Henry', 'MALE', 'Cooper', 695.0); 
INSERT INTO person VALUES (156327052, 'Richard', 'MALE', 'Morgan', 255.0); 
INSERT INTO person VALUES (8125181584, 'Steven', 'MALE', 'Cook', 692.0); 
INSERT INTO person VALUES (2817569385, 'Andrea', 'FEMALE', 'Collins', 22.0); 
INSERT INTO person VALUES (9662163611, 'Danielle', 'FEMALE', 'Parker', 1241.0); 
INSERT INTO person VALUES (9413982754, 'Gerald', 'MALE', 'Thomson', 1153.0); 
INSERT INTO person VALUES (2564899172, 'Gloria', 'FEMALE', 'Thomson', 211.0); 
INSERT INTO person VALUES (5076447376, 'Anna', 'FEMALE', 'Hill', 55.0); 
INSERT INTO person VALUES (7825835387, 'Walter', 'MALE', 'Butler', 1780.0); 
INSERT INTO person VALUES (5798387170, 'Keith', 'MALE', 'Knight', 222.0); 
INSERT INTO person VALUES (7036760501, 'Paul', 'MALE', 'Cook', 1162.0); 
INSERT INTO person VALUES (4455458302, 'Benjamin', 'MALE', 'Thomas', 468.0); 
INSERT INTO person VALUES (2241195487, 'Gerald', 'MALE', 'Kelly', 1114.0); 
INSERT INTO person VALUES (7556409530, 'Michelle', 'FEMALE', 'Carter', 863.0); 
INSERT INTO person VALUES (8311886438, 'Natalie', 'FEMALE', 'Carter', 1363.0); 
INSERT INTO person VALUES (4328946789, 'Shirley', 'FEMALE', 'Harrison', 789.0); 
INSERT INTO person VALUES (8890359132, 'Cynthia', 'FEMALE', 'Miller', 792.0); 
INSERT INTO person VALUES (4648885160, 'Andrew', 'MALE', 'Murphy', 1564.0); 
INSERT INTO person VALUES (9989625381, 'Abigail', 'FEMALE', 'Davies', 902.0); 
INSERT INTO person VALUES (7816536061, 'Johnny', 'MALE', 'Watson', 284.0); 
INSERT INTO person VALUES (7115767691, 'Lisa', 'FEMALE', 'Morgan', 1646.0); 
INSERT INTO person VALUES (531464918, 'Emily', 'FEMALE', 'Wilson', 1372.0); 
INSERT INTO person VALUES (2913978297, 'Emma', 'FEMALE', 'Matthews', 1434.0); 
INSERT INTO person VALUES (9416426711, 'Betty', 'FEMALE', 'Bell', 1365.0); 
INSERT INTO person VALUES (7510973206, 'David', 'MALE', 'Bell', 1115.0); 
INSERT INTO person VALUES (1698608632, 'Catherine', 'FEMALE', 'Lee', 1836.0); 
INSERT INTO person VALUES (5097651638, 'Barbara', 'FEMALE', 'Price', 3.0); 
INSERT INTO person VALUES (1212898808, 'Maria', 'FEMALE', 'Butler', 508.0); 
INSERT INTO person VALUES (9286614839, 'Madison', 'FEMALE', 'Collins', 1752.0); 
INSERT INTO person VALUES (524178948, 'Philip', 'MALE', 'Anderson', 1973.0); 
INSERT INTO person VALUES (9885212181, 'Amber', 'FEMALE', 'Adams', 414.0); 
INSERT INTO person VALUES (9075881260, 'Harry', 'MALE', 'Hunter', 57.0); 
INSERT INTO person VALUES (3034241450, 'Vincent', 'MALE', 'Murray', 1251.0); 
INSERT INTO person VALUES (8058233579, 'Matthew', 'MALE', 'Wilson', 902.0); 
INSERT INTO person VALUES (309217217, 'Nicholas', 'MALE', 'Anderson', 782.0); 
INSERT INTO person VALUES (3589672071, 'Sara', 'FEMALE', 'Harris', 1970.0); 
INSERT INTO person VALUES (4875237050, 'Frances', 'FEMALE', 'Johnson', 1168.0); 
INSERT INTO person VALUES (7659461824, 'Christine', 'FEMALE', 'Hill', 1439.0); 
INSERT INTO person VALUES (867249212, 'Grace', 'FEMALE', 'Graham', 280.0); 
INSERT INTO person VALUES (628019139, 'Eric', 'MALE', 'Green', 1182.0); 
INSERT INTO person VALUES (7023864671, 'Elizabeth', 'FEMALE', 'Griffiths', 458.0); 
INSERT INTO person VALUES (2444565313, 'Madison', 'FEMALE', 'Gray', 118.0); 
INSERT INTO person VALUES (5327495951, 'Eric', 'MALE', 'Murphy', 1228.0); 
INSERT INTO person VALUES (4171803421, 'Aaron', 'MALE', 'Murphy', 65.0); 
INSERT INTO person VALUES (7932359204, 'Rebecca', 'FEMALE', 'King', 323.0); 
INSERT INTO person VALUES (8753743273, 'Natalie', 'FEMALE', 'Davies', 1865.0); 
INSERT INTO person VALUES (571885358, 'Dylan', 'MALE', 'Russell', 1403.0); 
INSERT INTO person VALUES (4690504814, 'Keith', 'MALE', 'Scott', 277.0); 
INSERT INTO person VALUES (238671096, 'Judith', 'FEMALE', 'Russell', 1892.0); 
INSERT INTO person VALUES (3066109248, 'Kimberly', 'FEMALE', 'Hunt', 565.0); 
INSERT INTO person VALUES (1961808590, 'Anna', 'FEMALE', 'Martin', 114.0); 
INSERT INTO person VALUES (8483475797, 'Matthew', 'MALE', 'Green', 95.0); 
INSERT INTO person VALUES (8181890273, 'Adam', 'MALE', 'Hughes', 1570.0); 
INSERT INTO person VALUES (266339013, 'Matthew', 'MALE', 'Marshall', 1799.0); 
INSERT INTO person VALUES (5260145662, 'Theresa', 'FEMALE', 'Butler', 739.0); 
INSERT INTO person VALUES (9847798870, 'Alexander', 'MALE', 'Saunders', 1569.0); 
INSERT INTO person VALUES (1323563516, 'Grace', 'FEMALE', 'Fox', 667.0); 
INSERT INTO person VALUES (3062128560, 'Daniel', 'MALE', 'Knight', 321.0); 
INSERT INTO person VALUES (3750644797, 'Anna', 'FEMALE', 'Cox', 284.0); 
INSERT INTO person VALUES (3135161036, 'Christian', 'MALE', 'Price', 218.0); 
INSERT INTO person VALUES (610258483, 'Kelly', 'FEMALE', 'Hill', 1467.0); 
INSERT INTO person VALUES (3374626365, 'Margaret', 'FEMALE', 'Baker', 1350.0); 
INSERT INTO person VALUES (6836699821, 'Kenneth', 'MALE', 'Roberts', 1051.0); 
INSERT INTO person VALUES (8766742087, 'Russell', 'MALE', 'Marshall', 735.0); 
INSERT INTO person VALUES (9798823920, 'Dylan', 'MALE', 'Walsh', 1907.0); 
INSERT INTO person VALUES (3748895755, 'Arthur', 'MALE', 'Hunt', 1466.0); 
INSERT INTO person VALUES (8170219382, 'Kimberly', 'FEMALE', 'Edwards', 1227.0); 
INSERT INTO person VALUES (4252583122, 'Rose', 'FEMALE', 'Carter', 1796.0); 
INSERT INTO person VALUES (4335648107, 'George', 'MALE', 'Lee', 1080.0); 
INSERT INTO person VALUES (5720761039, 'Matthew', 'MALE', 'Robinson', 1641.0); 
INSERT INTO person VALUES (7118587393, 'Jose', 'MALE', 'Fox', 53.0); 
INSERT INTO person VALUES (4046277759, 'Jessica', 'FEMALE', 'Williams', 1188.0); 
INSERT INTO person VALUES (8726826387, 'Wayne', 'MALE', 'Wood', 56.0); 
INSERT INTO person VALUES (244095180, 'Larry', 'MALE', 'Collins', 1273.0); 
INSERT INTO person VALUES (7239676053, 'Anthony', 'MALE', 'Mason', 1135.0); 
INSERT INTO person VALUES (6925110701, 'Ruth', 'FEMALE', 'Bennett', 1335.0); 
INSERT INTO person VALUES (6825513662, 'Frank', 'MALE', 'Wilkinson', 536.0); 
INSERT INTO person VALUES (4835717122, 'Melissa', 'FEMALE', 'Thomson', 1899.0); 
INSERT INTO person VALUES (9364490921, 'Billy', 'MALE', 'Thompson', 351.0); 
INSERT INTO person VALUES (1137956784, 'Maria', 'FEMALE', 'Stewart', 1975.0); 
INSERT INTO person VALUES (4565459031, 'Helen', 'FEMALE', 'Smith', 258.0); 
INSERT INTO person VALUES (4105583500, 'Sean', 'MALE', 'Price', 1765.0); 
INSERT INTO person VALUES (4852301980, 'Zachary', 'MALE', 'Jackson', 574.0); 
INSERT INTO person VALUES (5577348391, 'Rebecca', 'FEMALE', 'Wilson', 345.0); 
INSERT INTO person VALUES (9658797287, 'Alice', 'FEMALE', 'Carter', 1717.0); 
INSERT INTO person VALUES (8457882306, 'Dennis', 'MALE', 'Scott', 29.0); 
INSERT INTO person VALUES (661745247, 'Natalie', 'FEMALE', 'Davis', 1942.0); 
INSERT INTO person VALUES (9896120066, 'Vincent', 'MALE', 'Rogers', 27.0); 
INSERT INTO person VALUES (4513205765, 'Nicole', 'FEMALE', 'Gray', 1842.0); 
INSERT INTO person VALUES (8597965184, 'Paul', 'MALE', 'Mason', 850.0); 
INSERT INTO person VALUES (1656366434, 'Ashley', 'FEMALE', 'Evans', 410.0); 
INSERT INTO person VALUES (7614946404, 'Sarah', 'FEMALE', 'Owen', 559.0); 
INSERT INTO person VALUES (51525094, 'Bruce', 'MALE', 'Kelly', 651.0); 
INSERT INTO person VALUES (4752790385, 'Vincent', 'MALE', 'Wood', 978.0); 
INSERT INTO person VALUES (8943921304, 'Christina', 'FEMALE', 'Fox', 792.0); 
INSERT INTO person VALUES (4057902756, 'George', 'MALE', 'Phillips', 960.0); 
INSERT INTO person VALUES (4016888677, 'Patrick', 'MALE', 'Griffiths', 1244.0); 
INSERT INTO person VALUES (7738690015, 'Sarah', 'FEMALE', 'Marshall', 245.0); 
INSERT INTO person VALUES (798446798, 'Dylan', 'MALE', 'Lloyd', 1430.0); 
INSERT INTO person VALUES (5252898034, 'Debra', 'FEMALE', 'Harrison', 1471.0); 
INSERT INTO person VALUES (2413508266, 'Sandra', 'FEMALE', 'Brown', 622.0); 
INSERT INTO person VALUES (7944823045, 'Julie', 'FEMALE', 'Johnson', 991.0); 
INSERT INTO person VALUES (4137672662, 'Kenneth', 'MALE', 'Cook', 1181.0); 
INSERT INTO person VALUES (4763454857, 'Ruth', 'FEMALE', 'Thompson', 558.0); 
INSERT INTO person VALUES (6754521798, 'Kathleen', 'FEMALE', 'Evans', 743.0); 
INSERT INTO person VALUES (9002629678, 'Aaron', 'MALE', 'Cooper', 553.0); 
INSERT INTO person VALUES (345355221, 'Noah', 'MALE', 'Clark', 1352.0); 
INSERT INTO person VALUES (2909844522, 'Diana', 'FEMALE', 'Wood', 1294.0); 
INSERT INTO person VALUES (2944724682, 'Helen', 'FEMALE', 'Reynolds', 2035.0); 
INSERT INTO person VALUES (7365962996, 'Brandon', 'MALE', 'Moore', 9.0); 
INSERT INTO person VALUES (8949583114, 'Judith', 'FEMALE', 'Patel', 1034.0); 
INSERT INTO person VALUES (678022740, 'George', 'MALE', 'Williams', 1548.0); 
INSERT INTO person VALUES (9835577031, 'Juan', 'MALE', 'Robertson', 1767.0); 
INSERT INTO person VALUES (5056340434, 'Johnny', 'MALE', 'Baker', 1334.0); 
INSERT INTO person VALUES (72329206, 'Ashley', 'FEMALE', 'Simpson', 1784.0); 
INSERT INTO person VALUES (25156840, 'Ralph', 'MALE', 'Murray', 957.0); 
INSERT INTO person VALUES (6714606856, 'Jane', 'FEMALE', 'Knight', 1106.0); 
INSERT INTO person VALUES (429930453, 'Andrew', 'MALE', 'Cox', 1141.0); 
INSERT INTO person VALUES (4283579, 'Doris', 'FEMALE', 'Stevens', 1814.0); 
INSERT INTO person VALUES (8526786076, 'Lisa', 'FEMALE', 'Hughes', 235.0); 
INSERT INTO person VALUES (9364213042, 'Victoria', 'FEMALE', 'Butler', 769.0); 
INSERT INTO person VALUES (924468922, 'Kathryn', 'FEMALE', 'Murray', 21.0); 
INSERT INTO person VALUES (7970999396, 'Zachary', 'MALE', 'Clarke', 1423.0); 
INSERT INTO person VALUES (1712813926, 'Bryan', 'MALE', 'Matthews', 1013.0); 
INSERT INTO person VALUES (3651911966, 'Benjamin', 'MALE', 'Griffiths', 1350.0); 
INSERT INTO person VALUES (2546285020, 'Teresa', 'FEMALE', 'Collins', 1497.0); 
INSERT INTO person VALUES (9429916605, 'Brenda', 'FEMALE', 'Clark', 1184.0); 
INSERT INTO person VALUES (9562594751, 'Jacob', 'MALE', 'Parker', 485.0); 
INSERT INTO person VALUES (4102267880, 'Mary', 'FEMALE', 'Watson', 111.0); 
INSERT INTO person VALUES (30218129, 'Marie', 'FEMALE', 'Stevens', 377.0); 
INSERT INTO person VALUES (6149297868, 'Diane', 'FEMALE', 'Smith', 1313.0); 
INSERT INTO person VALUES (2109346890, 'Ryan', 'MALE', 'Rogers', 261.0); 
INSERT INTO person VALUES (241099763, 'Frank', 'MALE', 'Lee', 1573.0); 
INSERT INTO person VALUES (9474324991, 'Linda', 'FEMALE', 'Simpson', 1672.0); 
INSERT INTO person VALUES (868716756, 'Keith', 'MALE', 'Russell', 607.0); 
INSERT INTO person VALUES (1657259, 'Kelly', 'FEMALE', 'Robertson', 829.0); 
INSERT INTO person VALUES (739166105, 'Michael', 'MALE', 'Kennedy', 1964.0); 
INSERT INTO person VALUES (6826360536, 'Diana', 'FEMALE', 'Ellis', 866.0); 
INSERT INTO person VALUES (4710920179, 'Abigail', 'FEMALE', 'Adams', 1546.0); 
INSERT INTO person VALUES (7828368740, 'Peter', 'MALE', 'Russell', 1268.0); 
INSERT INTO person VALUES (3543394122, 'Willie', 'MALE', 'Moore', 56.0); 
INSERT INTO person VALUES (117866114, 'Teresa', 'FEMALE', 'Simpson', 430.0); 
INSERT INTO person VALUES (7791445156, 'Sharon', 'FEMALE', 'Phillips', 1406.0); 
INSERT INTO person VALUES (2079226131, 'Carolyn', 'FEMALE', 'Knight', 959.0); 
INSERT INTO person VALUES (65341224, 'Lawrence', 'MALE', 'Taylor', 700.0); 
INSERT INTO person VALUES (2438415496, 'Kelly', 'FEMALE', 'Graham', 1189.0); 
INSERT INTO person VALUES (9157204483, 'David', 'MALE', 'Bennett', 1918.0); 
INSERT INTO person VALUES (1361459142, 'Keith', 'MALE', 'James', 1989.0); 
INSERT INTO person VALUES (5937954045, 'Arthur', 'MALE', 'Walsh', 77.0); 
INSERT INTO person VALUES (290231832, 'Louis', 'MALE', 'Wilson', 843.0); 
INSERT INTO person VALUES (8827966485, 'Sarah', 'FEMALE', 'Bennett', 38.0); 
INSERT INTO person VALUES (226971916, 'Scott', 'MALE', 'Williams', 942.0); 
INSERT INTO person VALUES (9517824193, 'Maria', 'FEMALE', 'Morgan', 2016.0); 
INSERT INTO person VALUES (979497864, 'Matthew', 'MALE', 'Murray', 432.0); 
INSERT INTO person VALUES (5805740972, 'Barbara', 'FEMALE', 'Reid', 1259.0); 
INSERT INTO person VALUES (6856423757, 'Katherine', 'FEMALE', 'Young', 110.0); 
INSERT INTO person VALUES (2942829865, 'Joe', 'MALE', 'Hunt', 321.0); 
INSERT INTO person VALUES (44137056, 'Roger', 'MALE', 'Khan', 1580.0); 
INSERT INTO person VALUES (1094826690, 'William', 'MALE', 'Thomson', 1998.0); 
INSERT INTO person VALUES (1253195253, 'Gregory', 'MALE', 'Powell', 1669.0); 
INSERT INTO person VALUES (2636298783, 'Jack', 'MALE', 'Lee', 1587.0); 
INSERT INTO person VALUES (777994899, 'Eugene', 'MALE', 'Collins', 1587.0); 
INSERT INTO person VALUES (3979674936, 'Christian', 'MALE', 'Robertson', 805.0); 
INSERT INTO person VALUES (3115197679, 'Olivia', 'FEMALE', 'Davies', 533.0); 
INSERT INTO person VALUES (7160630463, 'Louis', 'MALE', 'Clark', 1246.0); 
INSERT INTO person VALUES (2850597472, 'Charles', 'MALE', 'Carter', 630.0); 
INSERT INTO person VALUES (3133779716, 'Terry', 'MALE', 'Walker', 830.0); 
INSERT INTO person VALUES (2803266563, 'Deborah', 'FEMALE', 'Thomson', 1281.0); 
INSERT INTO person VALUES (2798174578, 'Diane', 'FEMALE', 'Smith', 1508.0); 
INSERT INTO person VALUES (4011718499, 'Ashley', 'FEMALE', 'Mitchell', 1003.0); 
INSERT INTO person VALUES (1451516717, 'Elizabeth', 'FEMALE', 'Edwards', 1208.0); 
INSERT INTO person VALUES (1227912512, 'Elizabeth', 'FEMALE', 'Walker', 585.0); 
INSERT INTO person VALUES (531777254, 'Maria', 'FEMALE', 'Russell', 1782.0); 
INSERT INTO person VALUES (631046437, 'Nicole', 'FEMALE', 'Young', 451.0); 
INSERT INTO person VALUES (4936221508, 'Gerald', 'MALE', 'Ward', 1887.0); 
INSERT INTO person VALUES (3494140886, 'Donna', 'FEMALE', 'Taylor', 1210.0); 
INSERT INTO person VALUES (3615878404, 'Raymond', 'MALE', 'Jones', 376.0); 
INSERT INTO person VALUES (4547109767, 'Michael', 'MALE', 'Ward', 1009.0); 
INSERT INTO person VALUES (1447821848, 'Sara', 'FEMALE', 'Saunders', 1634.0); 
INSERT INTO person VALUES (6688896609, 'Alexis', 'FEMALE', 'Mitchell', 1539.0); 
INSERT INTO person VALUES (7181870743, 'Marilyn', 'FEMALE', 'Thomas', 65.0); 
INSERT INTO person VALUES (8795491490, 'Amber', 'FEMALE', 'Hill', 2033.0); 
INSERT INTO person VALUES (463819594, 'Cynthia', 'FEMALE', 'Harrison', 1562.0); 
INSERT INTO person VALUES (4287441412, 'Tyler', 'MALE', 'Reid', 1262.0); 
INSERT INTO person VALUES (4627614949, 'Carol', 'FEMALE', 'Butler', 1591.0); 
INSERT INTO person VALUES (5263242961, 'Larry', 'MALE', 'Owen', 775.0); 
INSERT INTO person VALUES (2048354645, 'Kimberly', 'FEMALE', 'Lloyd', 1762.0); 
INSERT INTO person VALUES (8418628012, 'John', 'MALE', 'Phillips', 1634.0); 
INSERT INTO person VALUES (4958545414, 'Beverly', 'FEMALE', 'Thomas', 157.0); 
INSERT INTO person VALUES (1123792496, 'Cynthia', 'FEMALE', 'Green', 343.0); 
INSERT INTO person VALUES (3948476517, 'Brandon', 'MALE', 'Fox', 644.0); 
INSERT INTO person VALUES (6360599209, 'Nancy', 'FEMALE', 'Williams', 429.0); 
INSERT INTO person VALUES (6643297377, 'Arthur', 'MALE', 'Smith', 1247.0); 
INSERT INTO person VALUES (9182435853, 'Judy', 'FEMALE', 'Ellis', 611.0); 
INSERT INTO person VALUES (1290598543, 'Nicole', 'FEMALE', 'Cooper', 1870.0); 
INSERT INTO person VALUES (9543909619, 'Janet', 'FEMALE', 'Rogers', 1841.0); 
INSERT INTO person VALUES (2125238748, 'Julie', 'FEMALE', 'Taylor', 677.0); 
INSERT INTO person VALUES (7129793473, 'Nancy', 'FEMALE', 'Simpson', 266.0); 
INSERT INTO person VALUES (6884415390, 'Kyle', 'MALE', 'Davies', 270.0); 
INSERT INTO person VALUES (1645443715, 'Cheryl', 'FEMALE', 'Adams', 225.0); 
INSERT INTO person VALUES (6919698693, 'Sara', 'FEMALE', 'Jackson', 1213.0); 
INSERT INTO person VALUES (6488323527, 'Victoria', 'FEMALE', 'Marshall', 270.0); 
INSERT INTO person VALUES (3801726451, 'Julie', 'FEMALE', 'Campbell', 800.0); 
INSERT INTO person VALUES (7324786116, 'Denise', 'FEMALE', 'Butler', 992.0); 
INSERT INTO person VALUES (3129550149, 'Amy', 'FEMALE', 'Russell', 981.0); 
INSERT INTO person VALUES (834690121, 'Denise', 'FEMALE', 'Jones', 1230.0); 
INSERT INTO person VALUES (8887625877, 'Doris', 'FEMALE', 'Davies', 946.0); 
INSERT INTO person VALUES (4625888487, 'Dylan', 'MALE', 'Lewis', 1716.0); 
INSERT INTO person VALUES (6873124664, 'Walter', 'MALE', 'Cooper', 1629.0); 
INSERT INTO person VALUES (6501502646, 'Sara', 'FEMALE', 'Patel', 946.0); 
INSERT INTO person VALUES (7285394413, 'Bobby', 'MALE', 'Clark', 248.0); 
INSERT INTO person VALUES (2125972192, 'Wayne', 'MALE', 'Mitchell', 280.0); 
INSERT INTO person VALUES (7910915547, 'Jeffrey', 'MALE', 'Kennedy', 1838.0); 
INSERT INTO person VALUES (3705665088, 'Jesse', 'MALE', 'Green', 1254.0); 
INSERT INTO person VALUES (5877158851, 'Diana', 'FEMALE', 'Anderson', 1094.0); 
INSERT INTO person VALUES (6562606770, 'Victoria', 'FEMALE', 'Brown', 173.0); 
INSERT INTO person VALUES (7528159062, 'Kathleen', 'FEMALE', 'Chapman', 1060.0); 
INSERT INTO person VALUES (3363303227, 'Larry', 'MALE', 'Clarke', 724.0); 
INSERT INTO person VALUES (9672971854, 'Sean', 'MALE', 'Palmer', 1912.0); 
INSERT INTO person VALUES (7796811583, 'Walter', 'MALE', 'Walsh', 909.0); 
INSERT INTO person VALUES (7694173476, 'Barbara', 'FEMALE', 'White', 509.0); 
INSERT INTO person VALUES (7268973005, 'Mary', 'FEMALE', 'Reid', 251.0); 
INSERT INTO person VALUES (5333208044, 'Roy', 'MALE', 'Clarke', 271.0); 
INSERT INTO person VALUES (5762841401, 'Melissa', 'FEMALE', 'Griffiths', 155.0); 
INSERT INTO person VALUES (380282019, 'Frances', 'FEMALE', 'Butler', 390.0); 
INSERT INTO person VALUES (9685394941, 'Kyle', 'MALE', 'Reid', 296.0); 
INSERT INTO person VALUES (26271689, 'Joe', 'MALE', 'White', 852.0); 
INSERT INTO person VALUES (835136473, 'Kelly', 'FEMALE', 'Walker', 1631.0); 
INSERT INTO person VALUES (986248399, 'Matthew', 'MALE', 'Walsh', 1072.0); 
INSERT INTO person VALUES (9493307318, 'Nathan', 'MALE', 'Powell', 1273.0); 
INSERT INTO person VALUES (3954566944, 'Anthony', 'MALE', 'Taylor', 463.0); 
INSERT INTO person VALUES (14743576, 'Brittany', 'FEMALE', 'Moore', 879.0); 
INSERT INTO person VALUES (3888412262, 'Christopher', 'MALE', 'Wright', 930.0); 
INSERT INTO person VALUES (4934184987, 'Benjamin', 'MALE', 'Hughes', 1588.0); 
INSERT INTO person VALUES (679493581, 'Ralph', 'MALE', 'Robertson', 1362.0); 
INSERT INTO person VALUES (8340846766, 'Lawrence', 'MALE', 'Reid', 1366.0); 
INSERT INTO person VALUES (1227127057, 'Logan', 'MALE', 'Cooper', 102.0); 
INSERT INTO person VALUES (43530954, 'Maria', 'FEMALE', 'Murphy', 760.0); 
INSERT INTO person VALUES (8983899227, 'Ronald', 'MALE', 'Cox', 1417.0); 
INSERT INTO person VALUES (9849885033, 'Madison', 'FEMALE', 'Ross', 182.0); 
INSERT INTO person VALUES (8284674031, 'Dylan', 'MALE', 'Turner', 2006.0); 
INSERT INTO person VALUES (7794214557, 'Brandon', 'MALE', 'Brown', 781.0); 
INSERT INTO person VALUES (3953943625, 'Barbara', 'FEMALE', 'Owen', 569.0); 
INSERT INTO person VALUES (677078797, 'Kathryn', 'FEMALE', 'Griffiths', 391.0); 
INSERT INTO person VALUES (50553640, 'Alexander', 'MALE', 'Morgan', 165.0); 
INSERT INTO person VALUES (2648502848, 'Wayne', 'MALE', 'Evans', 153.0); 
INSERT INTO person VALUES (2757311019, 'Roger', 'MALE', 'Simpson', 766.0); 
INSERT INTO person VALUES (3740838149, 'Barbara', 'FEMALE', 'Cook', 607.0); 
INSERT INTO person VALUES (3883939437, 'Anthony', 'MALE', 'Wood', 1772.0); 
INSERT INTO person VALUES (427810932, 'Jessica', 'FEMALE', 'Marshall', 209.0); 
INSERT INTO person VALUES (2555143747, 'Theresa', 'FEMALE', 'Griffiths', 1780.0); 
INSERT INTO person VALUES (6989482966, 'Arthur', 'MALE', 'Palmer', 192.0); 
INSERT INTO person VALUES (2583119538, 'Alice', 'FEMALE', 'Price', 29.0); 
INSERT INTO person VALUES (5023782357, 'Vincent', 'MALE', 'Matthews', 337.0); 
INSERT INTO person VALUES (2553963244, 'Patricia', 'FEMALE', 'Roberts', 2041.0); 
INSERT INTO person VALUES (8875968513, 'Richard', 'MALE', 'Clarke', 1643.0); 
INSERT INTO person VALUES (613947062, 'Elizabeth', 'FEMALE', 'Owen', 1413.0); 
INSERT INTO person VALUES (5832102229, 'Logan', 'MALE', 'Morgan', 840.0); 
INSERT INTO person VALUES (8701194084, 'Gabriel', 'MALE', 'Cooper', 1734.0); 
INSERT INTO person VALUES (7388379871, 'Jeremy', 'MALE', 'Chapman', 548.0); 
INSERT INTO person VALUES (3743673476, 'Wayne', 'MALE', 'Hill', 783.0); 
INSERT INTO person VALUES (9357443611, 'Jeffrey', 'MALE', 'Graham', 62.0); 
INSERT INTO person VALUES (309712366, 'Julie', 'FEMALE', 'Murray', 1533.0); 
INSERT INTO person VALUES (3645834492, 'Emily', 'FEMALE', 'Hunt', 1431.0); 
INSERT INTO person VALUES (893947566, 'Nicholas', 'MALE', 'Hill', 1165.0); 
INSERT INTO person VALUES (4207151849, 'Emily', 'FEMALE', 'Palmer', 825.0); 
INSERT INTO person VALUES (2749301646, 'Judy', 'FEMALE', 'Palmer', 553.0); 
INSERT INTO person VALUES (326214440, 'Matthew', 'MALE', 'Price', 1105.0); 
INSERT INTO person VALUES (6967227796, 'Randy', 'MALE', 'King', 223.0); 
INSERT INTO person VALUES (137581807, 'Joe', 'MALE', 'Murphy', 1631.0); 
INSERT INTO person VALUES (927517788, 'Betty', 'FEMALE', 'Edwards', 986.0); 
INSERT INTO person VALUES (471838315, 'Joe', 'MALE', 'Anderson', 1164.0); 
INSERT INTO person VALUES (4884877095, 'Jean', 'FEMALE', 'Bell', 1596.0); 
INSERT INTO person VALUES (2342419636, 'Vincent', 'MALE', 'Simpson', 1618.0); 
INSERT INTO person VALUES (8012238526, 'Andrew', 'MALE', 'Richardson', 2013.0); 
INSERT INTO person VALUES (9149777610, 'Kimberly', 'FEMALE', 'Fox', 908.0); 
INSERT INTO person VALUES (9324786680, 'Frank', 'MALE', 'Thomas', 1445.0); 
INSERT INTO person VALUES (8482343494, 'Arthur', 'MALE', 'Clark', 1124.0); 
INSERT INTO person VALUES (7186604190, 'Andrea', 'FEMALE', 'Palmer', 1769.0); 
INSERT INTO person VALUES (10723225, 'Anthony', 'MALE', 'Baker', 1812.0); 
INSERT INTO person VALUES (4347509264, 'Ralph', 'MALE', 'Green', 1627.0); 
INSERT INTO person VALUES (30176796, 'Johnny', 'MALE', 'Adams', 1249.0); 
INSERT INTO person VALUES (2789142945, 'Teresa', 'FEMALE', 'Hunter', 855.0); 
INSERT INTO person VALUES (5684115073, 'Donna', 'FEMALE', 'Griffiths', 64.0); 
INSERT INTO person VALUES (9461772091, 'Jeffrey', 'MALE', 'Thompson', 857.0); 
INSERT INTO person VALUES (9996562880, 'Jacqueline', 'FEMALE', 'Martin', 136.0); 
INSERT INTO person VALUES (8001617102, 'Samuel', 'MALE', 'Robertson', 1996.0); 
INSERT INTO person VALUES (1050161211, 'Hannah', 'FEMALE', 'Russell', 1699.0); 
INSERT INTO person VALUES (4409886492, 'Jeffrey', 'MALE', 'Mason', 1644.0); 
INSERT INTO person VALUES (9548591598, 'Tiffany', 'FEMALE', 'Stevens', 1749.0); 
INSERT INTO person VALUES (2969526413, 'Matthew', 'MALE', 'Thompson', 1334.0); 
INSERT INTO person VALUES (3096392634, 'Louis', 'MALE', 'Ross', 86.0); 
INSERT INTO person VALUES (7311973203, 'Natalie', 'FEMALE', 'Cox', 936.0); 
INSERT INTO person VALUES (4986336186, 'John', 'MALE', 'Rogers', 985.0); 
INSERT INTO person VALUES (6800259979, 'Johnny', 'MALE', 'Roberts', 205.0); 
INSERT INTO person VALUES (196525865, 'Christopher', 'MALE', 'Clarke', 1933.0); 
INSERT INTO person VALUES (1812581488, 'Betty', 'FEMALE', 'Collins', 109.0); 
INSERT INTO person VALUES (5263612882, 'Eric', 'MALE', 'Thomas', 1121.0); 
INSERT INTO person VALUES (987600286, 'Raymond', 'MALE', 'Palmer', 1450.0); 
INSERT INTO person VALUES (1497237695, 'Jean', 'FEMALE', 'Baker', 1992.0); 
INSERT INTO person VALUES (7035195127, 'Christian', 'MALE', 'Moore', 1715.0); 
INSERT INTO person VALUES (5707116075, 'Teresa', 'FEMALE', 'Davis', 923.0); 
INSERT INTO person VALUES (4903151057, 'Walter', 'MALE', 'Robertson', 1561.0); 
INSERT INTO person VALUES (3362994886, 'Ann', 'FEMALE', 'Hunter', 643.0); 
INSERT INTO person VALUES (1335189647, 'Adam', 'MALE', 'King', 1209.0); 
INSERT INTO person VALUES (1030108427, 'Austin', 'MALE', 'Morris', 1978.0); 
INSERT INTO person VALUES (9488285007, 'Carolyn', 'FEMALE', 'Kennedy', 331.0); 
INSERT INTO person VALUES (6175326415, 'Harry', 'MALE', 'Murphy', 1750.0); 
INSERT INTO person VALUES (711032681, 'Paul', 'MALE', 'Robinson', 1030.0); 
INSERT INTO person VALUES (7155158202, 'Debra', 'FEMALE', 'Hall', 1415.0); 
INSERT INTO person VALUES (4772888291, 'Linda', 'FEMALE', 'Bell', 587.0); 
INSERT INTO person VALUES (6819376768, 'Jacob', 'MALE', 'Griffiths', 375.0); 
INSERT INTO person VALUES (9225903152, 'Joseph', 'MALE', 'Martin', 529.0); 
INSERT INTO person VALUES (2588665187, 'Rose', 'FEMALE', 'Owen', 82.0); 
INSERT INTO person VALUES (499515296, 'Samantha', 'FEMALE', 'Bell', 981.0); 
INSERT INTO person VALUES (831236060, 'Harold', 'MALE', 'Bennett', 1545.0); 
INSERT INTO person VALUES (4039445015, 'Frances', 'FEMALE', 'Parker', 1379.0); 
INSERT INTO person VALUES (5743401901, 'Sarah', 'FEMALE', 'Patel', 45.0); 
INSERT INTO person VALUES (6782560633, 'Doris', 'FEMALE', 'Richardson', 686.0); 
INSERT INTO person VALUES (3464106203, 'Amber', 'FEMALE', 'Robertson', 422.0); 
INSERT INTO person VALUES (940967560, 'Sharon', 'FEMALE', 'Palmer', 1982.0); 
INSERT INTO person VALUES (1942188433, 'Gabriel', 'MALE', 'Harrison', 216.0); 
INSERT INTO person VALUES (3432704589, 'David', 'MALE', 'Johnson', 1547.0); 
INSERT INTO person VALUES (720832088, 'Walter', 'MALE', 'Carter', 747.0); 
INSERT INTO person VALUES (861256854, 'Eric', 'MALE', 'Fox', 1381.0); 
INSERT INTO person VALUES (2603117048, 'Kathleen', 'FEMALE', 'Watson', 496.0); 
INSERT INTO person VALUES (2417193943, 'George', 'MALE', 'Walker', 582.0); 
INSERT INTO person VALUES (9763702724, 'Emma', 'FEMALE', 'Marshall', 1507.0); 
INSERT INTO person VALUES (2665771647, 'Willie', 'MALE', 'Patel', 1376.0); 
INSERT INTO person VALUES (9580446850, 'Bobby', 'MALE', 'Ward', 1196.0); 
INSERT INTO person VALUES (7743481997, 'Victoria', 'FEMALE', 'Robinson', 1439.0); 
INSERT INTO person VALUES (3060709487, 'Kimberly', 'FEMALE', 'Saunders', 355.0); 
INSERT INTO person VALUES (6163362144, 'Ashley', 'FEMALE', 'Kennedy', 1335.0); 
INSERT INTO person VALUES (9531399128, 'Raymond', 'MALE', 'Carter', 1034.0); 
INSERT INTO person VALUES (972369814, 'Michelle', 'FEMALE', 'Saunders', 786.0); 
INSERT INTO person VALUES (2102637129, 'Sharon', 'FEMALE', 'Parker', 1724.0); 
INSERT INTO person VALUES (1459771305, 'Noah', 'MALE', 'Knight', 1061.0); 
INSERT INTO person VALUES (6766600584, 'Paul', 'MALE', 'Edwards', 514.0); 
INSERT INTO person VALUES (856965069, 'Zachary', 'MALE', 'Bell', 115.0); 
INSERT INTO person VALUES (4598457912, 'Jose', 'MALE', 'Butler', 99.0); 
INSERT INTO person VALUES (4775255892, 'Gabriel', 'MALE', 'Hall', 1873.0); 
INSERT INTO person VALUES (8069844545, 'Gary', 'MALE', 'Marshall', 2039.0); 
INSERT INTO person VALUES (9323505597, 'Douglas', 'MALE', 'James', 23.0); 
INSERT INTO person VALUES (3668500209, 'Stephanie', 'FEMALE', 'Morris', 1974.0); 
INSERT INTO person VALUES (5628298263, 'Harold', 'MALE', 'Russell', 217.0); 
INSERT INTO person VALUES (9672169311, 'Wayne', 'MALE', 'Morris', 216.0); 
INSERT INTO person VALUES (6155881633, 'Jerry', 'MALE', 'Griffiths', 1624.0); 
INSERT INTO person VALUES (8725770142, 'Jonathan', 'MALE', 'Edwards', 563.0); 
INSERT INTO person VALUES (7877569961, 'Maria', 'FEMALE', 'Campbell', 1735.0); 
INSERT INTO person VALUES (4752988190, 'Patricia', 'FEMALE', 'Bennett', 151.0); 
INSERT INTO person VALUES (6846533884, 'Denise', 'FEMALE', 'Morris', 1057.0); 
INSERT INTO person VALUES (5510618314, 'Frances', 'FEMALE', 'Rose', 833.0); 
INSERT INTO person VALUES (6620554413, 'Michael', 'MALE', 'Stevens', 1758.0); 
INSERT INTO person VALUES (9606147326, 'Christopher', 'MALE', 'Harrison', 224.0); 
INSERT INTO person VALUES (2394304013, 'Ruth', 'FEMALE', 'Lewis', 1686.0); 
INSERT INTO person VALUES (7011663390, 'Betty', 'FEMALE', 'Powell', 714.0); 
INSERT INTO person VALUES (174538626, 'Russell', 'MALE', 'Cooper', 1226.0); 
INSERT INTO person VALUES (8002335319, 'Carl', 'MALE', 'Shaw', 396.0); 
INSERT INTO person VALUES (37969768, 'Rebecca', 'FEMALE', 'Kennedy', 930.0); 
INSERT INTO person VALUES (7900510294, 'Nicole', 'FEMALE', 'Williams', 143.0); 
INSERT INTO person VALUES (478942529, 'Roy', 'MALE', 'Wilson', 1853.0); 
INSERT INTO person VALUES (6084222705, 'Donald', 'MALE', 'Moore', 495.0); 
INSERT INTO person VALUES (309608889, 'Shirley', 'FEMALE', 'Wright', 2034.0); 
INSERT INTO person VALUES (2544332995, 'John', 'MALE', 'White', 152.0); 
INSERT INTO person VALUES (8353369652, 'Carol', 'FEMALE', 'Hill', 31.0); 
INSERT INTO person VALUES (470169749, 'Scott', 'MALE', 'Edwards', 598.0); 
INSERT INTO person VALUES (3929604126, 'Alexander', 'MALE', 'Wilkinson', 385.0); 
INSERT INTO person VALUES (622830330, 'Cheryl', 'FEMALE', 'Wilson', 233.0); 
INSERT INTO person VALUES (2267334153, 'Angela', 'FEMALE', 'Robinson', 2010.0); 
INSERT INTO person VALUES (2024307559, 'Natalie', 'FEMALE', 'Wilson', 1287.0); 
INSERT INTO person VALUES (4787526076, 'Steven', 'MALE', 'Graham', 1263.0); 
INSERT INTO person VALUES (4968408043, 'Gary', 'MALE', 'Hunt', 1566.0); 
INSERT INTO person VALUES (530346685, 'Nancy', 'FEMALE', 'Murray', 1029.0); 
INSERT INTO person VALUES (6936770433, 'Nicholas', 'MALE', 'Khan', 861.0); 
INSERT INTO person VALUES (9849311228, 'Megan', 'FEMALE', 'Walsh', 330.0); 
INSERT INTO person VALUES (3348691210, 'Vincent', 'MALE', 'White', 975.0); 
INSERT INTO person VALUES (7133925442, 'Debra', 'FEMALE', 'Robinson', 527.0); 
INSERT INTO person VALUES (2797836416, 'Debra', 'FEMALE', 'Ellis', 1506.0); 
INSERT INTO person VALUES (5385989531, 'Teresa', 'FEMALE', 'Ross', 1784.0); 
INSERT INTO person VALUES (9588628417, 'Anna', 'FEMALE', 'Green', 1284.0); 
INSERT INTO person VALUES (852138735, 'Janet', 'FEMALE', 'Ross', 1678.0); 
INSERT INTO person VALUES (1928718408, 'Diana', 'FEMALE', 'Phillips', 1615.0); 
INSERT INTO person VALUES (1608708941, 'Lawrence', 'MALE', 'Baker', 726.0); 
INSERT INTO person VALUES (9695512559, 'Nathan', 'MALE', 'Lloyd', 846.0); 
INSERT INTO person VALUES (5693481729, 'Harry', 'MALE', 'Price', 224.0); 
INSERT INTO person VALUES (3411539765, 'Jack', 'MALE', 'Cox', 1744.0); 
INSERT INTO person VALUES (4538953833, 'Christina', 'FEMALE', 'Matthews', 1532.0); 
INSERT INTO person VALUES (5426212844, 'Patricia', 'FEMALE', 'Hughes', 1152.0); 
INSERT INTO person VALUES (8224242535, 'Rose', 'FEMALE', 'Wright', 1928.0); 
INSERT INTO person VALUES (655626186, 'Douglas', 'MALE', 'Matthews', 1179.0); 
INSERT INTO person VALUES (4680659819, 'Noah', 'MALE', 'Richards', 1396.0); 
INSERT INTO person VALUES (1132788567, 'Helen', 'FEMALE', 'Anderson', 999.0); 
INSERT INTO person VALUES (396421620, 'Joyce', 'FEMALE', 'Ellis', 462.0); 
INSERT INTO person VALUES (573649786, 'Thomas', 'MALE', 'Moore', 757.0); 
INSERT INTO person VALUES (6982389443, 'Cynthia', 'FEMALE', 'Cook', 835.0); 
INSERT INTO person VALUES (9629437441, 'Nancy', 'FEMALE', 'Mitchell', 37.0); 
INSERT INTO person VALUES (599733552, 'Christian', 'MALE', 'Wood', 1055.0); 
INSERT INTO person VALUES (3173871587, 'Debra', 'FEMALE', 'Murphy', 204.0); 
INSERT INTO person VALUES (5444851354, 'Cynthia', 'FEMALE', 'Rose', 739.0); 
INSERT INTO person VALUES (9350419746, 'Kelly', 'FEMALE', 'Morris', 1435.0); 
INSERT INTO person VALUES (497241371, 'Michelle', 'FEMALE', 'Owen', 1183.0); 
INSERT INTO person VALUES (8898745300, 'Joyce', 'FEMALE', 'Hall', 1175.0); 
INSERT INTO person VALUES (8711820021, 'Christopher', 'MALE', 'Graham', 252.0); 
INSERT INTO person VALUES (8083194306, 'Gloria', 'FEMALE', 'Robertson', 1262.0); 
INSERT INTO person VALUES (8772751434, 'Jessica', 'FEMALE', 'Bailey', 1169.0); 
INSERT INTO person VALUES (1144568065, 'Linda', 'FEMALE', 'Bennett', 485.0); 
INSERT INTO person VALUES (67943670, 'Jesse', 'MALE', 'Wood', 1051.0); 
INSERT INTO person VALUES (8224503235, 'Vincent', 'MALE', 'Gray', 1362.0); 
INSERT INTO person VALUES (5940230349, 'David', 'MALE', 'Hunt', 253.0); 
INSERT INTO person VALUES (3011692979, 'Amanda', 'FEMALE', 'Gray', 1975.0); 
INSERT INTO person VALUES (629415070, 'Lauren', 'FEMALE', 'Price', 371.0); 
INSERT INTO person VALUES (4643549681, 'James', 'MALE', 'Watson', 1395.0); 
INSERT INTO person VALUES (6128395677, 'Bruce', 'MALE', 'Walker', 983.0); 
INSERT INTO person VALUES (58553551, 'Timothy', 'MALE', 'Kennedy', 398.0); 
INSERT INTO person VALUES (508422943, 'Bryan', 'MALE', 'Bennett', 1099.0); 
INSERT INTO person VALUES (9026726205, 'Samantha', 'FEMALE', 'Roberts', 38.0); 
INSERT INTO person VALUES (2710278347, 'Robert', 'MALE', 'Reid', 601.0); 
INSERT INTO person VALUES (9809391832, 'Natalie', 'FEMALE', 'Murphy', 648.0); 
INSERT INTO person VALUES (9867701196, 'Kevin', 'MALE', 'Taylor', 824.0); 
INSERT INTO person VALUES (3844571224, 'Jeremy', 'MALE', 'Bennett', 1818.0); 
INSERT INTO person VALUES (3289957286, 'Angela', 'FEMALE', 'Collins', 677.0); 
INSERT INTO person VALUES (331629846, 'Janet', 'FEMALE', 'Hughes', 2006.0); 
INSERT INTO person VALUES (4257348825, 'Brenda', 'FEMALE', 'Lee', 2020.0); 
INSERT INTO person VALUES (4982756874, 'Jerry', 'MALE', 'Richards', 980.0); 
INSERT INTO person VALUES (4977825541, 'Logan', 'MALE', 'Powell', 1308.0); 
INSERT INTO person VALUES (7639278008, 'Denise', 'FEMALE', 'Rose', 1980.0); 
INSERT INTO person VALUES (5627405272, 'Sharon', 'FEMALE', 'Parker', 324.0); 
INSERT INTO person VALUES (4481943905, 'Marilyn', 'FEMALE', 'Jackson', 1342.0); 
INSERT INTO person VALUES (9104662221, 'Christian', 'MALE', 'Wood', 424.0); 
INSERT INTO person VALUES (4237634596, 'Stephen', 'MALE', 'Kennedy', 460.0); 
INSERT INTO person VALUES (8781634162, 'George', 'MALE', 'Stewart', 52.0); 
INSERT INTO person VALUES (3847277678, 'Deborah', 'FEMALE', 'Butler', 531.0); 
INSERT INTO person VALUES (1643855867, 'Harold', 'MALE', 'Chapman', 358.0); 
INSERT INTO person VALUES (1647796946, 'Julia', 'FEMALE', 'Baker', 254.0); 
INSERT INTO person VALUES (6137792776, 'Joan', 'FEMALE', 'Cook', 80.0); 
INSERT INTO person VALUES (3947144080, 'Jacob', 'MALE', 'Thomson', 69.0); 
INSERT INTO person VALUES (1926352401, 'Christina', 'FEMALE', 'Reid', 140.0); 
INSERT INTO person VALUES (7618177869, 'Paul', 'MALE', 'Rose', 326.0); 
INSERT INTO person VALUES (397345273, 'Terry', 'MALE', 'King', 1336.0); 
INSERT INTO person VALUES (9601555123, 'Barbara', 'FEMALE', 'Campbell', 1442.0); 
INSERT INTO person VALUES (7532284598, 'Noah', 'MALE', 'Wright', 545.0); 
INSERT INTO person VALUES (7055299905, 'Carolyn', 'FEMALE', 'Anderson', 159.0); 
INSERT INTO person VALUES (9275114584, 'Ethan', 'MALE', 'Murphy', 1172.0); 
INSERT INTO person VALUES (5702191257, 'Melissa', 'FEMALE', 'Mitchell', 340.0); 
INSERT INTO person VALUES (7626780050, 'Beverly', 'FEMALE', 'Powell', 366.0); 
INSERT INTO person VALUES (926125392, 'Steven', 'MALE', 'Phillips', 1910.0); 
INSERT INTO person VALUES (9507761082, 'Diane', 'FEMALE', 'Mitchell', 664.0); 
INSERT INTO person VALUES (6907690852, 'Rachel', 'FEMALE', 'Owen', 811.0); 
INSERT INTO person VALUES (463140904, 'Patrick', 'MALE', 'Adams', 343.0); 
INSERT INTO person VALUES (462971897, 'Ryan', 'MALE', 'Griffiths', 1380.0); 
INSERT INTO person VALUES (9141625513, 'James', 'MALE', 'Hunter', 1290.0); 
INSERT INTO person VALUES (4758247094, 'Diane', 'FEMALE', 'Harris', 1264.0); 
INSERT INTO person VALUES (3284441166, 'David', 'MALE', 'Watson', 637.0); 
INSERT INTO person VALUES (6200160448, 'Samuel', 'MALE', 'Ward', 1198.0); 
INSERT INTO person VALUES (2827779385, 'Johnny', 'MALE', 'Griffiths', 1265.0); 
INSERT INTO person VALUES (4477948451, 'Alexis', 'FEMALE', 'Lewis', 179.0); 
INSERT INTO person VALUES (4417596179, 'Willie', 'MALE', 'Morgan', 1017.0); 
INSERT INTO person VALUES (5094448064, 'Jacob', 'MALE', 'Powell', 926.0); 
INSERT INTO person VALUES (474287877, 'Carol', 'FEMALE', 'Roberts', 840.0); 
INSERT INTO person VALUES (8575581151, 'Nicole', 'FEMALE', 'Davies', 237.0); 
INSERT INTO person VALUES (8002123901, 'Sara', 'FEMALE', 'Ward', 338.0); 
INSERT INTO person VALUES (42596482, 'Rachel', 'FEMALE', 'Campbell', 569.0); 
INSERT INTO person VALUES (7678708525, 'Edward', 'MALE', 'Wilkinson', 143.0); 
INSERT INTO person VALUES (5958800538, 'Roy', 'MALE', 'Hill', 395.0); 
INSERT INTO person VALUES (1492138912, 'Susan', 'FEMALE', 'Hughes', 565.0); 
INSERT INTO person VALUES (1747225524, 'Diana', 'FEMALE', 'Scott', 428.0); 
INSERT INTO person VALUES (4773723353, 'Evelyn', 'FEMALE', 'Davies', 312.0); 
INSERT INTO person VALUES (3225672943, 'Jean', 'FEMALE', 'Stevens', 1019.0); 
INSERT INTO person VALUES (4799597617, 'Patricia', 'FEMALE', 'Robinson', 1450.0); 
INSERT INTO person VALUES (3177142452, 'Douglas', 'MALE', 'Harrison', 1431.0); 
INSERT INTO person VALUES (2472532762, 'Katherine', 'FEMALE', 'Palmer', 762.0); 
INSERT INTO person VALUES (9486590653, 'Betty', 'FEMALE', 'Griffiths', 1504.0); 
INSERT INTO person VALUES (7832446882, 'Danielle', 'FEMALE', 'Lee', 668.0); 
INSERT INTO person VALUES (3042827724, 'Kathleen', 'FEMALE', 'Murphy', 2032.0); 
INSERT INTO person VALUES (9323226429, 'Melissa', 'FEMALE', 'Richardson', 2002.0); 
INSERT INTO person VALUES (7239469806, 'Natalie', 'FEMALE', 'Ross', 1944.0); 
INSERT INTO person VALUES (1118417, 'Christina', 'FEMALE', 'Lewis', 869.0); 
INSERT INTO person VALUES (1035592934, 'Frances', 'FEMALE', 'Griffiths', 1469.0); 
INSERT INTO person VALUES (5464389617, 'Stephen', 'MALE', 'Hughes', 1050.0); 
INSERT INTO person VALUES (9531954495, 'Kyle', 'MALE', 'Lloyd', 1891.0); 
INSERT INTO person VALUES (1239757463, 'Brenda', 'FEMALE', 'Robertson', 285.0); 
INSERT INTO person VALUES (9380928317, 'Steven', 'MALE', 'Campbell', 1564.0); 
INSERT INTO person VALUES (1818702714, 'Nathan', 'MALE', 'Simpson', 1033.0); 
INSERT INTO person VALUES (799370126, 'Jordan', 'MALE', 'Rogers', 1627.0); 
INSERT INTO person VALUES (9113676921, 'Arthur', 'MALE', 'Stewart', 1272.0); 
INSERT INTO person VALUES (8449625039, 'Mark', 'MALE', 'Wilson', 1315.0); 
INSERT INTO person VALUES (6343247478, 'Karen', 'FEMALE', 'Parker', 1176.0); 
INSERT INTO person VALUES (7174395014, 'Ryan', 'MALE', 'Reid', 1636.0); 
INSERT INTO person VALUES (642786820, 'Karen', 'FEMALE', 'Clark', 1067.0); 
INSERT INTO person VALUES (890491619, 'Harry', 'MALE', 'Palmer', 355.0); 
INSERT INTO person VALUES (7026645403, 'Donna', 'FEMALE', 'Wilson', 193.0); 
INSERT INTO person VALUES (8031351446, 'James', 'MALE', 'Anderson', 823.0); 
INSERT INTO person VALUES (582164074, 'Ethan', 'MALE', 'Wilson', 658.0); 
INSERT INTO person VALUES (8910434153, 'Lisa', 'FEMALE', 'Hunt', 1495.0); 
INSERT INTO person VALUES (772421737, 'Lauren', 'FEMALE', 'Reynolds', 514.0); 
INSERT INTO person VALUES (7448655921, 'Joe', 'MALE', 'Matthews', 1255.0); 
INSERT INTO person VALUES (153498772, 'Wayne', 'MALE', 'Evans', 1288.0); 
INSERT INTO person VALUES (5436436643, 'Frances', 'FEMALE', 'Mason', 504.0); 
INSERT INTO person VALUES (3437313162, 'Joan', 'FEMALE', 'Simpson', 1921.0); 
INSERT INTO person VALUES (1197312993, 'Christina', 'FEMALE', 'Kennedy', 49.0); 
INSERT INTO person VALUES (1417880763, 'Nicole', 'FEMALE', 'Allen', 779.0); 
INSERT INTO person VALUES (7403150542, 'Jonathan', 'MALE', 'Clarke', 1615.0); 
INSERT INTO person VALUES (6131617746, 'Charles', 'MALE', 'Edwards', 666.0); 
INSERT INTO person VALUES (4864788119, 'Joshua', 'MALE', 'Harrison', 1793.0); 
INSERT INTO person VALUES (2862274112, 'George', 'MALE', 'Harris', 386.0); 
INSERT INTO person VALUES (8622381781, 'Lawrence', 'MALE', 'Williams', 1916.0); 
INSERT INTO person VALUES (853122730, 'Randy', 'MALE', 'Jones', 697.0); 
INSERT INTO person VALUES (975152153, 'Kyle', 'MALE', 'Taylor', 1223.0); 
INSERT INTO person VALUES (110467027, 'Frank', 'MALE', 'Evans', 1722.0); 
INSERT INTO person VALUES (357748849, 'Lauren', 'FEMALE', 'Russell', 2012.0); 
INSERT INTO person VALUES (4517638879, 'Eric', 'MALE', 'Morgan', 1336.0); 
INSERT INTO person VALUES (77153596, 'Samuel', 'MALE', 'Price', 511.0); 
INSERT INTO person VALUES (2105281149, 'Brian', 'MALE', 'Cooper', 15.0); 
INSERT INTO person VALUES (43177127, 'Catherine', 'FEMALE', 'Cooper', 1613.0); 
INSERT INTO person VALUES (6493919503, 'Sharon', 'FEMALE', 'Parker', 1661.0); 
INSERT INTO person VALUES (5901344424, 'Gabriel', 'MALE', 'Evans', 1690.0); 
INSERT INTO person VALUES (2766376640, 'Sarah', 'FEMALE', 'Robertson', 1433.0); 
INSERT INTO person VALUES (2392692515, 'Angela', 'FEMALE', 'Ross', 456.0); 
INSERT INTO person VALUES (908747970, 'Roger', 'MALE', 'Murphy', 807.0); 
INSERT INTO person VALUES (867561326, 'Sara', 'FEMALE', 'Hughes', 1399.0); 
INSERT INTO person VALUES (37798280, 'Terry', 'MALE', 'Parker', 231.0); 
INSERT INTO person VALUES (2547181500, 'Christian', 'MALE', 'Wood', 385.0); 
INSERT INTO person VALUES (5436239399, 'Elizabeth', 'FEMALE', 'Johnson', 1952.0); 
INSERT INTO person VALUES (9441246379, 'James', 'MALE', 'Patel', 146.0); 
INSERT INTO person VALUES (3004472851, 'Carolyn', 'FEMALE', 'Miller', 1103.0); 
INSERT INTO person VALUES (7907395157, 'Gabriel', 'MALE', 'Cooper', 1477.0); 
INSERT INTO person VALUES (236920417, 'Stephanie', 'FEMALE', 'Russell', 1085.0); 
INSERT INTO person VALUES (6147779678, 'Roger', 'MALE', 'Evans', 1083.0); 
INSERT INTO person VALUES (8595889340, 'Jordan', 'MALE', 'Reynolds', 166.0); 
INSERT INTO person VALUES (3766491187, 'Maria', 'FEMALE', 'Scott', 1967.0); 
INSERT INTO person VALUES (3736925269, 'Kelly', 'FEMALE', 'Davies', 392.0); 
INSERT INTO person VALUES (4216991169, 'Ruth', 'FEMALE', 'Bennett', 1773.0); 
INSERT INTO person VALUES (4378171057, 'David', 'MALE', 'Robertson', 1560.0); 
INSERT INTO person VALUES (7995830934, 'Douglas', 'MALE', 'Thomson', 1301.0); 
INSERT INTO person VALUES (892877224, 'Nicholas', 'MALE', 'Saunders', 1913.0); 
INSERT INTO person VALUES (4459319896, 'Judy', 'FEMALE', 'Parker', 988.0); 
INSERT INTO person VALUES (897682545, 'Carl', 'MALE', 'Hughes', 814.0); 
INSERT INTO person VALUES (1665577437, 'Daniel', 'MALE', 'Richardson', 634.0); 
INSERT INTO person VALUES (5011711149, 'Noah', 'MALE', 'Roberts', 1612.0); 
INSERT INTO person VALUES (2957696107, 'Margaret', 'FEMALE', 'Harrison', 271.0); 
INSERT INTO person VALUES (6959804197, 'Charles', 'MALE', 'Saunders', 749.0); 
INSERT INTO person VALUES (5690875923, 'Christian', 'MALE', 'Brown', 1699.0); 
INSERT INTO person VALUES (4331836278, 'William', 'MALE', 'Hunt', 1051.0); 
INSERT INTO person VALUES (9576635159, 'Joe', 'MALE', 'Shaw', 1222.0); 
INSERT INTO person VALUES (2689553783, 'Judith', 'FEMALE', 'Lewis', 1914.0); 
INSERT INTO person VALUES (837639735, 'Lawrence', 'MALE', 'Rose', 559.0); 
INSERT INTO person VALUES (3836637621, 'Stephen', 'MALE', 'Turner', 1656.0); 
INSERT INTO person VALUES (1071251842, 'Ruth', 'FEMALE', 'Young', 656.0); 
INSERT INTO person VALUES (7908736638, 'Natalie', 'FEMALE', 'Patel', 915.0); 
INSERT INTO person VALUES (5078212557, 'Scott', 'MALE', 'Williams', 408.0); 
INSERT INTO person VALUES (3528370121, 'Jerry', 'MALE', 'Bennett', 354.0); 
INSERT INTO person VALUES (644529770, 'Jessica', 'FEMALE', 'Cooper', 1544.0); 
INSERT INTO person VALUES (2118765042, 'Amanda', 'FEMALE', 'Russell', 1800.0); 
INSERT INTO person VALUES (9076431898, 'Thomas', 'MALE', 'Allen', 579.0); 
INSERT INTO person VALUES (1759411576, 'Juan', 'MALE', 'Richards', 1783.0); 
INSERT INTO person VALUES (8200212681, 'Terry', 'MALE', 'Bailey', 266.0); 
INSERT INTO person VALUES (521202351, 'Anna', 'FEMALE', 'Hall', 1914.0); 
INSERT INTO person VALUES (2251879133, 'Gary', 'MALE', 'Gray', 216.0); 
INSERT INTO person VALUES (8636608519, 'Madison', 'FEMALE', 'Baker', 1357.0); 
INSERT INTO person VALUES (4592622980, 'Jacob', 'MALE', 'Phillips', 581.0); 
INSERT INTO person VALUES (7677158769, 'Anthony', 'MALE', 'Rose', 1381.0); 
INSERT INTO person VALUES (5151368016, 'Alan', 'MALE', 'Stevens', 994.0); 
INSERT INTO person VALUES (426473652, 'Sharon', 'FEMALE', 'Harrison', 1791.0); 
INSERT INTO person VALUES (8658557570, 'Lisa', 'FEMALE', 'Kennedy', 1050.0); 
INSERT INTO person VALUES (6692893134, 'Brian', 'MALE', 'Ellis', 469.0); 
INSERT INTO person VALUES (8632796436, 'Victoria', 'FEMALE', 'Adams', 1718.0); 
INSERT INTO person VALUES (8132274095, 'Kelly', 'FEMALE', 'Roberts', 1117.0); 
INSERT INTO person VALUES (8002162014, 'Keith', 'MALE', 'Bennett', 1309.0); 
INSERT INTO person VALUES (7131358922, 'Zachary', 'MALE', 'Holmes', 1706.0); 
INSERT INTO person VALUES (3428365262, 'Melissa', 'FEMALE', 'Reid', 1731.0); 
INSERT INTO person VALUES (9489586636, 'Judy', 'FEMALE', 'Thomson', 177.0); 
INSERT INTO person VALUES (3135341278, 'Diana', 'FEMALE', 'Matthews', 174.0); 
INSERT INTO person VALUES (9230972695, 'Amanda', 'FEMALE', 'Khan', 1409.0); 
INSERT INTO person VALUES (9670853507, 'Ralph', 'MALE', 'Parker', 397.0); 
INSERT INTO person VALUES (6301489313, 'Julie', 'FEMALE', 'Palmer', 1631.0); 
INSERT INTO person VALUES (9858828794, 'Susan', 'FEMALE', 'Murray', 720.0); 
INSERT INTO person VALUES (5464579509, 'Debra', 'FEMALE', 'Patel', 1426.0); 
INSERT INTO person VALUES (5713130622, 'Sarah', 'FEMALE', 'Wood', 561.0); 
INSERT INTO person VALUES (2035208099, 'Patricia', 'FEMALE', 'Hunt', 443.0); 
INSERT INTO person VALUES (6533505304, 'Carol', 'FEMALE', 'Robinson', 385.0); 
INSERT INTO person VALUES (2981442342, 'Frances', 'FEMALE', 'Ward', 486.0); 
INSERT INTO person VALUES (4409384585, 'Susan', 'FEMALE', 'Palmer', 1007.0); 
INSERT INTO person VALUES (5359943093, 'Abigail', 'FEMALE', 'Matthews', 1733.0); 
INSERT INTO person VALUES (1323934915, 'Judy', 'FEMALE', 'Robinson', 1255.0); 
INSERT INTO person VALUES (204291385, 'Barbara', 'FEMALE', 'Brown', 928.0); 
INSERT INTO person VALUES (5401248561, 'Eric', 'MALE', 'Edwards', 498.0); 
INSERT INTO person VALUES (7674760563, 'Joseph', 'MALE', 'Matthews', 844.0); 
INSERT INTO person VALUES (9335368048, 'Walter', 'MALE', 'Davies', 420.0); 
INSERT INTO person VALUES (620234085, 'Kathleen', 'FEMALE', 'Jackson', 942.0); 
INSERT INTO person VALUES (3958119251, 'Andrea', 'FEMALE', 'Moore', 1534.0); 
INSERT INTO person VALUES (7325855340, 'Diana', 'FEMALE', 'Hughes', 90.0); 
INSERT INTO person VALUES (1171649394, 'Susan', 'FEMALE', 'Martin', 511.0); 
INSERT INTO person VALUES (9681648106, 'Gerald', 'MALE', 'Murphy', 49.0); 
INSERT INTO person VALUES (415476654, 'Emma', 'FEMALE', 'Taylor', 1369.0); 
INSERT INTO person VALUES (7288162461, 'Peter', 'MALE', 'Russell', 561.0); 
INSERT INTO person VALUES (2384563776, 'Christopher', 'MALE', 'Collins', 1818.0); 
INSERT INTO person VALUES (613256929, 'Donald', 'MALE', 'Walker', 1988.0); 
INSERT INTO person VALUES (9339937813, 'Brenda', 'FEMALE', 'Lloyd', 1558.0); 
INSERT INTO person VALUES (5226227664, 'David', 'MALE', 'Cook', 1677.0); 
INSERT INTO person VALUES (8003153729, 'Jacob', 'MALE', 'Kelly', 1904.0); 
INSERT INTO person VALUES (828421596, 'Marie', 'FEMALE', 'Williams', 1287.0); 
INSERT INTO person VALUES (4232106228, 'Russell', 'MALE', 'Brown', 28.0); 
INSERT INTO person VALUES (842833189, 'Lori', 'FEMALE', 'Price', 626.0); 
INSERT INTO person VALUES (7447449901, 'Joyce', 'FEMALE', 'Bennett', 1594.0); 
INSERT INTO person VALUES (5195872123, 'Andrea', 'FEMALE', 'Davis', 1981.0); 
INSERT INTO person VALUES (175313957, 'Jason', 'MALE', 'Thomas', 549.0); 
INSERT INTO person VALUES (5683118580, 'Sean', 'MALE', 'Saunders', 226.0); 
INSERT INTO person VALUES (2889868791, 'Terry', 'MALE', 'Powell', 1763.0); 
INSERT INTO person VALUES (8531248434, 'Betty', 'FEMALE', 'Reid', 289.0); 
INSERT INTO person VALUES (925695035, 'Larry', 'MALE', 'Hughes', 1720.0); 
INSERT INTO person VALUES (4733835520, 'Pamela', 'FEMALE', 'Williams', 940.0); 
INSERT INTO person VALUES (8463252124, 'Rebecca', 'FEMALE', 'Parker', 2029.0); 
INSERT INTO person VALUES (6797923166, 'George', 'MALE', 'Anderson', 379.0); 
INSERT INTO person VALUES (746176698, 'Hannah', 'FEMALE', 'Miller', 1135.0); 
INSERT INTO person VALUES (7462931460, 'Ethan', 'MALE', 'Murray', 1486.0); 
INSERT INTO person VALUES (8554148093, 'Megan', 'FEMALE', 'Davies', 661.0); 
INSERT INTO person VALUES (2416237521, 'John', 'MALE', 'Murray', 1039.0); 
INSERT INTO person VALUES (9283928987, 'Carolyn', 'FEMALE', 'Thomas', 759.0); 
INSERT INTO person VALUES (8314868668, 'Timothy', 'MALE', 'Hughes', 1310.0); 
INSERT INTO person VALUES (838466958, 'Mary', 'FEMALE', 'Graham', 1945.0); 
INSERT INTO person VALUES (2150496342, 'Jesse', 'MALE', 'Butler', 1460.0); 
INSERT INTO person VALUES (8298573664, 'Timothy', 'MALE', 'Hunter', 210.0); 
INSERT INTO person VALUES (3065953524, 'Ruth', 'FEMALE', 'Fox', 1610.0); 
INSERT INTO person VALUES (376381951, 'Anthony', 'MALE', 'Kelly', 1580.0); 
INSERT INTO person VALUES (234939924, 'Ryan', 'MALE', 'Stevens', 1836.0); 
INSERT INTO person VALUES (342419991, 'Danielle', 'FEMALE', 'Campbell', 1397.0); 
INSERT INTO person VALUES (7936475275, 'Joseph', 'MALE', 'Lloyd', 695.0); 
INSERT INTO person VALUES (8686291166, 'Donna', 'FEMALE', 'Lloyd', 1728.0); 
INSERT INTO person VALUES (2073637561, 'Mark', 'MALE', 'Graham', 831.0); 
INSERT INTO person VALUES (9343967734, 'Heather', 'FEMALE', 'Wilkinson', 273.0); 
INSERT INTO person VALUES (2913634148, 'Heather', 'FEMALE', 'Smith', 820.0); 
INSERT INTO person VALUES (4015307088, 'Patrick', 'MALE', 'Bell', 890.0); 
INSERT INTO person VALUES (4985331666, 'Rebecca', 'FEMALE', 'Cook', 681.0); 
INSERT INTO person VALUES (1637896909, 'Janet', 'FEMALE', 'Davis', 1311.0); 
INSERT INTO person VALUES (929975613, 'Emma', 'FEMALE', 'Holmes', 1576.0); 
INSERT INTO person VALUES (239497653, 'Mary', 'FEMALE', 'Lloyd', 1776.0); 
INSERT INTO person VALUES (213901299, 'Shirley', 'FEMALE', 'Moore', 1584.0); 
INSERT INTO person VALUES (1709249080, 'Gabriel', 'MALE', 'Edwards', 396.0); 
INSERT INTO person VALUES (4212340776, 'Jordan', 'MALE', 'Fox', 347.0); 
INSERT INTO person VALUES (2192966190, 'Kathryn', 'FEMALE', 'Davis', 1064.0); 
INSERT INTO person VALUES (902310256, 'Timothy', 'MALE', 'Hughes', 1897.0); 
INSERT INTO person VALUES (881496678, 'Steven', 'MALE', 'Ward', 1475.0); 
INSERT INTO person VALUES (1466692273, 'Sarah', 'FEMALE', 'Smith', 366.0); 
INSERT INTO person VALUES (1388227331, 'Randy', 'MALE', 'Bell', 1127.0); 
INSERT INTO person VALUES (6635857404, 'Vincent', 'MALE', 'Butler', 1338.0); 
INSERT INTO person VALUES (1022994621, 'Joan', 'FEMALE', 'Hughes', 235.0); 
INSERT INTO person VALUES (9057580713, 'Richard', 'MALE', 'Carter', 537.0); 
INSERT INTO person VALUES (5293211963, 'Frank', 'MALE', 'Miller', 1102.0); 
INSERT INTO person VALUES (2505255722, 'Victoria', 'FEMALE', 'James', 148.0); 
INSERT INTO person VALUES (747512621, 'Kathryn', 'FEMALE', 'Harris', 531.0); 
INSERT INTO person VALUES (8333478631, 'Russell', 'MALE', 'Clark', 372.0); 
INSERT INTO person VALUES (9491616494, 'Lawrence', 'MALE', 'Griffiths', 1461.0); 
INSERT INTO person VALUES (3225531566, 'Catherine', 'FEMALE', 'Campbell', 67.0); 
INSERT INTO person VALUES (8535156948, 'Joe', 'MALE', 'Bell', 1989.0); 
INSERT INTO person VALUES (8852927075, 'Elizabeth', 'FEMALE', 'Young', 176.0); 
INSERT INTO person VALUES (5884900217, 'Hannah', 'FEMALE', 'Murray', 749.0); 
INSERT INTO person VALUES (5409456954, 'Janice', 'FEMALE', 'James', 208.0); 
INSERT INTO person VALUES (57246974, 'Jesse', 'MALE', 'Phillips', 1717.0); 
INSERT INTO person VALUES (5888414358, 'Raymond', 'MALE', 'Griffiths', 673.0); 
INSERT INTO person VALUES (275229245, 'Doris', 'FEMALE', 'Mitchell', 1786.0); 
INSERT INTO person VALUES (4845205215, 'Jeffrey', 'MALE', 'Martin', 1611.0); 
INSERT INTO person VALUES (2434214718, 'Christian', 'MALE', 'Lee', 1880.0); 
INSERT INTO person VALUES (4616137188, 'Christian', 'MALE', 'Russell', 1653.0); 
INSERT INTO person VALUES (9402366505, 'Carol', 'FEMALE', 'Williams', 2003.0); 
INSERT INTO person VALUES (848854113, 'Peter', 'MALE', 'Kelly', 682.0); 
INSERT INTO person VALUES (1112144672, 'Charles', 'MALE', 'Evans', 1713.0); 
INSERT INTO person VALUES (6079781275, 'Debra', 'FEMALE', 'Turner', 484.0); 
INSERT INTO person VALUES (2125914478, 'Bruce', 'MALE', 'Rogers', 241.0); 
INSERT INTO person VALUES (2698250639, 'Jacob', 'MALE', 'Phillips', 589.0); 
INSERT INTO person VALUES (5602366582, 'Bryan', 'MALE', 'Bailey', 1985.0); 
INSERT INTO person VALUES (5239201712, 'Anna', 'FEMALE', 'Wood', 570.0); 
INSERT INTO person VALUES (936430848, 'Lawrence', 'MALE', 'Lewis', 138.0); 
INSERT INTO person VALUES (284597897, 'Katherine', 'FEMALE', 'Miller', 1066.0); 
INSERT INTO person VALUES (8434955416, 'Frances', 'FEMALE', 'Lloyd', 650.0); 
INSERT INTO person VALUES (607282814, 'Raymond', 'MALE', 'Lee', 1971.0); 
INSERT INTO person VALUES (5892156981, 'Susan', 'FEMALE', 'Russell', 1587.0); 
INSERT INTO person VALUES (8836927102, 'Judy', 'FEMALE', 'Powell', 54.0); 
INSERT INTO person VALUES (5353600650, 'Kevin', 'MALE', 'Harris', 322.0); 
INSERT INTO person VALUES (8271312770, 'Barbara', 'FEMALE', 'Rogers', 168.0); 
INSERT INTO person VALUES (762925083, 'Peter', 'MALE', 'Murray', 1822.0); 
INSERT INTO person VALUES (1979376457, 'Jason', 'MALE', 'Morgan', 131.0); 
INSERT INTO person VALUES (4002481053, 'Patricia', 'FEMALE', 'Thomson', 1654.0); 
INSERT INTO person VALUES (470920387, 'Vincent', 'MALE', 'Hughes', 1078.0); 
INSERT INTO person VALUES (9203242164, 'Vincent', 'MALE', 'Clark', 896.0); 
INSERT INTO person VALUES (3262313742, 'Julie', 'FEMALE', 'Roberts', 1643.0); 
INSERT INTO person VALUES (3155721548, 'Teresa', 'FEMALE', 'Harris', 1232.0); 
INSERT INTO person VALUES (295989362, 'Sara', 'FEMALE', 'Shaw', 1598.0); 
INSERT INTO person VALUES (532687362, 'Roger', 'MALE', 'Murphy', 298.0); 
INSERT INTO person VALUES (9616810721, 'Nathan', 'MALE', 'Bell', 1141.0); 
INSERT INTO person VALUES (9910515306, 'Nathan', 'MALE', 'Green', 1398.0); 
INSERT INTO person VALUES (9568989922, 'Jason', 'MALE', 'Graham', 1368.0); 
INSERT INTO person VALUES (613603956, 'Arthur', 'MALE', 'Cooper', 176.0); 
INSERT INTO person VALUES (7574805023, 'Vincent', 'MALE', 'Hunt', 248.0); 
INSERT INTO person VALUES (4833667075, 'Jerry', 'MALE', 'Moore', 905.0); 
INSERT INTO person VALUES (6479848355, 'Gloria', 'FEMALE', 'Jones', 1223.0); 
INSERT INTO person VALUES (606618329, 'Roger', 'MALE', 'Green', 1337.0); 
INSERT INTO person VALUES (768468928, 'Jeffrey', 'MALE', 'Rose', 1082.0); 
INSERT INTO person VALUES (9212392876, 'Carl', 'MALE', 'Johnson', 247.0); 
INSERT INTO person VALUES (3207811864, 'Joyce', 'FEMALE', 'Shaw', 657.0); 
INSERT INTO person VALUES (8012175401, 'Joseph', 'MALE', 'Walker', 897.0); 
INSERT INTO person VALUES (1589844543, 'Michael', 'MALE', 'Bennett', 1530.0); 
INSERT INTO person VALUES (4278696511, 'Brittany', 'FEMALE', 'Morgan', 1332.0); 
INSERT INTO person VALUES (1352759317, 'Jennifer', 'FEMALE', 'Cooper', 78.0); 
INSERT INTO person VALUES (182343517, 'Danielle', 'FEMALE', 'Lee', 344.0); 
INSERT INTO person VALUES (3362501140, 'Kenneth', 'MALE', 'White', 830.0); 
INSERT INTO person VALUES (9531534962, 'Richard', 'MALE', 'Harrison', 1829.0); 
INSERT INTO person VALUES (480157921, 'Joe', 'MALE', 'Hunt', 742.0); 
INSERT INTO person VALUES (8820411486, 'George', 'MALE', 'Robertson', 1597.0); 
INSERT INTO person VALUES (1897822951, 'Samuel', 'MALE', 'Smith', 1437.0); 
INSERT INTO person VALUES (6151282599, 'Lauren', 'FEMALE', 'Thompson', 356.0); 
INSERT INTO person VALUES (5392371480, 'Helen', 'FEMALE', 'Morris', 544.0); 
INSERT INTO person VALUES (5301276485, 'Michael', 'MALE', 'Allen', 1255.0); 
INSERT INTO person VALUES (6825544524, 'Jeffrey', 'MALE', 'Williams', 182.0); 
INSERT INTO person VALUES (1866708209, 'Dylan', 'MALE', 'Cook', 1030.0); 
INSERT INTO person VALUES (6612787819, 'Jose', 'MALE', 'Marshall', 1223.0); 
INSERT INTO person VALUES (1833303717, 'Marie', 'FEMALE', 'Hall', 1691.0); 
INSERT INTO person VALUES (3794315778, 'Emily', 'FEMALE', 'Bennett', 105.0); 
INSERT INTO person VALUES (5610789227, 'Juan', 'MALE', 'Smith', 1946.0); 
INSERT INTO person VALUES (4493251126, 'Diane', 'FEMALE', 'Bailey', 457.0); 
INSERT INTO person VALUES (5303127230, 'Matthew', 'MALE', 'Campbell', 1078.0); 
INSERT INTO person VALUES (8281400171, 'Michael', 'MALE', 'Scott', 1399.0); 
INSERT INTO person VALUES (3856204136, 'Evelyn', 'FEMALE', 'Knight', 654.0); 
INSERT INTO person VALUES (2828559376, 'Joe', 'MALE', 'Turner', 171.0); 
INSERT INTO person VALUES (604156005, 'Kathryn', 'FEMALE', 'Butler', 879.0); 
INSERT INTO person VALUES (52986952, 'Louis', 'MALE', 'Lloyd', 569.0); 
INSERT INTO person VALUES (5545266856, 'Donna', 'FEMALE', 'Powell', 1500.0); 
INSERT INTO person VALUES (1873117658, 'Randy', 'MALE', 'Hunter', 1552.0); 
INSERT INTO person VALUES (8918950411, 'Willie', 'MALE', 'Baker', 1134.0); 
INSERT INTO person VALUES (896632248, 'Diana', 'FEMALE', 'Rose', 499.0); 
INSERT INTO person VALUES (9250396064, 'Zachary', 'MALE', 'Harris', 1663.0); 
INSERT INTO person VALUES (5825225150, 'David', 'MALE', 'Stewart', 405.0); 
INSERT INTO person VALUES (736141355, 'Danielle', 'FEMALE', 'Carter', 378.0); 
INSERT INTO person VALUES (6317533776, 'Logan', 'MALE', 'Rogers', 338.0); 
INSERT INTO person VALUES (4352947704, 'Carol', 'FEMALE', 'Evans', 1533.0); 
INSERT INTO person VALUES (4502916647, 'Matthew', 'MALE', 'Wright', 636.0); 
INSERT INTO person VALUES (9487677905, 'Harold', 'MALE', 'Thomas', 467.0); 
INSERT INTO person VALUES (8581690257, 'Lauren', 'FEMALE', 'Allen', 1176.0); 
INSERT INTO person VALUES (7852380577, 'Sandra', 'FEMALE', 'Reid', 92.0); 
INSERT INTO person VALUES (8907278953, 'Philip', 'MALE', 'Thompson', 235.0); 
INSERT INTO person VALUES (5983908928, 'Alexis', 'FEMALE', 'Jones', 460.0); 
INSERT INTO person VALUES (2070499162, 'Barbara', 'FEMALE', 'Lewis', 779.0); 
INSERT INTO person VALUES (9733272740, 'Robert', 'MALE', 'Knight', 1319.0); 
INSERT INTO person VALUES (8621718137, 'Ethan', 'MALE', 'Jackson', 1796.0); 
INSERT INTO person VALUES (4716630237, 'Daniel', 'MALE', 'Mason', 861.0); 
INSERT INTO person VALUES (7749205183, 'Anna', 'FEMALE', 'Richardson', 985.0); 
INSERT INTO person VALUES (2691660547, 'Dennis', 'MALE', 'Walsh', 1890.0); 
INSERT INTO person VALUES (1360865520, 'Justin', 'MALE', 'Bailey', 1128.0); 
INSERT INTO person VALUES (525760972, 'Nathan', 'MALE', 'Owen', 1559.0); 
INSERT INTO person VALUES (5272626891, 'Karen', 'FEMALE', 'Walsh', 512.0); 
INSERT INTO person VALUES (6552532506, 'Ethan', 'MALE', 'Robinson', 539.0); 
INSERT INTO person VALUES (1409678491, 'Bryan', 'MALE', 'Thomas', 705.0); 
INSERT INTO person VALUES (8090751415, 'Ann', 'FEMALE', 'Murray', 354.0); 
INSERT INTO person VALUES (1304760310, 'Louis', 'MALE', 'Murray', 2018.0); 
INSERT INTO person VALUES (367076759, 'Eugene', 'MALE', 'Palmer', 2037.0); 
INSERT INTO person VALUES (4141816595, 'Rebecca', 'FEMALE', 'Cox', 1958.0); 
INSERT INTO person VALUES (7314169181, 'Andrew', 'MALE', 'Thomson', 357.0); 
INSERT INTO person VALUES (7966685680, 'Peter', 'MALE', 'Evans', 819.0); 
INSERT INTO person VALUES (9227453795, 'Daniel', 'MALE', 'Baker', 322.0); 
INSERT INTO person VALUES (8391554050, 'Keith', 'MALE', 'Reid', 764.0); 
INSERT INTO person VALUES (4741161682, 'Debra', 'FEMALE', 'Stewart', 1628.0); 
INSERT INTO person VALUES (7584687488, 'Bruce', 'MALE', 'Owen', 813.0); 
INSERT INTO person VALUES (9472445159, 'Ruth', 'FEMALE', 'Collins', 1433.0); 
INSERT INTO person VALUES (7009326738, 'Donald', 'MALE', 'Wilkinson', 1071.0); 
INSERT INTO person VALUES (4861649995, 'Tiffany', 'FEMALE', 'Watson', 1383.0); 
INSERT INTO person VALUES (9282537849, 'Sharon', 'FEMALE', 'Thomas', 520.0); 
INSERT INTO person VALUES (1694314229, 'Sara', 'FEMALE', 'Brown', 1901.0); 
INSERT INTO person VALUES (8636504893, 'Elizabeth', 'FEMALE', 'Wood', 902.0); 
INSERT INTO person VALUES (5383172752, 'Sarah', 'FEMALE', 'Reid', 938.0); 
INSERT INTO person VALUES (143089644, 'Lauren', 'FEMALE', 'Hill', 543.0); 
INSERT INTO person VALUES (1949606763, 'Andrew', 'MALE', 'Bennett', 785.0); 
INSERT INTO person VALUES (434132111, 'Catherine', 'FEMALE', 'Jones', 1347.0); 
INSERT INTO person VALUES (7363268382, 'Denise', 'FEMALE', 'Baker', 1858.0); 
INSERT INTO person VALUES (1454678354, 'James', 'MALE', 'Campbell', 1134.0); 
INSERT INTO person VALUES (433416758, 'Christine', 'FEMALE', 'Saunders', 1597.0); 
INSERT INTO person VALUES (2322176982, 'Marie', 'FEMALE', 'Walsh', 1520.0); 
INSERT INTO person VALUES (4467160021, 'Olivia', 'FEMALE', 'Bennett', 1308.0); 
INSERT INTO person VALUES (1088340288, 'Abigail', 'FEMALE', 'Cooper', 1234.0); 
INSERT INTO person VALUES (9786847256, 'Shirley', 'FEMALE', 'Morris', 1079.0); 
INSERT INTO person VALUES (8096305548, 'Linda', 'FEMALE', 'Richards', 1719.0); 
INSERT INTO person VALUES (5536289629, 'Zachary', 'MALE', 'Rogers', 1956.0); 
INSERT INTO person VALUES (785519985, 'Janet', 'FEMALE', 'Robertson', 839.0); 
INSERT INTO person VALUES (85666114, 'Sharon', 'FEMALE', 'Powell', 1745.0); 
INSERT INTO person VALUES (7751300968, 'Shirley', 'FEMALE', 'Holmes', 30.0); 
INSERT INTO person VALUES (1169936321, 'Keith', 'MALE', 'Thomson', 355.0); 
INSERT INTO person VALUES (1710760832, 'Susan', 'FEMALE', 'Lloyd', 1888.0); 
INSERT INTO person VALUES (668893311, 'Jessica', 'FEMALE', 'Clarke', 1928.0); 
INSERT INTO person VALUES (829331168, 'Virginia', 'FEMALE', 'Powell', 1984.0); 
INSERT INTO person VALUES (8045748676, 'Frank', 'MALE', 'Matthews', 1272.0); 
INSERT INTO person VALUES (7480850486, 'Kathleen', 'FEMALE', 'Baker', 1086.0); 
INSERT INTO person VALUES (1544959259, 'Elizabeth', 'FEMALE', 'Murray', 547.0); 
INSERT INTO person VALUES (7359295937, 'Austin', 'MALE', 'Richards', 1049.0); 
INSERT INTO person VALUES (4360521717, 'Randy', 'MALE', 'Holmes', 1565.0); 
INSERT INTO person VALUES (64726476, 'Eric', 'MALE', 'Edwards', 1891.0); 
INSERT INTO person VALUES (3731942663, 'Hannah', 'FEMALE', 'Robinson', 1867.0); 
INSERT INTO person VALUES (5085971827, 'Samuel', 'MALE', 'Thomson', 1283.0); 
INSERT INTO person VALUES (5919956523, 'Joyce', 'FEMALE', 'Cooper', 2037.0); 
INSERT INTO person VALUES (819137404, 'Robert', 'MALE', 'Moore', 1321.0); 
INSERT INTO person VALUES (7418831835, 'Maria', 'FEMALE', 'Morris', 1901.0); 
INSERT INTO person VALUES (4817616389, 'Dorothy', 'FEMALE', 'Ward', 1467.0); 
INSERT INTO person VALUES (5178453899, 'John', 'MALE', 'James', 400.0); 
INSERT INTO person VALUES (2227101453, 'Rose', 'FEMALE', 'Thompson', 1899.0); 
INSERT INTO person VALUES (6535434962, 'Adam', 'MALE', 'Bailey', 1065.0); 
INSERT INTO person VALUES (248892689, 'Christopher', 'MALE', 'Young', 1795.0); 
INSERT INTO person VALUES (4821213236, 'Joseph', 'MALE', 'Knight', 1296.0); 
INSERT INTO person VALUES (8596606433, 'Jason', 'MALE', 'Wood', 584.0); 
INSERT INTO person VALUES (721492684, 'Thomas', 'MALE', 'Lloyd', 1049.0); 
INSERT INTO person VALUES (7779830715, 'Judy', 'FEMALE', 'Evans', 966.0); 
INSERT INTO person VALUES (334833698, 'Ann', 'FEMALE', 'Roberts', 1209.0); 
INSERT INTO person VALUES (2220754420, 'Adam', 'MALE', 'Matthews', 780.0); 
INSERT INTO person VALUES (3340520447, 'Emma', 'FEMALE', 'Murphy', 1344.0); 
INSERT INTO person VALUES (754054185, 'Harold', 'MALE', 'Ross', 1081.0); 
INSERT INTO person VALUES (2565247095, 'Andrew', 'MALE', 'Shaw', 1775.0); 
INSERT INTO person VALUES (2281269036, 'Ashley', 'FEMALE', 'Jackson', 813.0); 
INSERT INTO person VALUES (3412628430, 'Joe', 'MALE', 'Richards', 359.0); 
INSERT INTO person VALUES (3347669465, 'Christopher', 'MALE', 'Reid', 1269.0); 
INSERT INTO person VALUES (5868150243, 'Henry', 'MALE', 'Stewart', 1020.0); 
INSERT INTO person VALUES (4679954756, 'Larry', 'MALE', 'Chapman', 12.0); 
INSERT INTO person VALUES (3914433461, 'Arthur', 'MALE', 'Turner', 919.0); 
INSERT INTO person VALUES (564537660, 'Amy', 'FEMALE', 'Richardson', 1958.0); 
INSERT INTO person VALUES (1765149405, 'Donna', 'FEMALE', 'Cooper', 187.0); 
INSERT INTO person VALUES (1840325126, 'Rachel', 'FEMALE', 'Gray', 1025.0); 
INSERT INTO person VALUES (7034850186, 'Randy', 'MALE', 'Harrison', 1896.0); 
INSERT INTO person VALUES (5828531689, 'Marilyn', 'FEMALE', 'Williams', 814.0); 
INSERT INTO person VALUES (9210580306, 'Nicholas', 'MALE', 'Hughes', 1278.0); 
INSERT INTO person VALUES (6360700579, 'Peter', 'MALE', 'Turner', 912.0); 
INSERT INTO person VALUES (4659227846, 'Joyce', 'FEMALE', 'Cooper', 165.0); 
INSERT INTO person VALUES (3438116973, 'Teresa', 'FEMALE', 'Murray', 1925.0); 
INSERT INTO person VALUES (9987824506, 'Brandon', 'MALE', 'Stevens', 46.0); 
INSERT INTO person VALUES (6669616598, 'Brian', 'MALE', 'Johnson', 688.0); 
INSERT INTO person VALUES (6361984395, 'Jesse', 'MALE', 'Cook', 1507.0); 
INSERT INTO person VALUES (8856187621, 'Kathryn', 'FEMALE', 'Hill', 188.0); 
INSERT INTO person VALUES (8648906360, 'Kimberly', 'FEMALE', 'Reid', 950.0); 
INSERT INTO person VALUES (639879226, 'Margaret', 'FEMALE', 'Baker', 975.0); 
INSERT INTO person VALUES (6291581247, 'Jean', 'FEMALE', 'Thomas', 531.0); 
INSERT INTO person VALUES (9202539339, 'Hannah', 'FEMALE', 'Cooper', 196.0); 
INSERT INTO person VALUES (2296224511, 'Hannah', 'FEMALE', 'Jackson', 592.0); 
INSERT INTO person VALUES (158157478, 'Nicole', 'FEMALE', 'Anderson', 431.0); 
INSERT INTO person VALUES (2780379852, 'Jonathan', 'MALE', 'Thomson', 1487.0); 
INSERT INTO person VALUES (6441665999, 'Kyle', 'MALE', 'Butler', 1518.0); 
INSERT INTO person VALUES (875447882, 'Amber', 'FEMALE', 'Price', 448.0); 
INSERT INTO person VALUES (1467611019, 'Dennis', 'MALE', 'Davis', 213.0); 
INSERT INTO person VALUES (4849625351, 'Walter', 'MALE', 'Kelly', 1682.0); 
INSERT INTO person VALUES (8823528696, 'Megan', 'FEMALE', 'Simpson', 1715.0); 
INSERT INTO person VALUES (3588888302, 'Mary', 'FEMALE', 'Owen', 1760.0); 
INSERT INTO person VALUES (9290216474, 'Lisa', 'FEMALE', 'Watson', 1040.0); 
INSERT INTO person VALUES (1756912930, 'Donna', 'FEMALE', 'Harrison', 222.0); 
INSERT INTO person VALUES (21564294, 'Scott', 'MALE', 'Adams', 1873.0); 
INSERT INTO person VALUES (8508850430, 'Judy', 'FEMALE', 'Cook', 1407.0); 
INSERT INTO person VALUES (9082177056, 'Rose', 'FEMALE', 'Bennett', 317.0); 
INSERT INTO person VALUES (52779110, 'Andrew', 'MALE', 'Roberts', 402.0); 
INSERT INTO person VALUES (3428474872, 'Dylan', 'MALE', 'Hall', 82.0); 
INSERT INTO person VALUES (565554325, 'Russell', 'MALE', 'Wilson', 269.0); 
INSERT INTO person VALUES (3347477720, 'Elizabeth', 'FEMALE', 'Khan', 145.0); 
INSERT INTO person VALUES (9468823037, 'Dylan', 'MALE', 'Edwards', 1381.0); 
INSERT INTO person VALUES (1084270141, 'Samuel', 'MALE', 'Wright', 1629.0); 
INSERT INTO person VALUES (7642227027, 'Carolyn', 'FEMALE', 'Walsh', 139.0); 
INSERT INTO person VALUES (426681843, 'Gabriel', 'MALE', 'Moore', 370.0); 
INSERT INTO person VALUES (9343651948, 'Bruce', 'MALE', 'Mitchell', 1467.0); 
INSERT INTO person VALUES (2831621837, 'Ashley', 'FEMALE', 'Smith', 1409.0); 
INSERT INTO person VALUES (5767866698, 'Shirley', 'FEMALE', 'Hall', 1442.0); 
INSERT INTO person VALUES (7954455483, 'Cheryl', 'FEMALE', 'Brown', 780.0); 
INSERT INTO person VALUES (8079560348, 'Virginia', 'FEMALE', 'Powell', 35.0); 
INSERT INTO person VALUES (1436832230, 'Jerry', 'MALE', 'Hill', 283.0); 
INSERT INTO person VALUES (2069996387, 'Larry', 'MALE', 'Kelly', 1640.0); 
INSERT INTO person VALUES (726551527, 'Rose', 'FEMALE', 'Rogers', 1528.0); 
INSERT INTO person VALUES (2157894018, 'Johnny', 'MALE', 'Walsh', 118.0); 
INSERT INTO person VALUES (3682618322, 'Zachary', 'MALE', 'Lewis', 650.0); 
INSERT INTO person VALUES (8517444182, 'Scott', 'MALE', 'Baker', 422.0); 
INSERT INTO person VALUES (3630588621, 'Maria', 'FEMALE', 'Robertson', 1647.0); 
INSERT INTO person VALUES (5184477837, 'Marie', 'FEMALE', 'Murphy', 1558.0); 
INSERT INTO person VALUES (5679468971, 'Rebecca', 'FEMALE', 'Khan', 1692.0); 
INSERT INTO person VALUES (303812507, 'Bruce', 'MALE', 'Kelly', 1974.0); 
INSERT INTO person VALUES (2508218520, 'Joyce', 'FEMALE', 'Lewis', 953.0); 
INSERT INTO person VALUES (4034513, 'John', 'MALE', 'Murray', 440.0); 
INSERT INTO person VALUES (3045544082, 'Jacob', 'MALE', 'Jones', 1994.0); 
INSERT INTO person VALUES (180831531, 'Rachel', 'FEMALE', 'Adams', 1263.0); 
INSERT INTO person VALUES (14190569, 'Richard', 'MALE', 'Williams', 611.0); 
INSERT INTO person VALUES (5411449632, 'Alan', 'MALE', 'Robertson', 1063.0); 
INSERT INTO person VALUES (2973953182, 'Ryan', 'MALE', 'Rogers', 222.0); 
INSERT INTO person VALUES (4042230158, 'Sandra', 'FEMALE', 'Thomas', 1618.0); 
INSERT INTO person VALUES (1510393294, 'Tyler', 'MALE', 'Gray', 645.0); 
INSERT INTO person VALUES (6972227083, 'Brian', 'MALE', 'Stevens', 1725.0); 
INSERT INTO person VALUES (5733775093, 'Aaron', 'MALE', 'Chapman', 2016.0); 
INSERT INTO person VALUES (3611102758, 'Carol', 'FEMALE', 'Ross', 10.0); 
INSERT INTO person VALUES (668680634, 'Anthony', 'MALE', 'Harris', 636.0); 
INSERT INTO person VALUES (4711747738, 'Betty', 'FEMALE', 'Shaw', 677.0); 
INSERT INTO person VALUES (7647361108, 'Brandon', 'MALE', 'Martin', 1397.0); 
INSERT INTO person VALUES (9193815, 'Andrew', 'MALE', 'Price', 657.0); 
INSERT INTO person VALUES (4906174125, 'Joshua', 'MALE', 'Ward', 249.0); 
INSERT INTO person VALUES (7498903368, 'Noah', 'MALE', 'Butler', 1805.0); 
INSERT INTO person VALUES (6219300953, 'Joshua', 'MALE', 'Carter', 1669.0); 
INSERT INTO person VALUES (9170135858, 'Judy', 'FEMALE', 'Bailey', 1272.0); 
INSERT INTO person VALUES (3642772389, 'Samuel', 'MALE', 'Ellis', 1740.0); 
INSERT INTO person VALUES (325759152, 'Edward', 'MALE', 'Ellis', 1605.0); 
INSERT INTO person VALUES (741924026, 'Denise', 'FEMALE', 'Thomas', 568.0); 
INSERT INTO person VALUES (3107143548, 'Heather', 'FEMALE', 'Palmer', 658.0); 
INSERT INTO person VALUES (1326695576, 'Alan', 'MALE', 'Knight', 513.0); 
INSERT INTO person VALUES (139241700, 'Steven', 'MALE', 'Murphy', 1500.0); 
INSERT INTO person VALUES (8444357772, 'Michelle', 'FEMALE', 'Reid', 1511.0); 
INSERT INTO person VALUES (2203828499, 'Jeremy', 'MALE', 'Williams', 1544.0); 
INSERT INTO person VALUES (119744933, 'Austin', 'MALE', 'Matthews', 1846.0); 
INSERT INTO person VALUES (1944375402, 'Maria', 'FEMALE', 'Miller', 287.0); 
INSERT INTO person VALUES (7037970748, 'Virginia', 'FEMALE', 'Richards', 768.0); 
INSERT INTO person VALUES (4142185399, 'Vincent', 'MALE', 'Jackson', 1862.0); 
INSERT INTO person VALUES (328666483, 'Brenda', 'FEMALE', 'Jones', 1766.0); 
INSERT INTO person VALUES (8270827987, 'Donald', 'MALE', 'Young', 976.0); 
INSERT INTO person VALUES (9342489845, 'Roger', 'MALE', 'Ross', 361.0); 
INSERT INTO person VALUES (9355774225, 'Aaron', 'MALE', 'Scott', 1630.0); 
INSERT INTO person VALUES (5684572810, 'Angela', 'FEMALE', 'Marshall', 1337.0); 
INSERT INTO person VALUES (2070136540, 'Douglas', 'MALE', 'Chapman', 129.0); 
INSERT INTO person VALUES (4652199273, 'Samantha', 'FEMALE', 'Cooper', 400.0); 
INSERT INTO person VALUES (2198215800, 'Gregory', 'MALE', 'Phillips', 1151.0); 
INSERT INTO person VALUES (2813798254, 'Gary', 'MALE', 'Evans', 622.0); 
INSERT INTO person VALUES (16161827, 'Robert', 'MALE', 'James', 1763.0); 
INSERT INTO person VALUES (4397403365, 'Alexander', 'MALE', 'Parker', 1741.0); 
INSERT INTO person VALUES (3600168710, 'Cheryl', 'FEMALE', 'Richards', 825.0); 
INSERT INTO person VALUES (8190940364, 'Jacob', 'MALE', 'Johnson', 513.0); 
INSERT INTO person VALUES (6086461626, 'Patricia', 'FEMALE', 'Williams', 1771.0); 
INSERT INTO person VALUES (6771765887, 'Christina', 'FEMALE', 'Wood', 276.0); 
INSERT INTO person VALUES (1350649532, 'Sharon', 'FEMALE', 'Young', 834.0); 
INSERT INTO person VALUES (1976774222, 'Jane', 'FEMALE', 'King', 924.0); 
INSERT INTO person VALUES (2141582864, 'Austin', 'MALE', 'Richardson', 134.0); 
INSERT INTO person VALUES (6062225477, 'Carolyn', 'FEMALE', 'Marshall', 366.0); 
INSERT INTO person VALUES (390965573, 'Dylan', 'MALE', 'Mitchell', 1527.0); 
INSERT INTO person VALUES (552116309, 'Melissa', 'FEMALE', 'Holmes', 66.0); 
INSERT INTO person VALUES (5040547721, 'Mark', 'MALE', 'Baker', 704.0); 
INSERT INTO person VALUES (7581929992, 'Barbara', 'FEMALE', 'Thomas', 489.0); 
INSERT INTO person VALUES (8213842790, 'Kimberly', 'FEMALE', 'Shaw', 57.0); 
INSERT INTO person VALUES (6038560877, 'William', 'MALE', 'Parker', 284.0); 
INSERT INTO person VALUES (2601650436, 'Noah', 'MALE', 'Walker', 880.0); 
INSERT INTO person VALUES (835531950, 'Kelly', 'FEMALE', 'Adams', 994.0); 
INSERT INTO person VALUES (9771551302, 'Nancy', 'FEMALE', 'Campbell', 406.0); 
INSERT INTO person VALUES (4564314302, 'Billy', 'MALE', 'Cooper', 914.0); 
INSERT INTO person VALUES (6650769444, 'Andrea', 'FEMALE', 'Morgan', 1143.0); 
INSERT INTO person VALUES (6981242938, 'Carl', 'MALE', 'Powell', 886.0); 
INSERT INTO person VALUES (2173956849, 'Sharon', 'FEMALE', 'Stevens', 296.0); 
INSERT INTO person VALUES (9414111726, 'Christian', 'MALE', 'Jones', 1913.0); 
INSERT INTO person VALUES (4510333533, 'Joseph', 'MALE', 'Robinson', 1488.0); 
INSERT INTO person VALUES (3452756740, 'Diane', 'FEMALE', 'Reynolds', 43.0); 
INSERT INTO person VALUES (1885458817, 'Cheryl', 'FEMALE', 'Kennedy', 1943.0); 
INSERT INTO person VALUES (5511115288, 'George', 'MALE', 'Campbell', 245.0); 
INSERT INTO person VALUES (2542661093, 'Ashley', 'FEMALE', 'Williams', 462.0); 
INSERT INTO person VALUES (1136519140, 'Teresa', 'FEMALE', 'Clarke', 1151.0); 
INSERT INTO person VALUES (6124713897, 'Gregory', 'MALE', 'Palmer', 1841.0); 
INSERT INTO person VALUES (7129164572, 'Ralph', 'MALE', 'Bailey', 1878.0); 
INSERT INTO person VALUES (4773818106, 'Harry', 'MALE', 'Harrison', 1258.0); 
INSERT INTO person VALUES (8594846733, 'Kelly', 'FEMALE', 'Jackson', 1702.0); 
INSERT INTO person VALUES (5720889190, 'Abigail', 'FEMALE', 'Kelly', 878.0); 
INSERT INTO person VALUES (7864777414, 'Ruth', 'FEMALE', 'Powell', 1545.0); 
INSERT INTO person VALUES (2230813394, 'Mark', 'MALE', 'Ross', 1062.0); 
INSERT INTO person VALUES (845077769, 'Cynthia', 'FEMALE', 'Clark', 999.0); 
INSERT INTO person VALUES (8821939537, 'Adam', 'MALE', 'Knight', 1314.0); 
INSERT INTO person VALUES (6984883004, 'Julia', 'FEMALE', 'Thompson', 441.0); 
INSERT INTO person VALUES (276328747, 'Laura', 'FEMALE', 'Holmes', 670.0); 
INSERT INTO person VALUES (4140274953, 'Patrick', 'MALE', 'Walsh', 1989.0); 
INSERT INTO person VALUES (349061074, 'Vincent', 'MALE', 'Mason', 1012.0); 
INSERT INTO person VALUES (5668909281, 'Virginia', 'FEMALE', 'Anderson', 1777.0); 
INSERT INTO person VALUES (6839266877, 'Laura', 'FEMALE', 'Lewis', 917.0); 
INSERT INTO person VALUES (3021993293, 'Randy', 'MALE', 'Scott', 1583.0); 
INSERT INTO person VALUES (251536514, 'Sarah', 'FEMALE', 'Taylor', 790.0); 
INSERT INTO person VALUES (104542859, 'Steven', 'MALE', 'Scott', 906.0); 
INSERT INTO person VALUES (2069691783, 'Andrew', 'MALE', 'Stevens', 1664.0); 
INSERT INTO person VALUES (6070775504, 'Benjamin', 'MALE', 'Hunt', 1247.0); 
INSERT INTO person VALUES (5538657350, 'Andrea', 'FEMALE', 'Campbell', 1593.0); 
INSERT INTO person VALUES (933332322, 'Grace', 'FEMALE', 'Walker', 1043.0); 
INSERT INTO person VALUES (8079233938, 'Christine', 'FEMALE', 'Russell', 279.0); 
INSERT INTO person VALUES (156343141, 'Hannah', 'FEMALE', 'Murphy', 1492.0); 
INSERT INTO person VALUES (1972784178, 'Jennifer', 'FEMALE', 'Hughes', 808.0); 
INSERT INTO person VALUES (84314457, 'Susan', 'FEMALE', 'Stewart', 735.0); 
INSERT INTO person VALUES (3703736811, 'Katherine', 'FEMALE', 'Wright', 1696.0); 
INSERT INTO person VALUES (8776413534, 'Joshua', 'MALE', 'Lloyd', 2033.0); 
INSERT INTO person VALUES (3141888546, 'Ashley', 'FEMALE', 'Robinson', 1387.0); 
INSERT INTO person VALUES (66808082, 'Karen', 'FEMALE', 'Young', 963.0); 
INSERT INTO person VALUES (492231606, 'Hannah', 'FEMALE', 'Butler', 1306.0); 
INSERT INTO person VALUES (1008690791, 'Philip', 'MALE', 'Morgan', 1684.0); 
INSERT INTO person VALUES (3527108227, 'Harold', 'MALE', 'James', 1113.0); 
INSERT INTO person VALUES (3419441375, 'Dorothy', 'FEMALE', 'Simpson', 609.0); 
INSERT INTO person VALUES (4243694, 'Jacqueline', 'FEMALE', 'Price', 1411.0); 
INSERT INTO person VALUES (6446853510, 'Linda', 'FEMALE', 'Walsh', 818.0); 
INSERT INTO person VALUES (9097942534, 'Kimberly', 'FEMALE', 'Moore', 1660.0); 
INSERT INTO person VALUES (3547356184, 'Anna', 'FEMALE', 'Price', 1374.0); 
INSERT INTO person VALUES (7461957038, 'Roger', 'MALE', 'Phillips', 317.0); 
INSERT INTO person VALUES (5916292546, 'Wayne', 'MALE', 'Palmer', 1525.0); 
INSERT INTO person VALUES (5301715256, 'Angela', 'FEMALE', 'Robinson', 804.0); 
INSERT INTO person VALUES (6410366553, 'Anna', 'FEMALE', 'Hunt', 477.0); 
INSERT INTO person VALUES (1006392074, 'Ethan', 'MALE', 'Robinson', 1451.0); 
INSERT INTO person VALUES (3867939065, 'Stephen', 'MALE', 'Russell', 875.0); 
INSERT INTO person VALUES (8478840062, 'Billy', 'MALE', 'Graham', 12.0); 
INSERT INTO person VALUES (6422638769, 'Janice', 'FEMALE', 'Reynolds', 1384.0); 
INSERT INTO person VALUES (3993487790, 'Julia', 'FEMALE', 'Lee', 1509.0); 
INSERT INTO person VALUES (8506766283, 'Debra', 'FEMALE', 'Anderson', 1285.0); 
INSERT INTO person VALUES (2213736644, 'Ashley', 'FEMALE', 'Davis', 295.0); 
INSERT INTO person VALUES (6250606503, 'Lori', 'FEMALE', 'Lewis', 1139.0); 
INSERT INTO person VALUES (7526120409, 'Stephanie', 'FEMALE', 'King', 1107.0); 
INSERT INTO person VALUES (9972447724, 'Sean', 'MALE', 'Ward', 697.0); 
INSERT INTO person VALUES (4430965635, 'Billy', 'MALE', 'Edwards', 172.0); 
INSERT INTO person VALUES (30337171, 'Joyce', 'FEMALE', 'Edwards', 1137.0); 
INSERT INTO person VALUES (1803638887, 'Vincent', 'MALE', 'Chapman', 1819.0); 
INSERT INTO person VALUES (5134210464, 'Joseph', 'MALE', 'Knight', 414.0); 
INSERT INTO person VALUES (1920776311, 'Rachel', 'FEMALE', 'Rogers', 1874.0); 
INSERT INTO person VALUES (6478424411, 'Carl', 'MALE', 'Ellis', 1821.0); 
INSERT INTO person VALUES (7726451576, 'Frank', 'MALE', 'Walker', 1859.0); 
INSERT INTO person VALUES (9947133768, 'Gloria', 'FEMALE', 'Murray', 616.0); 
INSERT INTO person VALUES (6415793278, 'Roger', 'MALE', 'Bennett', 90.0); 
INSERT INTO person VALUES (4929696638, 'Rachel', 'FEMALE', 'Brown', 1113.0); 
INSERT INTO person VALUES (4675558718, 'Virginia', 'FEMALE', 'Evans', 1274.0); 
INSERT INTO person VALUES (673311679, 'Martha', 'FEMALE', 'Harris', 1854.0); 
INSERT INTO person VALUES (3186878, 'Donald', 'MALE', 'Carter', 27.0); 
INSERT INTO person VALUES (9498602907, 'Deborah', 'FEMALE', 'Reynolds', 1060.0); 
INSERT INTO person VALUES (6414692073, 'Sandra', 'FEMALE', 'Ellis', 992.0); 
INSERT INTO person VALUES (4210422529, 'Russell', 'MALE', 'Edwards', 1357.0); 
INSERT INTO person VALUES (756576720, 'Christine', 'FEMALE', 'Holmes', 790.0); 
INSERT INTO person VALUES (7851864853, 'Albert', 'MALE', 'Hunter', 429.0); 
INSERT INTO person VALUES (4634895800, 'Shirley', 'FEMALE', 'King', 1801.0); 
INSERT INTO person VALUES (2644829015, 'Bruce', 'MALE', 'Mitchell', 462.0); 
INSERT INTO person VALUES (7738208755, 'Jesse', 'MALE', 'Robertson', 165.0); 
INSERT INTO person VALUES (1364867288, 'Dorothy', 'FEMALE', 'Cook', 559.0); 
INSERT INTO person VALUES (8834961848, 'Sandra', 'FEMALE', 'Griffiths', 1780.0); 
INSERT INTO person VALUES (5108369394, 'Joan', 'FEMALE', 'Chapman', 1491.0); 
INSERT INTO person VALUES (588823526, 'Carl', 'MALE', 'Morgan', 1385.0); 
INSERT INTO person VALUES (2853300047, 'Charles', 'MALE', 'Hunt', 168.0); 
INSERT INTO person VALUES (1923118429, 'Eric', 'MALE', 'Rogers', 851.0); 
INSERT INTO person VALUES (8490493514, 'Mark', 'MALE', 'Reid', 1533.0); 
INSERT INTO person VALUES (9465896696, 'Carl', 'MALE', 'Moore', 800.0); 
INSERT INTO person VALUES (6516759974, 'Sean', 'MALE', 'Lewis', 1969.0); 
INSERT INTO person VALUES (3211761783, 'Linda', 'FEMALE', 'Murray', 1961.0); 
INSERT INTO person VALUES (4616746802, 'Arthur', 'MALE', 'Morgan', 1183.0); 
INSERT INTO person VALUES (7185222704, 'Jacob', 'MALE', 'Thomas', 1277.0); 
INSERT INTO person VALUES (2192374495, 'Walter', 'MALE', 'Campbell', 1946.0); 
INSERT INTO person VALUES (4304819259, 'Doris', 'FEMALE', 'Thomson', 993.0); 
INSERT INTO person VALUES (2667811024, 'Brandon', 'MALE', 'Thomas', 1579.0); 
INSERT INTO person VALUES (6726928345, 'Jonathan', 'MALE', 'Reid', 1259.0); 
INSERT INTO person VALUES (267416977, 'Anna', 'FEMALE', 'Russell', 1362.0); 
INSERT INTO person VALUES (8800535874, 'Eric', 'MALE', 'Palmer', 268.0); 
INSERT INTO person VALUES (8887372508, 'Cynthia', 'FEMALE', 'Morgan', 1860.0); 
INSERT INTO person VALUES (8754345327, 'Marie', 'FEMALE', 'Taylor', 471.0); 
INSERT INTO person VALUES (8400349156, 'Joyce', 'FEMALE', 'Watson', 629.0); 
INSERT INTO person VALUES (367086835, 'Donald', 'MALE', 'Evans', 2026.0); 
INSERT INTO person VALUES (8534506708, 'Steven', 'MALE', 'Jones', 816.0); 
INSERT INTO person VALUES (6756239313, 'Mark', 'MALE', 'Morris', 1628.0); 
INSERT INTO person VALUES (8572747164, 'Madison', 'FEMALE', 'Butler', 950.0); 
INSERT INTO person VALUES (8703435127, 'Mary', 'FEMALE', 'Bell', 83.0); 
INSERT INTO person VALUES (796942406, 'Nicholas', 'MALE', 'Parker', 9.0); 
INSERT INTO person VALUES (2073887693, 'Julie', 'FEMALE', 'Turner', 1661.0); 
INSERT INTO person VALUES (1490145256, 'Logan', 'MALE', 'Wright', 1190.0); 
INSERT INTO person VALUES (507276114, 'Jessica', 'FEMALE', 'Scott', 1872.0); 
INSERT INTO person VALUES (1852799491, 'Philip', 'MALE', 'Kennedy', 945.0); 
INSERT INTO person VALUES (3105599307, 'John', 'MALE', 'Marshall', 892.0); 
INSERT INTO person VALUES (9742965103, 'Diana', 'FEMALE', 'Hill', 964.0); 
INSERT INTO person VALUES (9209740207, 'Randy', 'MALE', 'Ross', 2008.0); 
INSERT INTO person VALUES (1490681183, 'Kimberly', 'FEMALE', 'Davies', 440.0); 
INSERT INTO person VALUES (3862476559, 'Ronald', 'MALE', 'Wright', 1965.0); 
INSERT INTO person VALUES (7734588584, 'Shirley', 'FEMALE', 'Anderson', 455.0); 
INSERT INTO person VALUES (9180760001, 'Gary', 'MALE', 'Williams', 349.0); 
INSERT INTO person VALUES (5559344743, 'Jane', 'FEMALE', 'Roberts', 1554.0); 
INSERT INTO person VALUES (9788533851, 'Katherine', 'FEMALE', 'Bailey', 1802.0); 
INSERT INTO person VALUES (31278260, 'John', 'MALE', 'Murphy', 448.0); 
INSERT INTO person VALUES (9923649877, 'Margaret', 'FEMALE', 'Lewis', 146.0); 
INSERT INTO person VALUES (3659574090, 'Janice', 'FEMALE', 'Evans', 1319.0); 
INSERT INTO person VALUES (8056505979, 'Jonathan', 'MALE', 'King', 1440.0); 
INSERT INTO person VALUES (896752292, 'Sarah', 'FEMALE', 'Davis', 1496.0); 
INSERT INTO person VALUES (9581493940, 'Jeffrey', 'MALE', 'Martin', 451.0); 
INSERT INTO person VALUES (6439533461, 'Ryan', 'MALE', 'Hall', 779.0); 
INSERT INTO person VALUES (5441806122, 'Stephanie', 'FEMALE', 'Ward', 874.0); 
INSERT INTO person VALUES (9052779336, 'Raymond', 'MALE', 'Baker', 1509.0); 
INSERT INTO person VALUES (1421392239, 'Margaret', 'FEMALE', 'Cox', 1451.0); 
INSERT INTO person VALUES (3382793107, 'Albert', 'MALE', 'Hunter', 1798.0); 
INSERT INTO person VALUES (9288125276, 'Sharon', 'FEMALE', 'Cox', 938.0); 
INSERT INTO person VALUES (3863673968, 'Frances', 'FEMALE', 'Marshall', 380.0); 
INSERT INTO person VALUES (3122475579, 'Marilyn', 'FEMALE', 'Young', 213.0); 
INSERT INTO person VALUES (770386239, 'Lauren', 'FEMALE', 'Edwards', 276.0); 
INSERT INTO person VALUES (6086103446, 'Helen', 'FEMALE', 'Campbell', 1647.0); 
INSERT INTO person VALUES (8267444530, 'Cynthia', 'FEMALE', 'Patel', 1886.0); 
INSERT INTO person VALUES (9714865838, 'Frank', 'MALE', 'Stevens', 244.0); 
INSERT INTO person VALUES (7819180793, 'Christine', 'FEMALE', 'Wood', 1902.0); 
INSERT INTO person VALUES (7733347684, 'Michelle', 'FEMALE', 'Jones', 1133.0); 
INSERT INTO person VALUES (5121572773, 'Richard', 'MALE', 'Griffiths', 1829.0); 
INSERT INTO person VALUES (3601431552, 'Carl', 'MALE', 'Stevens', 1425.0); 
INSERT INTO person VALUES (8504530311, 'Richard', 'MALE', 'Lee', 749.0); 
INSERT INTO person VALUES (7662822965, 'Tiffany', 'FEMALE', 'Martin', 22.0); 
INSERT INTO person VALUES (888588498, 'Kenneth', 'MALE', 'Carter', 2038.0); 
INSERT INTO person VALUES (9264267628, 'Debra', 'FEMALE', 'Davis', 1791.0); 
INSERT INTO person VALUES (218505087, 'Cheryl', 'FEMALE', 'Morris', 1633.0); 
INSERT INTO person VALUES (7728299187, 'Anthony', 'MALE', 'Kennedy', 795.0); 
INSERT INTO person VALUES (9008742424, 'Natalie', 'FEMALE', 'Miller', 421.0); 
INSERT INTO person VALUES (5933313401, 'Amber', 'FEMALE', 'Moore', 724.0); 
INSERT INTO person VALUES (8065997940, 'Gary', 'MALE', 'Brown', 1367.0); 
INSERT INTO person VALUES (1944101022, 'Jordan', 'MALE', 'Evans', 1230.0); 
INSERT INTO person VALUES (3302176796, 'Johnny', 'MALE', 'Graham', 372.0); 
INSERT INTO person VALUES (8812414856, 'Scott', 'MALE', 'Walsh', 1505.0); 
INSERT INTO person VALUES (5311648357, 'Daniel', 'MALE', 'Rose', 570.0); 
INSERT INTO person VALUES (5022877078, 'Julie', 'FEMALE', 'Watson', 1030.0); 
INSERT INTO person VALUES (6209545795, 'Henry', 'MALE', 'Thomas', 1239.0); 
INSERT INTO person VALUES (8265434675, 'Noah', 'MALE', 'Hall', 538.0); 
INSERT INTO person VALUES (6320834438, 'Jordan', 'MALE', 'Cox', 528.0); 
INSERT INTO person VALUES (1980480798, 'Jonathan', 'MALE', 'Hill', 1939.0); 
INSERT INTO person VALUES (820846590, 'Jordan', 'MALE', 'Lewis', 1784.0); 
INSERT INTO person VALUES (6777717884, 'Joseph', 'MALE', 'Morgan', 395.0); 
INSERT INTO person VALUES (8135943965, 'Andrea', 'FEMALE', 'Moore', 1855.0); 
INSERT INTO person VALUES (62337793, 'Kenneth', 'MALE', 'Palmer', 296.0); 
INSERT INTO person VALUES (5432986924, 'Nicole', 'FEMALE', 'Stevens', 1305.0); 
INSERT INTO person VALUES (5472331229, 'Marilyn', 'FEMALE', 'Mitchell', 333.0); 
INSERT INTO person VALUES (814754103, 'Noah', 'MALE', 'Lee', 79.0); 
INSERT INTO person VALUES (5686862710, 'Maria', 'FEMALE', 'Jackson', 116.0); 
INSERT INTO person VALUES (2167336405, 'Janice', 'FEMALE', 'Richards', 1933.0); 
INSERT INTO person VALUES (548210980, 'Denise', 'FEMALE', 'Hunt', 1114.0); 
INSERT INTO person VALUES (456423640, 'Susan', 'FEMALE', 'Powell', 452.0); 
INSERT INTO person VALUES (7181583529, 'Shirley', 'FEMALE', 'Campbell', 202.0); 
INSERT INTO person VALUES (3694186209, 'Albert', 'MALE', 'Robertson', 579.0); 
INSERT INTO person VALUES (4560676769, 'Dennis', 'MALE', 'Wood', 509.0); 
INSERT INTO person VALUES (3811332346, 'Alexander', 'MALE', 'Wilkinson', 1274.0); 
INSERT INTO person VALUES (8731632129, 'Donald', 'MALE', 'Walker', 1877.0); 
INSERT INTO person VALUES (2749675711, 'Juan', 'MALE', 'Thompson', 1996.0); 
INSERT INTO person VALUES (5976698112, 'Anthony', 'MALE', 'Russell', 901.0); 
INSERT INTO person VALUES (4389788936, 'Russell', 'MALE', 'Stewart', 1364.0); 
INSERT INTO person VALUES (2080167180, 'Jesse', 'MALE', 'Williams', 1756.0); 
INSERT INTO person VALUES (9763734569, 'Jonathan', 'MALE', 'Young', 1636.0); 
INSERT INTO person VALUES (4957835656, 'Gabriel', 'MALE', 'Miller', 840.0); 
INSERT INTO person VALUES (245472296, 'Pamela', 'FEMALE', 'Parker', 1712.0); 
INSERT INTO person VALUES (336108929, 'Emma', 'FEMALE', 'Johnson', 1192.0); 
INSERT INTO person VALUES (2995935106, 'Diane', 'FEMALE', 'Wright', 1017.0); 
INSERT INTO person VALUES (7684920778, 'Jason', 'MALE', 'Hall', 279.0); 
INSERT INTO person VALUES (265370046, 'Gabriel', 'MALE', 'Holmes', 1795.0); 
INSERT INTO person VALUES (2486285135, 'Frank', 'MALE', 'James', 885.0); 
INSERT INTO person VALUES (9676852351, 'Juan', 'MALE', 'Jones', 468.0); 
INSERT INTO person VALUES (9228885014, 'Christine', 'FEMALE', 'Thomas', 300.0); 
INSERT INTO person VALUES (4114134156, 'Scott', 'MALE', 'Kennedy', 934.0); 
INSERT INTO person VALUES (8133713412, 'Brenda', 'FEMALE', 'Price', 656.0); 
INSERT INTO person VALUES (3356587896, 'Deborah', 'FEMALE', 'Harrison', 1218.0); 
INSERT INTO person VALUES (9676704901, 'Deborah', 'FEMALE', 'Fox', 1982.0); 
INSERT INTO person VALUES (8341185279, 'Raymond', 'MALE', 'Collins', 300.0); 
INSERT INTO person VALUES (9367277460, 'Jonathan', 'MALE', 'Davis', 632.0); 
INSERT INTO person VALUES (5786528775, 'Jean', 'FEMALE', 'Hunter', 2012.0); 
INSERT INTO person VALUES (2198188169, 'Keith', 'MALE', 'Cox', 1577.0); 
INSERT INTO person VALUES (426565603, 'Abigail', 'FEMALE', 'Cox', 438.0); 
INSERT INTO person VALUES (706493126, 'Lisa', 'FEMALE', 'Baker', 1252.0); 
INSERT INTO person VALUES (3840983841, 'Willie', 'MALE', 'Holmes', 931.0); 
INSERT INTO person VALUES (2783293816, 'Rachel', 'FEMALE', 'Green', 1599.0); 
INSERT INTO person VALUES (8898464450, 'Frank', 'MALE', 'Holmes', 565.0); 
INSERT INTO person VALUES (8581404990, 'Aaron', 'MALE', 'James', 877.0); 
INSERT INTO person VALUES (329667678, 'Judith', 'FEMALE', 'Bailey', 605.0); 
INSERT INTO person VALUES (9012851448, 'Kimberly', 'FEMALE', 'Saunders', 1622.0); 
INSERT INTO person VALUES (2234521504, 'Matthew', 'MALE', 'Walker', 713.0); 
INSERT INTO person VALUES (8953905120, 'Jose', 'MALE', 'Rose', 1748.0); 
INSERT INTO person VALUES (153685852, 'Tyler', 'MALE', 'Wilkinson', 1342.0); 
INSERT INTO person VALUES (4340124387, 'Harold', 'MALE', 'Chapman', 536.0); 
INSERT INTO person VALUES (7807849488, 'Terry', 'MALE', 'Palmer', 413.0); 
INSERT INTO person VALUES (5360922880, 'Cynthia', 'FEMALE', 'Adams', 372.0); 
INSERT INTO person VALUES (704715363, 'Austin', 'MALE', 'Harrison', 805.0); 
INSERT INTO person VALUES (5116646368, 'Betty', 'FEMALE', 'Bell', 1131.0); 
INSERT INTO person VALUES (4853211231, 'Jacqueline', 'FEMALE', 'Fox', 410.0); 
INSERT INTO person VALUES (9898998164, 'Alexander', 'MALE', 'Cooper', 1988.0); 
INSERT INTO person VALUES (1219470430, 'Ralph', 'MALE', 'Wilkinson', 674.0); 
INSERT INTO person VALUES (9797153285, 'Marilyn', 'FEMALE', 'Edwards', 972.0); 
INSERT INTO person VALUES (2140935535, 'Rachel', 'FEMALE', 'Stevens', 18.0); 
INSERT INTO person VALUES (6485720122, 'Charles', 'MALE', 'Evans', 1498.0); 
INSERT INTO person VALUES (3120296310, 'John', 'MALE', 'Cook', 1443.0); 
INSERT INTO person VALUES (3696229260, 'Benjamin', 'MALE', 'Chapman', 1027.0); 
INSERT INTO person VALUES (1813961860, 'Marie', 'FEMALE', 'Green', 1288.0); 
INSERT INTO person VALUES (9089389458, 'Dylan', 'MALE', 'Edwards', 720.0); 
INSERT INTO person VALUES (9241642602, 'Brian', 'MALE', 'Johnson', 986.0); 
INSERT INTO person VALUES (7971490453, 'Walter', 'MALE', 'Adams', 107.0); 
INSERT INTO person VALUES (5744865810, 'Megan', 'FEMALE', 'Green', 524.0); 
INSERT INTO person VALUES (756444582, 'Joshua', 'MALE', 'Matthews', 492.0); 
INSERT INTO person VALUES (989232553, 'Ruth', 'FEMALE', 'Taylor', 975.0); 
INSERT INTO person VALUES (8550740335, 'Frank', 'MALE', 'Cooper', 1500.0); 
INSERT INTO person VALUES (9636835528, 'Christopher', 'MALE', 'Hall', 592.0); 
INSERT INTO person VALUES (215680374, 'Barbara', 'FEMALE', 'Shaw', 1604.0); 
INSERT INTO person VALUES (3381966173, 'Alice', 'FEMALE', 'Smith', 205.0); 
INSERT INTO person VALUES (9183546792, 'Edward', 'MALE', 'Taylor', 1570.0); 
INSERT INTO person VALUES (3101343536, 'Eugene', 'MALE', 'Smith', 1541.0); 
INSERT INTO person VALUES (526983076, 'Louis', 'MALE', 'Johnson', 1540.0); 
INSERT INTO person VALUES (495972483, 'Gerald', 'MALE', 'Wood', 1099.0); 
INSERT INTO person VALUES (2933114246, 'Megan', 'FEMALE', 'Phillips', 1273.0); 
INSERT INTO person VALUES (986689241, 'Beverly', 'FEMALE', 'Martin', 2023.0); 
INSERT INTO person VALUES (3067205748, 'Brian', 'MALE', 'Turner', 703.0); 
INSERT INTO person VALUES (3878760037, 'Edward', 'MALE', 'Murphy', 1690.0); 
INSERT INTO person VALUES (8045153101, 'Kathleen', 'FEMALE', 'Rogers', 1075.0); 
INSERT INTO person VALUES (2299674193, 'Wayne', 'MALE', 'Hill', 351.0); 
INSERT INTO person VALUES (6935416016, 'Dennis', 'MALE', 'Reid', 1743.0); 
INSERT INTO person VALUES (5116704873, 'Lisa', 'FEMALE', 'Murray', 378.0); 
INSERT INTO person VALUES (7354684165, 'Beverly', 'FEMALE', 'Simpson', 1407.0); 
INSERT INTO person VALUES (8287415402, 'Harry', 'MALE', 'Allen', 1476.0); 
INSERT INTO person VALUES (3491261263, 'Arthur', 'MALE', 'Harris', 724.0); 
INSERT INTO person VALUES (3308361356, 'Stephen', 'MALE', 'Griffiths', 690.0); 
INSERT INTO person VALUES (5161357300, 'Zachary', 'MALE', 'Clark', 1931.0); 
INSERT INTO person VALUES (423701390, 'Kevin', 'MALE', 'Bennett', 283.0); 
INSERT INTO person VALUES (2393616164, 'Cynthia', 'FEMALE', 'Chapman', 657.0); 
INSERT INTO person VALUES (8888283902, 'Lisa', 'FEMALE', 'Lewis', 742.0); 
INSERT INTO person VALUES (1859911411, 'Judy', 'FEMALE', 'Powell', 115.0); 
INSERT INTO person VALUES (2351351343, 'Joe', 'MALE', 'Morris', 126.0); 
INSERT INTO person VALUES (1451203455, 'Jerry', 'MALE', 'Jackson', 1850.0); 
INSERT INTO person VALUES (5543206374, 'Joan', 'FEMALE', 'Young', 1437.0); 
INSERT INTO person VALUES (4480856970, 'Gerald', 'MALE', 'Thompson', 171.0); 
INSERT INTO person VALUES (7204749635, 'Judy', 'FEMALE', 'Murray', 1475.0); 
INSERT INTO person VALUES (5423511017, 'Bryan', 'MALE', 'Davis', 833.0); 
INSERT INTO person VALUES (1227540959, 'Catherine', 'FEMALE', 'Harris', 1277.0); 
INSERT INTO person VALUES (785322654, 'Cheryl', 'FEMALE', 'Bennett', 216.0); 
INSERT INTO person VALUES (311596153, 'Jacob', 'MALE', 'Smith', 3.0); 
INSERT INTO person VALUES (583766867, 'Brandon', 'MALE', 'Baker', 1162.0); 
INSERT INTO person VALUES (6436229655, 'Lori', 'FEMALE', 'Williams', 734.0); 
INSERT INTO person VALUES (5583274233, 'Wayne', 'MALE', 'Murray', 2039.0); 
INSERT INTO person VALUES (5225937284, 'Jerry', 'MALE', 'Graham', 894.0); 
INSERT INTO person VALUES (4709878362, 'Eric', 'MALE', 'Martin', 974.0); 
INSERT INTO person VALUES (4191209003, 'Noah', 'MALE', 'Campbell', 1136.0); 
INSERT INTO person VALUES (505986738, 'David', 'MALE', 'Phillips', 414.0); 
INSERT INTO person VALUES (2033223067, 'Ralph', 'MALE', 'Lee', 986.0); 
INSERT INTO person VALUES (7168592883, 'Juan', 'MALE', 'Watson', 492.0); 
INSERT INTO person VALUES (1484132517, 'Harold', 'MALE', 'Smith', 998.0); 
INSERT INTO person VALUES (2645730016, 'Anthony', 'MALE', 'Miller', 326.0); 
INSERT INTO person VALUES (7525472945, 'Emma', 'FEMALE', 'Davis', 338.0); 
INSERT INTO person VALUES (6682594528, 'Terry', 'MALE', 'Phillips', 208.0); 
INSERT INTO person VALUES (6342535276, 'Terry', 'MALE', 'Murphy', 1304.0); 
INSERT INTO person VALUES (3177113139, 'Kelly', 'FEMALE', 'Cook', 1215.0); 
INSERT INTO person VALUES (8213625707, 'Jessica', 'FEMALE', 'Davis', 252.0); 
INSERT INTO person VALUES (1794814779, 'Nathan', 'MALE', 'Ross', 624.0); 
INSERT INTO person VALUES (8106321458, 'Lawrence', 'MALE', 'Thomson', 1865.0); 
INSERT INTO person VALUES (4335424725, 'Beverly', 'FEMALE', 'Palmer', 1896.0); 
INSERT INTO person VALUES (5904798626, 'David', 'MALE', 'Holmes', 1311.0); 
INSERT INTO person VALUES (5127504867, 'Maria', 'FEMALE', 'Kelly', 1821.0); 
INSERT INTO person VALUES (1017308123, 'Janice', 'FEMALE', 'Hughes', 1538.0); 
INSERT INTO person VALUES (1985604105, 'Angela', 'FEMALE', 'Ward', 1752.0); 
INSERT INTO person VALUES (2852486459, 'Shirley', 'FEMALE', 'Marshall', 1911.0); 
INSERT INTO person VALUES (3751593517, 'Christopher', 'MALE', 'Richards', 1069.0); 
INSERT INTO person VALUES (2788567332, 'Brittany', 'FEMALE', 'Gray', 1674.0); 
INSERT INTO person VALUES (1411182346, 'Brandon', 'MALE', 'Hill', 1267.0); 
INSERT INTO person VALUES (5761692905, 'Emily', 'FEMALE', 'Evans', 834.0); 
INSERT INTO person VALUES (4945535992, 'Logan', 'MALE', 'Allen', 1260.0); 
INSERT INTO person VALUES (492473738, 'Adam', 'MALE', 'Price', 1583.0); 
INSERT INTO person VALUES (5905642496, 'Ashley', 'FEMALE', 'Jones', 1006.0); 
INSERT INTO person VALUES (9055105255, 'Judith', 'FEMALE', 'Collins', 83.0); 
INSERT INTO person VALUES (2902748816, 'Andrew', 'MALE', 'Kennedy', 682.0); 
INSERT INTO person VALUES (5741686087, 'Sarah', 'FEMALE', 'Hunter', 1848.0); 
INSERT INTO person VALUES (1276165038, 'Martha', 'FEMALE', 'White', 1750.0); 
INSERT INTO person VALUES (5783697404, 'Kimberly', 'FEMALE', 'Hunter', 726.0); 
INSERT INTO person VALUES (9947819311, 'Tyler', 'MALE', 'Davis', 855.0); 
INSERT INTO person VALUES (9956768573, 'Deborah', 'FEMALE', 'Patel', 1995.0); 
INSERT INTO person VALUES (4482647364, 'Christina', 'FEMALE', 'Davies', 1110.0); 
INSERT INTO person VALUES (659577055, 'Jonathan', 'MALE', 'Morgan', 1325.0); 
INSERT INTO person VALUES (483680027, 'Lauren', 'FEMALE', 'Walsh', 1008.0); 
INSERT INTO person VALUES (8300791816, 'Mark', 'MALE', 'Bennett', 1577.0); 
INSERT INTO person VALUES (1235215207, 'Christine', 'FEMALE', 'Hunter', 459.0); 
INSERT INTO person VALUES (3297479843, 'Kelly', 'FEMALE', 'Stevens', 563.0); 
INSERT INTO person VALUES (7062845385, 'Larry', 'MALE', 'Griffiths', 342.0); 
INSERT INTO person VALUES (775143236, 'Michelle', 'FEMALE', 'Walker', 383.0); 
INSERT INTO person VALUES (5640179297, 'Matthew', 'MALE', 'Ward', 711.0); 
INSERT INTO person VALUES (3693556301, 'Pamela', 'FEMALE', 'Saunders', 1711.0); 
INSERT INTO person VALUES (5693621351, 'Elizabeth', 'FEMALE', 'Miller', 462.0); 
INSERT INTO person VALUES (748922925, 'Donald', 'MALE', 'Davies', 1343.0); 
INSERT INTO person VALUES (4727532129, 'Kathleen', 'FEMALE', 'Khan', 934.0); 
INSERT INTO person VALUES (8617996966, 'Rose', 'FEMALE', 'Richards', 99.0); 
INSERT INTO person VALUES (1851918632, 'Jonathan', 'MALE', 'Anderson', 537.0); 
INSERT INTO person VALUES (826203618, 'Logan', 'MALE', 'Williams', 1881.0); 
INSERT INTO person VALUES (2025627570, 'Eric', 'MALE', 'Gray', 1595.0); 
INSERT INTO person VALUES (384596628, 'John', 'MALE', 'White', 1791.0); 
INSERT INTO person VALUES (9473925924, 'Larry', 'MALE', 'King', 630.0); 
INSERT INTO person VALUES (75892184, 'Jean', 'FEMALE', 'Stevens', 1684.0); 
INSERT INTO person VALUES (7288640133, 'Pamela', 'FEMALE', 'Taylor', 1319.0); 
INSERT INTO person VALUES (4203570607, 'Philip', 'MALE', 'Ellis', 755.0); 
INSERT INTO person VALUES (2698431923, 'Russell', 'MALE', 'Kennedy', 873.0); 
INSERT INTO person VALUES (6841945069, 'Roger', 'MALE', 'Taylor', 1902.0); 
INSERT INTO person VALUES (3892761117, 'Thomas', 'MALE', 'Jones', 1245.0); 
INSERT INTO person VALUES (547804115, 'Sean', 'MALE', 'Taylor', 286.0); 
INSERT INTO person VALUES (408223302, 'Virginia', 'FEMALE', 'Mason', 1578.0); 
INSERT INTO person VALUES (515161453, 'Ashley', 'FEMALE', 'Campbell', 416.0); 
INSERT INTO person VALUES (1488855376, 'Jose', 'MALE', 'Phillips', 412.0); 
INSERT INTO person VALUES (6942240193, 'Kelly', 'FEMALE', 'Reynolds', 321.0); 
INSERT INTO person VALUES (3566730594, 'Andrea', 'FEMALE', 'Harrison', 601.0); 
INSERT INTO person VALUES (6882705367, 'Shirley', 'FEMALE', 'Brown', 1824.0); 
INSERT INTO person VALUES (9046475373, 'Madison', 'FEMALE', 'Richards', 1660.0); 
INSERT INTO person VALUES (2152792349, 'Jesse', 'MALE', 'Russell', 1747.0); 
INSERT INTO person VALUES (9630944879, 'Harry', 'MALE', 'Harrison', 296.0); 
INSERT INTO person VALUES (168391857, 'Samuel', 'MALE', 'Bennett', 220.0); 
INSERT INTO person VALUES (2622708251, 'Jeffrey', 'MALE', 'Stevens', 1162.0); 
INSERT INTO person VALUES (43914949, 'Walter', 'MALE', 'Adams', 70.0); 
INSERT INTO person VALUES (7704585406, 'Roger', 'MALE', 'Moore', 1718.0); 
INSERT INTO person VALUES (5211512290, 'James', 'MALE', 'Johnson', 364.0); 
INSERT INTO person VALUES (2838317004, 'Sara', 'FEMALE', 'Gray', 2039.0); 
INSERT INTO person VALUES (7813177595, 'Frank', 'MALE', 'Stevens', 478.0); 
INSERT INTO person VALUES (1182561771, 'Kelly', 'FEMALE', 'Stewart', 815.0); 
INSERT INTO person VALUES (7945570194, 'Jessica', 'FEMALE', 'White', 236.0); 
INSERT INTO person VALUES (939628454, 'Harry', 'MALE', 'Rogers', 1885.0); 
INSERT INTO person VALUES (8282819094, 'Jeremy', 'MALE', 'Lloyd', 1086.0); 
INSERT INTO person VALUES (7183543977, 'Ruth', 'FEMALE', 'Allen', 1993.0); 
INSERT INTO person VALUES (5016651562, 'Ruth', 'FEMALE', 'Ellis', 1876.0); 
INSERT INTO person VALUES (3733618563, 'Sandra', 'FEMALE', 'Matthews', 522.0); 
INSERT INTO person VALUES (213102345, 'Gerald', 'MALE', 'Reynolds', 1475.0); 
INSERT INTO person VALUES (2565929690, 'Dorothy', 'FEMALE', 'Campbell', 114.0); 
INSERT INTO person VALUES (9394262356, 'Kevin', 'MALE', 'Roberts', 897.0); 
INSERT INTO person VALUES (6372649736, 'Daniel', 'MALE', 'Gray', 703.0); 
INSERT INTO person VALUES (1123453316, 'Martha', 'FEMALE', 'Butler', 1859.0); 
INSERT INTO person VALUES (5643680236, 'Bobby', 'MALE', 'Evans', 1652.0); 
INSERT INTO person VALUES (1596330946, 'Marilyn', 'FEMALE', 'Mitchell', 1702.0); 
INSERT INTO person VALUES (2447325102, 'Cynthia', 'FEMALE', 'Khan', 157.0); 
INSERT INTO person VALUES (9456525528, 'Gary', 'MALE', 'Davies', 856.0); 
INSERT INTO person VALUES (5534385347, 'Dennis', 'MALE', 'Hughes', 183.0); 
INSERT INTO person VALUES (6178994554, 'Walter', 'MALE', 'Campbell', 760.0); 
INSERT INTO person VALUES (7430941380, 'Sara', 'FEMALE', 'Lee', 403.0); 
INSERT INTO person VALUES (4208585791, 'Michael', 'MALE', 'Carter', 1495.0); 
INSERT INTO person VALUES (4144511408, 'Brandon', 'MALE', 'Owen', 887.0); 
INSERT INTO person VALUES (6926766282, 'Rebecca', 'FEMALE', 'Cooper', 1030.0); 
INSERT INTO person VALUES (5171844770, 'Ashley', 'FEMALE', 'Taylor', 411.0); 
INSERT INTO person VALUES (1941767670, 'Marie', 'FEMALE', 'Murray', 1870.0); 
INSERT INTO person VALUES (5394288912, 'Julie', 'FEMALE', 'Martin', 1194.0); 
INSERT INTO person VALUES (6982813103, 'Brandon', 'MALE', 'Evans', 1313.0); 
INSERT INTO person VALUES (2002623429, 'Lori', 'FEMALE', 'Stevens', 1465.0); 
INSERT INTO person VALUES (7863736044, 'Marie', 'FEMALE', 'Evans', 1217.0); 
INSERT INTO person VALUES (2485102079, 'Sharon', 'FEMALE', 'Martin', 515.0); 
INSERT INTO person VALUES (2053365234, 'Noah', 'MALE', 'Thomson', 150.0); 
INSERT INTO person VALUES (3885505429, 'Jane', 'FEMALE', 'Johnson', 1022.0); 
INSERT INTO person VALUES (281249269, 'Janet', 'FEMALE', 'Murphy', 161.0); 
INSERT INTO person VALUES (6745557059, 'Terry', 'MALE', 'Knight', 633.0); 
INSERT INTO person VALUES (5766723584, 'Wayne', 'MALE', 'Turner', 1544.0); 
INSERT INTO person VALUES (8344572700, 'Gabriel', 'MALE', 'Brown', 70.0); 
INSERT INTO person VALUES (7241904920, 'Barbara', 'FEMALE', 'Mitchell', 1360.0); 
INSERT INTO person VALUES (896624860, 'Russell', 'MALE', 'Gray', 298.0); 
INSERT INTO person VALUES (6264934544, 'Susan', 'FEMALE', 'Murphy', 1151.0); 
INSERT INTO person VALUES (9270449321, 'Julia', 'FEMALE', 'Williams', 528.0); 
INSERT INTO person VALUES (654910684, 'Diana', 'FEMALE', 'Taylor', 1118.0); 
INSERT INTO person VALUES (5463381137, 'Tiffany', 'FEMALE', 'White', 1286.0); 
INSERT INTO person VALUES (2207960128, 'Karen', 'FEMALE', 'Holmes', 1338.0); 
INSERT INTO person VALUES (587576608, 'Nathan', 'MALE', 'Knight', 241.0); 
INSERT INTO person VALUES (949133958, 'Austin', 'MALE', 'Johnson', 1829.0); 
INSERT INTO person VALUES (9466897189, 'Henry', 'MALE', 'Chapman', 116.0); 
INSERT INTO person VALUES (447086558, 'Alice', 'FEMALE', 'Robertson', 574.0); 
INSERT INTO person VALUES (422147813, 'Paul', 'MALE', 'Hill', 966.0); 
INSERT INTO person VALUES (2796451812, 'Nicole', 'FEMALE', 'Morgan', 1983.0); 
INSERT INTO person VALUES (5547774987, 'Frank', 'MALE', 'Morgan', 903.0); 
INSERT INTO person VALUES (7021385635, 'Mary', 'FEMALE', 'Graham', 591.0); 
INSERT INTO person VALUES (8847241843, 'Raymond', 'MALE', 'Williams', 808.0); 
INSERT INTO person VALUES (618647437, 'Sean', 'MALE', 'Thomson', 174.0); 
INSERT INTO person VALUES (5205663799, 'Jeremy', 'MALE', 'Lewis', 1554.0); 
INSERT INTO person VALUES (6758270819, 'Austin', 'MALE', 'James', 2.0); 
INSERT INTO person VALUES (8484168257, 'Brenda', 'FEMALE', 'Wood', 68.0); 
INSERT INTO person VALUES (6963779828, 'Michael', 'MALE', 'Kennedy', 493.0); 
INSERT INTO person VALUES (1987846939, 'Edward', 'MALE', 'Hunt', 124.0); 
INSERT INTO person VALUES (7349573684, 'Ethan', 'MALE', 'Roberts', 1863.0); 
INSERT INTO person VALUES (4133514917, 'Christian', 'MALE', 'Matthews', 39.0); 
INSERT INTO person VALUES (2861290385, 'Steven', 'MALE', 'Adams', 358.0); 
INSERT INTO person VALUES (9109644385, 'Andrea', 'FEMALE', 'Chapman', 1835.0); 
INSERT INTO person VALUES (6551106497, 'Brian', 'MALE', 'Hill', 1842.0); 
INSERT INTO person VALUES (7406874988, 'Amber', 'FEMALE', 'Cooper', 1804.0); 
INSERT INTO person VALUES (7702903280, 'Russell', 'MALE', 'Patel', 514.0); 
INSERT INTO person VALUES (3259940530, 'Maria', 'FEMALE', 'Phillips', 437.0); 
INSERT INTO person VALUES (9922372929, 'Lori', 'FEMALE', 'Moore', 416.0); 
INSERT INTO person VALUES (2320521626, 'Amber', 'FEMALE', 'Johnson', 44.0); 
INSERT INTO person VALUES (5898625829, 'Angela', 'FEMALE', 'Smith', 851.0); 
INSERT INTO person VALUES (8130615995, 'Frank', 'MALE', 'Reynolds', 1135.0); 
INSERT INTO person VALUES (6317941448, 'Justin', 'MALE', 'Davis', 928.0); 
INSERT INTO person VALUES (319396502, 'Jacqueline', 'FEMALE', 'Parker', 1129.0); 
INSERT INTO person VALUES (5806560814, 'Mary', 'FEMALE', 'Kelly', 1941.0); 
INSERT INTO person VALUES (960038463, 'Bryan', 'MALE', 'Turner', 1216.0); 
INSERT INTO person VALUES (21894763, 'Marilyn', 'FEMALE', 'Fox', 1082.0); 
INSERT INTO person VALUES (3942682448, 'Emily', 'FEMALE', 'Robinson', 1757.0); 
INSERT INTO person VALUES (7713304565, 'Arthur', 'MALE', 'Walker', 630.0); 
INSERT INTO person VALUES (940949689, 'Nicholas', 'MALE', 'Ross', 1933.0); 
INSERT INTO person VALUES (2286813674, 'Catherine', 'FEMALE', 'Harrison', 1444.0); 
INSERT INTO person VALUES (6558440835, 'Laura', 'FEMALE', 'Palmer', 1304.0); 
INSERT INTO person VALUES (1612322813, 'Michelle', 'FEMALE', 'Powell', 1441.0); 
INSERT INTO person VALUES (568074335, 'Gabriel', 'MALE', 'Stewart', 1301.0); 
INSERT INTO person VALUES (4099995026, 'Alexander', 'MALE', 'Lewis', 1932.0); 
INSERT INTO person VALUES (9068310914, 'Eric', 'MALE', 'Russell', 150.0); 
INSERT INTO person VALUES (3429970731, 'Anthony', 'MALE', 'Allen', 928.0); 
INSERT INTO person VALUES (667670982, 'Richard', 'MALE', 'Thomson', 18.0); 
INSERT INTO person VALUES (2105240969, 'Russell', 'MALE', 'Harrison', 1437.0); 
INSERT INTO person VALUES (9627191186, 'Teresa', 'FEMALE', 'Young', 272.0); 
INSERT INTO person VALUES (479754223, 'Frances', 'FEMALE', 'Davies', 504.0); 
INSERT INTO person VALUES (882146684, 'Gregory', 'MALE', 'Chapman', 871.0); 
INSERT INTO person VALUES (5743490530, 'Joe', 'MALE', 'Gray', 1546.0); 
INSERT INTO person VALUES (9008151983, 'Andrea', 'FEMALE', 'Wilson', 85.0); 
INSERT INTO person VALUES (294116469, 'Shirley', 'FEMALE', 'Wilkinson', 1484.0); 
INSERT INTO person VALUES (1186763615, 'Laura', 'FEMALE', 'Thomas', 1921.0); 
INSERT INTO person VALUES (1886514534, 'Steven', 'MALE', 'Butler', 1962.0); 
INSERT INTO person VALUES (2521563794, 'Cheryl', 'FEMALE', 'Smith', 1400.0); 
INSERT INTO person VALUES (8402476866, 'Cynthia', 'FEMALE', 'Jackson', 1459.0); 
INSERT INTO person VALUES (637979868, 'Marie', 'FEMALE', 'Evans', 1944.0); 
INSERT INTO person VALUES (8550761208, 'Steven', 'MALE', 'Murphy', 1470.0); 
INSERT INTO person VALUES (9119567444, 'Kyle', 'MALE', 'Reynolds', 203.0); 
INSERT INTO person VALUES (661948947, 'Victoria', 'FEMALE', 'Chapman', 794.0); 
INSERT INTO person VALUES (209086177, 'Cheryl', 'FEMALE', 'Palmer', 21.0); 
INSERT INTO person VALUES (1593422341, 'Brittany', 'FEMALE', 'Simpson', 475.0); 
INSERT INTO person VALUES (9696560132, 'Dylan', 'MALE', 'Rose', 367.0); 
INSERT INTO person VALUES (2345119499, 'Jacob', 'MALE', 'Stevens', 1180.0); 
INSERT INTO person VALUES (8432826311, 'Julia', 'FEMALE', 'Scott', 204.0); 
INSERT INTO person VALUES (214938644, 'Amber', 'FEMALE', 'Griffiths', 468.0); 
INSERT INTO person VALUES (9458325392, 'Russell', 'MALE', 'Patel', 972.0); 
INSERT INTO person VALUES (3201483032, 'Gabriel', 'MALE', 'James', 125.0); 
INSERT INTO person VALUES (3598921116, 'James', 'MALE', 'Allen', 316.0); 
INSERT INTO person VALUES (202578026, 'Bruce', 'MALE', 'White', 16.0); 
INSERT INTO person VALUES (3725795418, 'Joe', 'MALE', 'Stewart', 462.0); 
INSERT INTO person VALUES (2353393914, 'Sara', 'FEMALE', 'Price', 896.0); 
INSERT INTO person VALUES (4408854659, 'Nicholas', 'MALE', 'Marshall', 143.0); 
INSERT INTO person VALUES (6085291766, 'Brittany', 'FEMALE', 'Anderson', 118.0); 
INSERT INTO person VALUES (2552200793, 'Helen', 'FEMALE', 'Roberts', 1653.0); 
INSERT INTO person VALUES (3310722886, 'Rose', 'FEMALE', 'Edwards', 1404.0); 
INSERT INTO person VALUES (884225659, 'Carl', 'MALE', 'Russell', 408.0); 
INSERT INTO person VALUES (4595781091, 'Gloria', 'FEMALE', 'James', 926.0); 
INSERT INTO person VALUES (7118535495, 'Jeffrey', 'MALE', 'Harris', 901.0); 
INSERT INTO person VALUES (5016785359, 'Cynthia', 'FEMALE', 'Patel', 7.0); 
INSERT INTO person VALUES (4774918354, 'Julia', 'FEMALE', 'Williams', 311.0); 
INSERT INTO person VALUES (2171590506, 'Justin', 'MALE', 'Morgan', 1004.0); 
INSERT INTO person VALUES (28844183, 'Mark', 'MALE', 'Jones', 446.0); 
INSERT INTO person VALUES (88445781, 'Louis', 'MALE', 'Clark', 1807.0); 
INSERT INTO person VALUES (2816904190, 'Cynthia', 'FEMALE', 'Kelly', 1495.0); 
INSERT INTO person VALUES (861984200, 'Ann', 'FEMALE', 'Hall', 1554.0); 
INSERT INTO person VALUES (2330824097, 'Christine', 'FEMALE', 'Richards', 1274.0); 
INSERT INTO person VALUES (362595558, 'Mary', 'FEMALE', 'Rose', 1479.0); 
INSERT INTO person VALUES (1432249190, 'David', 'MALE', 'Cox', 46.0); 
INSERT INTO person VALUES (7493358183, 'Ronald', 'MALE', 'Marshall', 1909.0); 
INSERT INTO person VALUES (2376625515, 'Madison', 'FEMALE', 'Simpson', 353.0); 
INSERT INTO person VALUES (4378551393, 'Christina', 'FEMALE', 'Baker', 666.0); 
INSERT INTO person VALUES (9255871598, 'Roger', 'MALE', 'Brown', 1900.0); 
INSERT INTO person VALUES (1269493349, 'Jennifer', 'FEMALE', 'Hughes', 195.0); 
INSERT INTO person VALUES (5460532552, 'Jane', 'FEMALE', 'Thompson', 396.0); 
INSERT INTO person VALUES (6736326607, 'Jean', 'FEMALE', 'Price', 1837.0); 
INSERT INTO person VALUES (2951270344, 'Roy', 'MALE', 'King', 2038.0); 
INSERT INTO person VALUES (595663401, 'Raymond', 'MALE', 'Hill', 657.0); 
INSERT INTO person VALUES (8586410212, 'Zachary', 'MALE', 'Knight', 1330.0); 
INSERT INTO person VALUES (8431189878, 'Kathleen', 'FEMALE', 'Stevens', 110.0); 
INSERT INTO person VALUES (8872827139, 'Bryan', 'MALE', 'Anderson', 1855.0); 
INSERT INTO person VALUES (5426476692, 'Abigail', 'FEMALE', 'Edwards', 1248.0); 
INSERT INTO person VALUES (1655413926, 'Tyler', 'MALE', 'Hunt', 1023.0); 
INSERT INTO person VALUES (752644044, 'Jose', 'MALE', 'Young', 478.0); 
INSERT INTO person VALUES (3262373447, 'Danielle', 'FEMALE', 'Powell', 1872.0); 
INSERT INTO person VALUES (440552243, 'Rose', 'FEMALE', 'Mitchell', 1868.0); 
INSERT INTO person VALUES (4937474425, 'Dennis', 'MALE', 'Bell', 661.0); 
INSERT INTO person VALUES (6024931994, 'Megan', 'FEMALE', 'Morris', 1759.0); 
INSERT INTO person VALUES (8804508343, 'Larry', 'MALE', 'Reid', 749.0); 
INSERT INTO person VALUES (1105707800, 'Jonathan', 'MALE', 'Collins', 501.0); 
INSERT INTO person VALUES (2712493661, 'Harry', 'MALE', 'Wilson', 1786.0); 
INSERT INTO person VALUES (1871407350, 'Ann', 'FEMALE', 'Cook', 287.0); 
INSERT INTO person VALUES (4955654209, 'Randy', 'MALE', 'Carter', 1174.0); 
INSERT INTO person VALUES (4320271546, 'Pamela', 'FEMALE', 'Thomas', 664.0); 
INSERT INTO person VALUES (467916553, 'Donald', 'MALE', 'Matthews', 1518.0); 
INSERT INTO person VALUES (6005594562, 'Mary', 'FEMALE', 'Bailey', 294.0); 
INSERT INTO person VALUES (5663244485, 'Joyce', 'FEMALE', 'Brown', 1238.0); 
INSERT INTO person VALUES (9661719139, 'John', 'MALE', 'Walsh', 474.0); 
INSERT INTO person VALUES (9904378735, 'Thomas', 'MALE', 'Hughes', 1073.0); 
INSERT INTO person VALUES (3690506184, 'Robert', 'MALE', 'Richards', 611.0); 
INSERT INTO person VALUES (813751124, 'Danielle', 'FEMALE', 'Carter', 1821.0); 
INSERT INTO person VALUES (808884027, 'Kathryn', 'FEMALE', 'Watson', 1693.0); 
INSERT INTO person VALUES (2870972044, 'Lisa', 'FEMALE', 'Stewart', 1621.0); 
INSERT INTO person VALUES (9280184541, 'Karen', 'FEMALE', 'Cox', 1749.0); 
INSERT INTO person VALUES (7082479168, 'Douglas', 'MALE', 'Anderson', 419.0); 
INSERT INTO person VALUES (7883391543, 'Sharon', 'FEMALE', 'Smith', 1139.0); 
INSERT INTO person VALUES (7527317361, 'Eric', 'MALE', 'Murphy', 1336.0); 
INSERT INTO person VALUES (6500490623, 'Roy', 'MALE', 'Evans', 499.0); 
INSERT INTO person VALUES (9702181809, 'Bryan', 'MALE', 'Price', 484.0); 
INSERT INTO person VALUES (1286726052, 'Donald', 'MALE', 'Edwards', 662.0); 
INSERT INTO person VALUES (313688511, 'Dennis', 'MALE', 'Miller', 1782.0); 
INSERT INTO person VALUES (9511875002, 'Rose', 'FEMALE', 'Anderson', 990.0); 
INSERT INTO person VALUES (9119581541, 'Joan', 'FEMALE', 'Mitchell', 1854.0); 
INSERT INTO person VALUES (3439455477, 'Maria', 'FEMALE', 'Adams', 1651.0); 
INSERT INTO person VALUES (517691278, 'James', 'MALE', 'Adams', 806.0); 
INSERT INTO person VALUES (8199233685, 'Sharon', 'FEMALE', 'Stevens', 2030.0); 
INSERT INTO person VALUES (5472821483, 'Shirley', 'FEMALE', 'Holmes', 1184.0); 
INSERT INTO person VALUES (2446208826, 'Aaron', 'MALE', 'Clark', 1010.0); 
INSERT INTO person VALUES (5591468197, 'Andrew', 'MALE', 'James', 1132.0); 
INSERT INTO person VALUES (6627976274, 'Brian', 'MALE', 'Robertson', 314.0); 
INSERT INTO person VALUES (9426715674, 'Dennis', 'MALE', 'Allen', 1079.0); 
INSERT INTO person VALUES (5608429848, 'Teresa', 'FEMALE', 'Knight', 240.0); 
INSERT INTO person VALUES (926072642, 'Albert', 'MALE', 'Taylor', 910.0); 
INSERT INTO person VALUES (3107114425, 'Andrea', 'FEMALE', 'Green', 4.0); 
INSERT INTO person VALUES (9978418128, 'Terry', 'MALE', 'Khan', 832.0); 
INSERT INTO person VALUES (2227713782, 'Diana', 'FEMALE', 'King', 59.0); 
INSERT INTO person VALUES (770134809, 'John', 'MALE', 'Collins', 1462.0); 
INSERT INTO person VALUES (3971515557, 'Alexis', 'FEMALE', 'Jones', 602.0); 
INSERT INTO person VALUES (8541787644, 'Tyler', 'MALE', 'Taylor', 1869.0); 
INSERT INTO person VALUES (7746674164, 'Ralph', 'MALE', 'Robinson', 345.0); 
INSERT INTO person VALUES (676627572, 'Beverly', 'FEMALE', 'Hughes', 1028.0); 
INSERT INTO person VALUES (779459882, 'Michael', 'MALE', 'Palmer', 1910.0); 
INSERT INTO person VALUES (3875288873, 'Bruce', 'MALE', 'Roberts', 1162.0); 
INSERT INTO person VALUES (7445782958, 'Jessica', 'FEMALE', 'Scott', 1967.0); 
INSERT INTO person VALUES (2322631773, 'Raymond', 'MALE', 'Collins', 762.0); 
INSERT INTO person VALUES (2417288274, 'Tiffany', 'FEMALE', 'Williams', 1001.0); 
INSERT INTO person VALUES (4210739840, 'Terry', 'MALE', 'Lee', 587.0); 
INSERT INTO person VALUES (427479825, 'Jerry', 'MALE', 'Ward', 953.0); 
INSERT INTO person VALUES (6778498361, 'Rachel', 'FEMALE', 'Mitchell', 1765.0); 
INSERT INTO person VALUES (9369234151, 'Marilyn', 'FEMALE', 'Anderson', 145.0); 
INSERT INTO person VALUES (1305592114, 'Jason', 'MALE', 'Marshall', 985.0); 
INSERT INTO person VALUES (6190855128, 'Martha', 'FEMALE', 'Morgan', 1006.0); 
INSERT INTO person VALUES (9701708916, 'Gary', 'MALE', 'Taylor', 1433.0); 
INSERT INTO person VALUES (7247494439, 'Lawrence', 'MALE', 'Thomas', 835.0); 
INSERT INTO person VALUES (6099712036, 'Richard', 'MALE', 'Simpson', 979.0); 
INSERT INTO person VALUES (6718376298, 'Betty', 'FEMALE', 'Harrison', 666.0); 
INSERT INTO person VALUES (7753846398, 'Richard', 'MALE', 'Owen', 1649.0); 
INSERT INTO person VALUES (621212879, 'Patrick', 'MALE', 'Hall', 615.0); 
INSERT INTO person VALUES (7111819908, 'Victoria', 'FEMALE', 'Morgan', 768.0); 
INSERT INTO person VALUES (6738448491, 'Douglas', 'MALE', 'Ellis', 1660.0); 
INSERT INTO person VALUES (2662804632, 'Martha', 'FEMALE', 'Marshall', 2032.0); 
INSERT INTO person VALUES (6149323338, 'George', 'MALE', 'Reynolds', 1974.0); 
INSERT INTO person VALUES (799838744, 'Megan', 'FEMALE', 'Clarke', 1858.0); 
INSERT INTO person VALUES (351578002, 'Tiffany', 'FEMALE', 'Adams', 593.0); 
INSERT INTO person VALUES (1075287822, 'Deborah', 'FEMALE', 'Knight', 1268.0); 
INSERT INTO person VALUES (6058131441, 'Stephanie', 'FEMALE', 'Wright', 95.0); 
INSERT INTO person VALUES (7721405186, 'Andrew', 'MALE', 'Saunders', 1001.0); 
INSERT INTO person VALUES (5428540679, 'Jacob', 'MALE', 'Phillips', 1746.0); 
INSERT INTO person VALUES (6767280539, 'Jose', 'MALE', 'Matthews', 1096.0); 
INSERT INTO person VALUES (911799783, 'Aaron', 'MALE', 'Hall', 224.0); 
INSERT INTO person VALUES (9492702406, 'Teresa', 'FEMALE', 'Clarke', 642.0); 
INSERT INTO person VALUES (5397747642, 'Rose', 'FEMALE', 'Bennett', 1908.0); 
INSERT INTO person VALUES (3881503952, 'Alexander', 'MALE', 'Saunders', 779.0); 
INSERT INTO person VALUES (6434545101, 'Ethan', 'MALE', 'Williams', 1171.0); 
INSERT INTO person VALUES (9322588290, 'Vincent', 'MALE', 'Taylor', 851.0); 
INSERT INTO person VALUES (1231946873, 'Bruce', 'MALE', 'Carter', 1966.0); 
INSERT INTO person VALUES (969115679, 'Cynthia', 'FEMALE', 'Morris', 1293.0); 
INSERT INTO person VALUES (3599855245, 'Brittany', 'FEMALE', 'Marshall', 1763.0); 
INSERT INTO person VALUES (3169711925, 'Emily', 'FEMALE', 'Edwards', 1110.0); 
INSERT INTO person VALUES (9944501803, 'Carl', 'MALE', 'Evans', 536.0); 
INSERT INTO person VALUES (6671658505, 'Brian', 'MALE', 'Simpson', 1756.0); 
INSERT INTO person VALUES (9031389425, 'Ashley', 'FEMALE', 'Cook', 1023.0); 
INSERT INTO person VALUES (9467937391, 'Roger', 'MALE', 'Harris', 3.0); 
INSERT INTO person VALUES (7172746810, 'Justin', 'MALE', 'Thomson', 1774.0); 
INSERT INTO person VALUES (657717274, 'Kevin', 'MALE', 'Powell', 594.0); 
INSERT INTO person VALUES (704437123, 'Judy', 'FEMALE', 'Walsh', 1121.0); 

INSERT INTO usr (username, role) VALUES ('1', 4);
INSERT INTO officer (jabber, mail, shift, officer_status, premium, rank, salary, person, police_station, usr) VALUES ('jabber', 'black.hornetnikita@gmail.com', 'DAY', 'WAITING', 89, 'ADMIN', 300, 4718689344, 1, 1);
INSERT INTO usr (username, role) VALUES ('2', 4);
INSERT INTO officer (jabber, mail, shift, officer_status, premium, rank, salary, person, police_station, usr) VALUES ('jabber', 'black.hornetnikita@gmail.com', 'DAY', 'WAITING', 143, 'ADMIN', 300, 4118968349, 1, 2);
INSERT INTO usr (username, role) VALUES ('3', 4);
INSERT INTO officer (jabber, mail, shift, officer_status, premium, rank, salary, person, police_station, usr) VALUES ('jabber', 'black.hornetnikita@gmail.com', 'NIGHT', 'WAITING', 59, 'ADMIN', 300, 313688511, 1, 3);
INSERT INTO usr (username, role) VALUES ('4', 2);
INSERT INTO officer (jabber, mail, shift, officer_status, premium, rank, salary, person, police_station, usr) VALUES ('jabber', 'black.hornetnikita@gmail.com', 'DAY', 'WAITING', 65, 'LIEUTENANT', 800, 9952859557, 1, 4);
INSERT INTO usr (username, role) VALUES ('5', 2);
INSERT INTO officer (jabber, mail, shift, officer_status, premium, rank, salary, person, police_station, usr) VALUES ('jabber', 'black.hornetnikita@gmail.com', 'DAY', 'WAITING', 140, 'CAPTAIN', 900, 2318542988, 1, 5);
INSERT INTO usr (username, role) VALUES ('6', 2);
INSERT INTO officer (jabber, mail, shift, officer_status, premium, rank, salary, person, police_station, usr) VALUES ('jabber', 'black.hornetnikita@gmail.com', 'NIGHT', 'WAITING', 149, 'CORPORAL', 400, 9404513285, 1, 6);
INSERT INTO usr (username, role) VALUES ('7', 2);
INSERT INTO officer (jabber, mail, shift, officer_status, premium, rank, salary, person, police_station, usr) VALUES ('jabber', 'black.hornetnikita@gmail.com', 'NIGHT', 'WAITING', 76, 'SERGEANT', 700, 881130345, 1, 7);
INSERT INTO usr (username, role) VALUES ('8', 2);
INSERT INTO officer (jabber, mail, shift, officer_status, premium, rank, salary, person, police_station, usr) VALUES ('jabber', 'black.hornetnikita@gmail.com', 'DAY', 'WAITING', 149, 'DETECTIVE', 600, 2243772523, 1, 8);
INSERT INTO usr (username, role) VALUES ('9', 2);
INSERT INTO officer (jabber, mail, shift, officer_status, premium, rank, salary, person, police_station, usr) VALUES ('jabber', 'black.hornetnikita@gmail.com', 'DAY', 'WAITING', 104, 'OFFICER', 200, 5527979261, 1, 9);
INSERT INTO usr (username, role) VALUES ('10', 2);
INSERT INTO officer (jabber, mail, shift, officer_status, premium, rank, salary, person, police_station, usr) VALUES ('jabber', 'black.hornetnikita@gmail.com', 'DAY', 'WAITING', 66, 'CORPORAL', 400, 2612615292, 1, 10);
INSERT INTO usr (username, role) VALUES ('11', 2);
INSERT INTO officer (jabber, mail, shift, officer_status, premium, rank, salary, person, police_station, usr) VALUES ('jabber', 'black.hornetnikita@gmail.com', 'NIGHT', 'WAITING', 58, 'SERGEANT', 700, 8058674229, 1, 11);
INSERT INTO usr (username, role) VALUES ('12', 2);
INSERT INTO officer (jabber, mail, shift, officer_status, premium, rank, salary, person, police_station, usr) VALUES ('jabber', 'black.hornetnikita@gmail.com', 'DAY', 'WAITING', 136, 'CORPORAL', 400, 1592640948, 1, 12);
INSERT INTO usr (username, role) VALUES ('13', 2);
INSERT INTO officer (jabber, mail, shift, officer_status, premium, rank, salary, person, police_station, usr) VALUES ('jabber', 'black.hornetnikita@gmail.com', 'DAY', 'WAITING', 65, 'OFFICER', 200, 5379479616, 1, 13);
INSERT INTO usr (username, role) VALUES ('14', 2);
INSERT INTO officer (jabber, mail, shift, officer_status, premium, rank, salary, person, police_station, usr) VALUES ('jabber', 'black.hornetnikita@gmail.com', 'NIGHT', 'WAITING', 105, 'CAPTAIN', 900, 3510379232, 1, 14);
INSERT INTO usr (username, role) VALUES ('15', 3);
INSERT INTO officer (jabber, mail, shift, officer_status, premium, rank, salary, person, police_station, usr) VALUES ('jabber', 'black.hornetnikita@gmail.com', 'DAY', 'WAITING', 121, 'DISPATCHER', 500, 593715878, 1, 15);
INSERT INTO usr (username, role) VALUES ('16', 2);
INSERT INTO officer (jabber, mail, shift, officer_status, premium, rank, salary, person, police_station, usr) VALUES ('jabber', 'black.hornetnikita@gmail.com', 'NIGHT', 'WAITING', 53, 'SERGEANT', 700, 6485720122, 1, 16);
INSERT INTO usr (username, role) VALUES ('17', 2);
INSERT INTO officer (jabber, mail, shift, officer_status, premium, rank, salary, person, police_station, usr) VALUES ('jabber', 'black.hornetnikita@gmail.com', 'NIGHT', 'WAITING', 106, 'SERGEANT', 700, 2432649728, 1, 17);
INSERT INTO usr (username, role) VALUES ('18', 2);
INSERT INTO officer (jabber, mail, shift, officer_status, premium, rank, salary, person, police_station, usr) VALUES ('jabber', 'black.hornetnikita@gmail.com', 'NIGHT', 'WAITING', 145, 'DETECTIVE', 600, 9658797287, 1, 18);
INSERT INTO usr (username, role) VALUES ('19', 2);
INSERT INTO officer (jabber, mail, shift, officer_status, premium, rank, salary, person, police_station, usr) VALUES ('jabber', 'black.hornetnikita@gmail.com', 'DAY', 'WAITING', 121, 'DETECTIVE', 600, 4986336186, 1, 19);
INSERT INTO usr (username, role) VALUES ('20', 2);
INSERT INTO officer (jabber, mail, shift, officer_status, premium, rank, salary, person, police_station, usr) VALUES ('jabber', 'black.hornetnikita@gmail.com', 'DAY', 'WAITING', 98, 'DETECTIVE', 600, 4207403294, 1, 20);
INSERT INTO usr (username, role) VALUES ('21', 3);
INSERT INTO officer (jabber, mail, shift, officer_status, premium, rank, salary, person, police_station, usr) VALUES ('jabber', 'black.hornetnikita@gmail.com', 'DAY', 'WAITING', 143, 'DISPATCHER', 500, 2877155334, 1, 21);
INSERT INTO usr (username, role) VALUES ('22', 2);
INSERT INTO officer (jabber, mail, shift, officer_status, premium, rank, salary, person, police_station, usr) VALUES ('jabber', 'black.hornetnikita@gmail.com', 'DAY', 'WAITING', 82, 'DETECTIVE', 600, 2524426706, 1, 22);
INSERT INTO usr (username, role) VALUES ('23', 3);
INSERT INTO officer (jabber, mail, shift, officer_status, premium, rank, salary, person, police_station, usr) VALUES ('jabber', 'black.hornetnikita@gmail.com', 'DAY', 'WAITING', 125, 'DISPATCHER', 500, 9521169486, 1, 23);
INSERT INTO usr (username, role) VALUES ('24', 2);
INSERT INTO officer (jabber, mail, shift, officer_status, premium, rank, salary, person, police_station, usr) VALUES ('jabber', 'black.hornetnikita@gmail.com', 'DAY', 'WAITING', 91, 'CAPTAIN', 900, 7148972454, 1, 24);
INSERT INTO usr (username, role) VALUES ('25', 2);
INSERT INTO officer (jabber, mail, shift, officer_status, premium, rank, salary, person, police_station, usr) VALUES ('jabber', 'black.hornetnikita@gmail.com', 'DAY', 'WAITING', 108, 'OFFICER', 200, 7113882634, 1, 25);
INSERT INTO usr (username, role) VALUES ('26', 2);
INSERT INTO officer (jabber, mail, shift, officer_status, premium, rank, salary, person, police_station, usr) VALUES ('jabber', 'black.hornetnikita@gmail.com', 'DAY', 'WAITING', 55, 'CORPORAL', 400, 1219247233, 1, 26);
INSERT INTO usr (username, role) VALUES ('27', 2);
INSERT INTO officer (jabber, mail, shift, officer_status, premium, rank, salary, person, police_station, usr) VALUES ('jabber', 'black.hornetnikita@gmail.com', 'DAY', 'WAITING', 105, 'CAPTAIN', 900, 5937954045, 1, 27);
INSERT INTO usr (username, role) VALUES ('28', 2);
INSERT INTO officer (jabber, mail, shift, officer_status, premium, rank, salary, person, police_station, usr) VALUES ('jabber', 'black.hornetnikita@gmail.com', 'DAY', 'WAITING', 79, 'DETECTIVE', 600, 8801581437, 1, 28);
INSERT INTO usr (username, role) VALUES ('29', 3);
INSERT INTO officer (jabber, mail, shift, officer_status, premium, rank, salary, person, police_station, usr) VALUES ('jabber', 'black.hornetnikita@gmail.com', 'DAY', 'WAITING', 75, 'DISPATCHER', 500, 4439488388, 1, 29);
INSERT INTO usr (username, role) VALUES ('30', 2);
INSERT INTO officer (jabber, mail, shift, officer_status, premium, rank, salary, person, police_station, usr) VALUES ('jabber', 'black.hornetnikita@gmail.com', 'NIGHT', 'WAITING', 131, 'LIEUTENANT', 800, 4948433005, 1, 30);
INSERT INTO usr (username, role) VALUES ('31', 2);
INSERT INTO officer (jabber, mail, shift, officer_status, premium, rank, salary, person, police_station, usr) VALUES ('jabber', 'black.hornetnikita@gmail.com', 'DAY', 'WAITING', 108, 'DETECTIVE', 600, 903794028, 1, 31);
INSERT INTO usr (username, role) VALUES ('32', 2);
INSERT INTO officer (jabber, mail, shift, officer_status, premium, rank, salary, person, police_station, usr) VALUES ('jabber', 'black.hornetnikita@gmail.com', 'DAY', 'WAITING', 115, 'DETECTIVE', 600, 6730997865, 1, 32);
INSERT INTO usr (username, role) VALUES ('33', 2);
INSERT INTO officer (jabber, mail, shift, officer_status, premium, rank, salary, person, police_station, usr) VALUES ('jabber', 'black.hornetnikita@gmail.com', 'NIGHT', 'WAITING', 82, 'CAPTAIN', 900, 9913234587, 1, 33);
INSERT INTO usr (username, role) VALUES ('34', 2);
INSERT INTO officer (jabber, mail, shift, officer_status, premium, rank, salary, person, police_station, usr) VALUES ('jabber', 'black.hornetnikita@gmail.com', 'DAY', 'WAITING', 99, 'CAPTAIN', 900, 4630817340, 1, 34);
INSERT INTO usr (username, role) VALUES ('35', 4);
INSERT INTO officer (jabber, mail, shift, officer_status, premium, rank, salary, person, police_station, usr) VALUES ('jabber', 'black.hornetnikita@gmail.com', 'DAY', 'WAITING', 98, 'ADMIN', 300, 1189160733, 2, 35);
INSERT INTO usr (username, role) VALUES ('36', 4);
INSERT INTO officer (jabber, mail, shift, officer_status, premium, rank, salary, person, police_station, usr) VALUES ('jabber', 'black.hornetnikita@gmail.com', 'DAY', 'WAITING', 55, 'ADMIN', 300, 3109658102, 2, 36);
INSERT INTO usr (username, role) VALUES ('37', 4);
INSERT INTO officer (jabber, mail, shift, officer_status, premium, rank, salary, person, police_station, usr) VALUES ('jabber', 'black.hornetnikita@gmail.com', 'NIGHT', 'WAITING', 103, 'ADMIN', 300, 923843054, 2, 37);
INSERT INTO usr (username, role) VALUES ('38', 2);
INSERT INTO officer (jabber, mail, shift, officer_status, premium, rank, salary, person, police_station, usr) VALUES ('jabber', 'black.hornetnikita@gmail.com', 'DAY', 'WAITING', 60, 'CORPORAL', 400, 9076431898, 2, 38);
INSERT INTO usr (username, role) VALUES ('39', 2);
INSERT INTO officer (jabber, mail, shift, officer_status, premium, rank, salary, person, police_station, usr) VALUES ('jabber', 'black.hornetnikita@gmail.com', 'DAY', 'WAITING', 99, 'LIEUTENANT', 800, 8193180620, 2, 39);
INSERT INTO usr (username, role) VALUES ('40', 2);
INSERT INTO officer (jabber, mail, shift, officer_status, premium, rank, salary, person, police_station, usr) VALUES ('jabber', 'black.hornetnikita@gmail.com', 'NIGHT', 'WAITING', 132, 'CAPTAIN', 900, 309712366, 2, 40);
INSERT INTO usr (username, role) VALUES ('41', 2);
INSERT INTO officer (jabber, mail, shift, officer_status, premium, rank, salary, person, police_station, usr) VALUES ('jabber', 'black.hornetnikita@gmail.com', 'DAY', 'WAITING', 117, 'LIEUTENANT', 800, 1808878336, 2, 41);
INSERT INTO usr (username, role) VALUES ('42', 2);
INSERT INTO officer (jabber, mail, shift, officer_status, premium, rank, salary, person, police_station, usr) VALUES ('jabber', 'black.hornetnikita@gmail.com', 'DAY', 'WAITING', 54, 'LIEUTENANT', 800, 7403578920, 2, 42);
INSERT INTO usr (username, role) VALUES ('43', 2);
INSERT INTO officer (jabber, mail, shift, officer_status, premium, rank, salary, person, police_station, usr) VALUES ('jabber', 'black.hornetnikita@gmail.com', 'DAY', 'WAITING', 85, 'CORPORAL', 400, 6221651614, 2, 43);
INSERT INTO usr (username, role) VALUES ('44', 2);
INSERT INTO officer (jabber, mail, shift, officer_status, premium, rank, salary, person, police_station, usr) VALUES ('jabber', 'black.hornetnikita@gmail.com', 'NIGHT', 'WAITING', 133, 'DETECTIVE', 600, 3177142452, 2, 44);
INSERT INTO usr (username, role) VALUES ('45', 2);
INSERT INTO officer (jabber, mail, shift, officer_status, premium, rank, salary, person, police_station, usr) VALUES ('jabber', 'black.hornetnikita@gmail.com', 'DAY', 'WAITING', 88, 'DETECTIVE', 600, 4750117968, 2, 45);
INSERT INTO usr (username, role) VALUES ('46', 2);
INSERT INTO officer (jabber, mail, shift, officer_status, premium, rank, salary, person, police_station, usr) VALUES ('jabber', 'black.hornetnikita@gmail.com', 'DAY', 'WAITING', 72, 'LIEUTENANT', 800, 5245890610, 2, 46);
INSERT INTO usr (username, role) VALUES ('47', 3);
INSERT INTO officer (jabber, mail, shift, officer_status, premium, rank, salary, person, police_station, usr) VALUES ('jabber', 'black.hornetnikita@gmail.com', 'DAY', 'WAITING', 59, 'DISPATCHER', 500, 8401451558, 2, 47);
INSERT INTO usr (username, role) VALUES ('48', 2);
INSERT INTO officer (jabber, mail, shift, officer_status, premium, rank, salary, person, police_station, usr) VALUES ('jabber', 'black.hornetnikita@gmail.com', 'NIGHT', 'WAITING', 57, 'CAPTAIN', 900, 5364775704, 2, 48);
INSERT INTO usr (username, role) VALUES ('49', 2);
INSERT INTO officer (jabber, mail, shift, officer_status, premium, rank, salary, person, police_station, usr) VALUES ('jabber', 'black.hornetnikita@gmail.com', 'DAY', 'WAITING', 134, 'OFFICER', 200, 3347669465, 2, 49);
INSERT INTO usr (username, role) VALUES ('50', 2);
INSERT INTO officer (jabber, mail, shift, officer_status, premium, rank, salary, person, police_station, usr) VALUES ('jabber', 'black.hornetnikita@gmail.com', 'NIGHT', 'WAITING', 92, 'CAPTAIN', 900, 1328616252, 2, 50);
INSERT INTO usr (username, role) VALUES ('51', 2);
INSERT INTO officer (jabber, mail, shift, officer_status, premium, rank, salary, person, police_station, usr) VALUES ('jabber', 'black.hornetnikita@gmail.com', 'DAY', 'WAITING', 56, 'CAPTAIN', 900, 3097713940, 2, 51);
INSERT INTO usr (username, role) VALUES ('52', 2);
INSERT INTO officer (jabber, mail, shift, officer_status, premium, rank, salary, person, police_station, usr) VALUES ('jabber', 'black.hornetnikita@gmail.com', 'DAY', 'WAITING', 117, 'DETECTIVE', 600, 8049216726, 2, 52);
INSERT INTO usr (username, role) VALUES ('53', 2);
INSERT INTO officer (jabber, mail, shift, officer_status, premium, rank, salary, person, police_station, usr) VALUES ('jabber', 'black.hornetnikita@gmail.com', 'DAY', 'WAITING', 87, 'CORPORAL', 400, 309608889, 2, 53);
INSERT INTO usr (username, role) VALUES ('54', 2);
INSERT INTO officer (jabber, mail, shift, officer_status, premium, rank, salary, person, police_station, usr) VALUES ('jabber', 'black.hornetnikita@gmail.com', 'NIGHT', 'WAITING', 149, 'SERGEANT', 700, 6190855128, 2, 54);
INSERT INTO usr (username, role) VALUES ('55', 2);
INSERT INTO officer (jabber, mail, shift, officer_status, premium, rank, salary, person, police_station, usr) VALUES ('jabber', 'black.hornetnikita@gmail.com', 'DAY', 'WAITING', 70, 'OFFICER', 200, 6493627088, 2, 55);
INSERT INTO usr (username, role) VALUES ('56', 3);
INSERT INTO officer (jabber, mail, shift, officer_status, premium, rank, salary, person, police_station, usr) VALUES ('jabber', 'black.hornetnikita@gmail.com', 'DAY', 'WAITING', 114, 'DISPATCHER', 500, 9026726205, 2, 56);
INSERT INTO usr (username, role) VALUES ('57', 2);
INSERT INTO officer (jabber, mail, shift, officer_status, premium, rank, salary, person, police_station, usr) VALUES ('jabber', 'black.hornetnikita@gmail.com', 'NIGHT', 'WAITING', 135, 'DETECTIVE', 600, 1894328885, 2, 57);
INSERT INTO usr (username, role) VALUES ('58', 2);
INSERT INTO officer (jabber, mail, shift, officer_status, premium, rank, salary, person, police_station, usr) VALUES ('jabber', 'black.hornetnikita@gmail.com', 'DAY', 'WAITING', 77, 'CAPTAIN', 900, 933332322, 2, 58);
INSERT INTO usr (username, role) VALUES ('59', 2);
INSERT INTO officer (jabber, mail, shift, officer_status, premium, rank, salary, person, police_station, usr) VALUES ('jabber', 'black.hornetnikita@gmail.com', 'DAY', 'WAITING', 59, 'CAPTAIN', 900, 736141355, 2, 59);
INSERT INTO usr (username, role) VALUES ('60', 2);
INSERT INTO officer (jabber, mail, shift, officer_status, premium, rank, salary, person, police_station, usr) VALUES ('jabber', 'black.hornetnikita@gmail.com', 'NIGHT', 'WAITING', 88, 'CAPTAIN', 900, 3445255998, 2, 60);
INSERT INTO usr (username, role) VALUES ('61', 2);
INSERT INTO officer (jabber, mail, shift, officer_status, premium, rank, salary, person, police_station, usr) VALUES ('jabber', 'black.hornetnikita@gmail.com', 'DAY', 'WAITING', 104, 'SERGEANT', 700, 1447821848, 2, 61);
INSERT INTO usr (username, role) VALUES ('62', 2);
INSERT INTO officer (jabber, mail, shift, officer_status, premium, rank, salary, person, police_station, usr) VALUES ('jabber', 'black.hornetnikita@gmail.com', 'NIGHT', 'WAITING', 87, 'DETECTIVE', 600, 2227713782, 2, 62);
INSERT INTO usr (username, role) VALUES ('63', 2);
INSERT INTO officer (jabber, mail, shift, officer_status, premium, rank, salary, person, police_station, usr) VALUES ('jabber', 'black.hornetnikita@gmail.com', 'DAY', 'WAITING', 108, 'CORPORAL', 400, 6691697, 2, 63);
INSERT INTO usr (username, role) VALUES ('64', 2);
INSERT INTO officer (jabber, mail, shift, officer_status, premium, rank, salary, person, police_station, usr) VALUES ('jabber', 'black.hornetnikita@gmail.com', 'DAY', 'WAITING', 144, 'CORPORAL', 400, 2296375712, 2, 64);
INSERT INTO usr (username, role) VALUES ('65', 2);
INSERT INTO officer (jabber, mail, shift, officer_status, premium, rank, salary, person, police_station, usr) VALUES ('jabber', 'black.hornetnikita@gmail.com', 'DAY', 'WAITING', 108, 'CAPTAIN', 900, 9255871598, 2, 65);
INSERT INTO usr (username, role) VALUES ('66', 2);
INSERT INTO officer (jabber, mail, shift, officer_status, premium, rank, salary, person, police_station, usr) VALUES ('jabber', 'black.hornetnikita@gmail.com', 'NIGHT', 'WAITING', 140, 'DETECTIVE', 600, 742734956, 2, 66);
INSERT INTO usr (username, role) VALUES ('67', 2);
INSERT INTO officer (jabber, mail, shift, officer_status, premium, rank, salary, person, police_station, usr) VALUES ('jabber', 'black.hornetnikita@gmail.com', 'DAY', 'WAITING', 94, 'SERGEANT', 700, 666935054, 2, 67);
INSERT INTO usr (username, role) VALUES ('68', 2);
INSERT INTO officer (jabber, mail, shift, officer_status, premium, rank, salary, person, police_station, usr) VALUES ('jabber', 'black.hornetnikita@gmail.com', 'DAY', 'WAITING', 87, 'CORPORAL', 400, 342419991, 2, 68);
INSERT INTO usr (username, role) VALUES ('69', 4);
INSERT INTO officer (jabber, mail, shift, officer_status, premium, rank, salary, person, police_station, usr) VALUES ('jabber', 'black.hornetnikita@gmail.com', 'DAY', 'WAITING', 125, 'ADMIN', 300, 3620948877, 3, 69);
INSERT INTO usr (username, role) VALUES ('70', 4);
INSERT INTO officer (jabber, mail, shift, officer_status, premium, rank, salary, person, police_station, usr) VALUES ('jabber', 'black.hornetnikita@gmail.com', 'DAY', 'WAITING', 147, 'ADMIN', 300, 44983193, 3, 70);
INSERT INTO usr (username, role) VALUES ('71', 4);
INSERT INTO officer (jabber, mail, shift, officer_status, premium, rank, salary, person, police_station, usr) VALUES ('jabber', 'black.hornetnikita@gmail.com', 'NIGHT', 'WAITING', 94, 'ADMIN', 300, 3934627615, 3, 71);
INSERT INTO usr (username, role) VALUES ('72', 2);
INSERT INTO officer (jabber, mail, shift, officer_status, premium, rank, salary, person, police_station, usr) VALUES ('jabber', 'black.hornetnikita@gmail.com', 'NIGHT', 'WAITING', 51, 'DETECTIVE', 600, 6701640596, 3, 72);
INSERT INTO usr (username, role) VALUES ('73', 2);
INSERT INTO officer (jabber, mail, shift, officer_status, premium, rank, salary, person, police_station, usr) VALUES ('jabber', 'black.hornetnikita@gmail.com', 'DAY', 'WAITING', 61, 'LIEUTENANT', 800, 4283579, 3, 73);
INSERT INTO usr (username, role) VALUES ('74', 2);
INSERT INTO officer (jabber, mail, shift, officer_status, premium, rank, salary, person, police_station, usr) VALUES ('jabber', 'black.hornetnikita@gmail.com', 'DAY', 'WAITING', 133, 'CAPTAIN', 900, 1338606143, 3, 74);
INSERT INTO usr (username, role) VALUES ('75', 2);
INSERT INTO officer (jabber, mail, shift, officer_status, premium, rank, salary, person, police_station, usr) VALUES ('jabber', 'black.hornetnikita@gmail.com', 'NIGHT', 'WAITING', 131, 'DETECTIVE', 600, 7360770862, 3, 75);
INSERT INTO usr (username, role) VALUES ('76', 2);
INSERT INTO officer (jabber, mail, shift, officer_status, premium, rank, salary, person, police_station, usr) VALUES ('jabber', 'black.hornetnikita@gmail.com', 'DAY', 'WAITING', 92, 'CORPORAL', 400, 4320271546, 3, 76);
INSERT INTO usr (username, role) VALUES ('77', 2);
INSERT INTO officer (jabber, mail, shift, officer_status, premium, rank, salary, person, police_station, usr) VALUES ('jabber', 'black.hornetnikita@gmail.com', 'DAY', 'WAITING', 107, 'SERGEANT', 700, 9306107704, 3, 77);
INSERT INTO usr (username, role) VALUES ('78', 3);
INSERT INTO officer (jabber, mail, shift, officer_status, premium, rank, salary, person, police_station, usr) VALUES ('jabber', 'black.hornetnikita@gmail.com', 'DAY', 'WAITING', 101, 'DISPATCHER', 500, 9715475208, 3, 78);
INSERT INTO usr (username, role) VALUES ('79', 2);
INSERT INTO officer (jabber, mail, shift, officer_status, premium, rank, salary, person, police_station, usr) VALUES ('jabber', 'black.hornetnikita@gmail.com', 'NIGHT', 'WAITING', 103, 'SERGEANT', 700, 73633461, 3, 79);
INSERT INTO usr (username, role) VALUES ('80', 3);
INSERT INTO officer (jabber, mail, shift, officer_status, premium, rank, salary, person, police_station, usr) VALUES ('jabber', 'black.hornetnikita@gmail.com', 'DAY', 'WAITING', 145, 'DISPATCHER', 500, 129945311, 3, 80);
INSERT INTO usr (username, role) VALUES ('81', 2);
INSERT INTO officer (jabber, mail, shift, officer_status, premium, rank, salary, person, police_station, usr) VALUES ('jabber', 'black.hornetnikita@gmail.com', 'NIGHT', 'WAITING', 141, 'OFFICER', 200, 6149560276, 3, 81);
INSERT INTO usr (username, role) VALUES ('82', 2);
INSERT INTO officer (jabber, mail, shift, officer_status, premium, rank, salary, person, police_station, usr) VALUES ('jabber', 'black.hornetnikita@gmail.com', 'DAY', 'WAITING', 85, 'CORPORAL', 400, 6235895964, 3, 82);
INSERT INTO usr (username, role) VALUES ('83', 2);
INSERT INTO officer (jabber, mail, shift, officer_status, premium, rank, salary, person, police_station, usr) VALUES ('jabber', 'black.hornetnikita@gmail.com', 'DAY', 'WAITING', 112, 'SERGEANT', 700, 8154369009, 3, 83);
INSERT INTO usr (username, role) VALUES ('84', 2);
INSERT INTO officer (jabber, mail, shift, officer_status, premium, rank, salary, person, police_station, usr) VALUES ('jabber', 'black.hornetnikita@gmail.com', 'NIGHT', 'WAITING', 62, 'DETECTIVE', 600, 1931226250, 3, 84);
INSERT INTO usr (username, role) VALUES ('85', 2);
INSERT INTO officer (jabber, mail, shift, officer_status, premium, rank, salary, person, police_station, usr) VALUES ('jabber', 'black.hornetnikita@gmail.com', 'DAY', 'WAITING', 82, 'CORPORAL', 400, 416564403, 3, 85);
INSERT INTO usr (username, role) VALUES ('86', 3);
INSERT INTO officer (jabber, mail, shift, officer_status, premium, rank, salary, person, police_station, usr) VALUES ('jabber', 'black.hornetnikita@gmail.com', 'DAY', 'WAITING', 145, 'DISPATCHER', 500, 5748672630, 3, 86);
INSERT INTO usr (username, role) VALUES ('87', 2);
INSERT INTO officer (jabber, mail, shift, officer_status, premium, rank, salary, person, police_station, usr) VALUES ('jabber', 'black.hornetnikita@gmail.com', 'DAY', 'WAITING', 118, 'OFFICER', 200, 5438349993, 3, 87);
INSERT INTO usr (username, role) VALUES ('88', 2);
INSERT INTO officer (jabber, mail, shift, officer_status, premium, rank, salary, person, police_station, usr) VALUES ('jabber', 'black.hornetnikita@gmail.com', 'NIGHT', 'WAITING', 99, 'LIEUTENANT', 800, 8785467754, 3, 88);
INSERT INTO usr (username, role) VALUES ('89', 2);
INSERT INTO officer (jabber, mail, shift, officer_status, premium, rank, salary, person, police_station, usr) VALUES ('jabber', 'black.hornetnikita@gmail.com', 'DAY', 'WAITING', 65, 'DETECTIVE', 600, 3330876702, 3, 89);
INSERT INTO usr (username, role) VALUES ('90', 2);
INSERT INTO officer (jabber, mail, shift, officer_status, premium, rank, salary, person, police_station, usr) VALUES ('jabber', 'black.hornetnikita@gmail.com', 'DAY', 'WAITING', 122, 'DETECTIVE', 600, 853622359, 3, 90);
INSERT INTO usr (username, role) VALUES ('91', 2);
INSERT INTO officer (jabber, mail, shift, officer_status, premium, rank, salary, person, police_station, usr) VALUES ('jabber', 'black.hornetnikita@gmail.com', 'DAY', 'WAITING', 104, 'DETECTIVE', 600, 2010910260, 3, 91);
INSERT INTO usr (username, role) VALUES ('92', 2);
INSERT INTO officer (jabber, mail, shift, officer_status, premium, rank, salary, person, police_station, usr) VALUES ('jabber', 'black.hornetnikita@gmail.com', 'DAY', 'WAITING', 98, 'DETECTIVE', 600, 6087319453, 3, 92);
INSERT INTO usr (username, role) VALUES ('93', 2);
INSERT INTO officer (jabber, mail, shift, officer_status, premium, rank, salary, person, police_station, usr) VALUES ('jabber', 'black.hornetnikita@gmail.com', 'DAY', 'WAITING', 65, 'CORPORAL', 400, 5113208958, 3, 93);
INSERT INTO usr (username, role) VALUES ('94', 2);
INSERT INTO officer (jabber, mail, shift, officer_status, premium, rank, salary, person, police_station, usr) VALUES ('jabber', 'black.hornetnikita@gmail.com', 'NIGHT', 'WAITING', 137, 'SERGEANT', 700, 463140904, 3, 94);
INSERT INTO usr (username, role) VALUES ('95', 2);
INSERT INTO officer (jabber, mail, shift, officer_status, premium, rank, salary, person, police_station, usr) VALUES ('jabber', 'black.hornetnikita@gmail.com', 'DAY', 'WAITING', 80, 'SERGEANT', 700, 6778963053, 3, 95);
INSERT INTO usr (username, role) VALUES ('96', 3);
INSERT INTO officer (jabber, mail, shift, officer_status, premium, rank, salary, person, police_station, usr) VALUES ('jabber', 'black.hornetnikita@gmail.com', 'DAY', 'WAITING', 122, 'DISPATCHER', 500, 31278260, 3, 96);
INSERT INTO usr (username, role) VALUES ('97', 2);
INSERT INTO officer (jabber, mail, shift, officer_status, premium, rank, salary, person, police_station, usr) VALUES ('jabber', 'black.hornetnikita@gmail.com', 'DAY', 'WAITING', 92, 'SERGEANT', 700, 6612381827, 3, 97);
INSERT INTO usr (username, role) VALUES ('98', 2);
INSERT INTO officer (jabber, mail, shift, officer_status, premium, rank, salary, person, police_station, usr) VALUES ('jabber', 'black.hornetnikita@gmail.com', 'DAY', 'WAITING', 70, 'SERGEANT', 700, 1170303858, 3, 98);
INSERT INTO usr (username, role) VALUES ('99', 2);
INSERT INTO officer (jabber, mail, shift, officer_status, premium, rank, salary, person, police_station, usr) VALUES ('jabber', 'black.hornetnikita@gmail.com', 'NIGHT', 'WAITING', 72, 'SERGEANT', 700, 6841945069, 3, 99);
INSERT INTO usr (username, role) VALUES ('100', 2);
INSERT INTO officer (jabber, mail, shift, officer_status, premium, rank, salary, person, police_station, usr) VALUES ('jabber', 'black.hornetnikita@gmail.com', 'DAY', 'WAITING', 87, 'OFFICER', 200, 3185858305, 3, 100);
INSERT INTO usr (username, role) VALUES ('101', 2);
INSERT INTO officer (jabber, mail, shift, officer_status, premium, rank, salary, person, police_station, usr) VALUES ('jabber', 'black.hornetnikita@gmail.com', 'DAY', 'WAITING', 89, 'CORPORAL', 400, 8459915299, 3, 101);
INSERT INTO usr (username, role) VALUES ('102', 2);
INSERT INTO officer (jabber, mail, shift, officer_status, premium, rank, salary, person, police_station, usr) VALUES ('jabber', 'black.hornetnikita@gmail.com', 'DAY', 'WAITING', 63, 'SERGEANT', 700, 2400631486, 3, 102);
INSERT INTO usr (username, role) VALUES ('103', 4);
INSERT INTO officer (jabber, mail, shift, officer_status, premium, rank, salary, person, police_station, usr) VALUES ('jabber', 'black.hornetnikita@gmail.com', 'DAY', 'WAITING', 81, 'ADMIN', 300, 8108364171, 4, 103);
INSERT INTO usr (username, role) VALUES ('104', 4);
INSERT INTO officer (jabber, mail, shift, officer_status, premium, rank, salary, person, police_station, usr) VALUES ('jabber', 'black.hornetnikita@gmail.com', 'DAY', 'WAITING', 52, 'ADMIN', 300, 914721879, 4, 104);
INSERT INTO usr (username, role) VALUES ('105', 4);
INSERT INTO officer (jabber, mail, shift, officer_status, premium, rank, salary, person, police_station, usr) VALUES ('jabber', 'black.hornetnikita@gmail.com', 'NIGHT', 'WAITING', 79, 'ADMIN', 300, 8267444530, 4, 105);
INSERT INTO usr (username, role) VALUES ('106', 3);
INSERT INTO officer (jabber, mail, shift, officer_status, premium, rank, salary, person, police_station, usr) VALUES ('jabber', 'black.hornetnikita@gmail.com', 'DAY', 'WAITING', 85, 'DISPATCHER', 500, 5733775093, 4, 106);
INSERT INTO usr (username, role) VALUES ('107', 2);
INSERT INTO officer (jabber, mail, shift, officer_status, premium, rank, salary, person, police_station, usr) VALUES ('jabber', 'black.hornetnikita@gmail.com', 'DAY', 'WAITING', 50, 'SERGEANT', 700, 8534506708, 4, 107);
INSERT INTO usr (username, role) VALUES ('108', 2);
INSERT INTO officer (jabber, mail, shift, officer_status, premium, rank, salary, person, police_station, usr) VALUES ('jabber', 'black.hornetnikita@gmail.com', 'NIGHT', 'WAITING', 123, 'CORPORAL', 400, 5384253768, 4, 108);
INSERT INTO usr (username, role) VALUES ('109', 2);
INSERT INTO officer (jabber, mail, shift, officer_status, premium, rank, salary, person, police_station, usr) VALUES ('jabber', 'black.hornetnikita@gmail.com', 'DAY', 'WAITING', 119, 'OFFICER', 200, 5884900217, 4, 109);
INSERT INTO usr (username, role) VALUES ('110', 2);
INSERT INTO officer (jabber, mail, shift, officer_status, premium, rank, salary, person, police_station, usr) VALUES ('jabber', 'black.hornetnikita@gmail.com', 'DAY', 'WAITING', 56, 'DETECTIVE', 600, 7749205183, 4, 110);
INSERT INTO usr (username, role) VALUES ('111', 2);
INSERT INTO officer (jabber, mail, shift, officer_status, premium, rank, salary, person, police_station, usr) VALUES ('jabber', 'black.hornetnikita@gmail.com', 'DAY', 'WAITING', 132, 'DETECTIVE', 600, 9135325522, 4, 111);
INSERT INTO usr (username, role) VALUES ('112', 2);
INSERT INTO officer (jabber, mail, shift, officer_status, premium, rank, salary, person, police_station, usr) VALUES ('jabber', 'black.hornetnikita@gmail.com', 'NIGHT', 'WAITING', 122, 'CORPORAL', 400, 3306592695, 4, 112);
INSERT INTO usr (username, role) VALUES ('113', 2);
INSERT INTO officer (jabber, mail, shift, officer_status, premium, rank, salary, person, police_station, usr) VALUES ('jabber', 'black.hornetnikita@gmail.com', 'NIGHT', 'WAITING', 77, 'CAPTAIN', 900, 162478048, 4, 113);
INSERT INTO usr (username, role) VALUES ('114', 2);
INSERT INTO officer (jabber, mail, shift, officer_status, premium, rank, salary, person, police_station, usr) VALUES ('jabber', 'black.hornetnikita@gmail.com', 'DAY', 'WAITING', 149, 'SERGEANT', 700, 7556655671, 4, 114);
INSERT INTO usr (username, role) VALUES ('115', 2);
INSERT INTO officer (jabber, mail, shift, officer_status, premium, rank, salary, person, police_station, usr) VALUES ('jabber', 'black.hornetnikita@gmail.com', 'DAY', 'WAITING', 139, 'CAPTAIN', 900, 1186763615, 4, 115);
INSERT INTO usr (username, role) VALUES ('116', 2);
INSERT INTO officer (jabber, mail, shift, officer_status, premium, rank, salary, person, police_station, usr) VALUES ('jabber', 'black.hornetnikita@gmail.com', 'DAY', 'WAITING', 142, 'DETECTIVE', 600, 9627191186, 4, 116);
INSERT INTO usr (username, role) VALUES ('117', 2);
INSERT INTO officer (jabber, mail, shift, officer_status, premium, rank, salary, person, police_station, usr) VALUES ('jabber', 'black.hornetnikita@gmail.com', 'DAY', 'WAITING', 136, 'SERGEANT', 700, 8541128509, 4, 117);
INSERT INTO usr (username, role) VALUES ('118', 2);
INSERT INTO officer (jabber, mail, shift, officer_status, premium, rank, salary, person, police_station, usr) VALUES ('jabber', 'black.hornetnikita@gmail.com', 'DAY', 'WAITING', 140, 'CAPTAIN', 900, 524392248, 4, 118);
INSERT INTO usr (username, role) VALUES ('119', 2);
INSERT INTO officer (jabber, mail, shift, officer_status, premium, rank, salary, person, police_station, usr) VALUES ('jabber', 'black.hornetnikita@gmail.com', 'NIGHT', 'WAITING', 137, 'CAPTAIN', 900, 6604878594, 4, 119);
INSERT INTO usr (username, role) VALUES ('120', 2);
INSERT INTO officer (jabber, mail, shift, officer_status, premium, rank, salary, person, police_station, usr) VALUES ('jabber', 'black.hornetnikita@gmail.com', 'DAY', 'WAITING', 81, 'LIEUTENANT', 800, 5943732499, 4, 120);
INSERT INTO usr (username, role) VALUES ('121', 2);
INSERT INTO officer (jabber, mail, shift, officer_status, premium, rank, salary, person, police_station, usr) VALUES ('jabber', 'black.hornetnikita@gmail.com', 'DAY', 'WAITING', 114, 'LIEUTENANT', 800, 3840983841, 4, 121);
INSERT INTO usr (username, role) VALUES ('122', 2);
INSERT INTO officer (jabber, mail, shift, officer_status, premium, rank, salary, person, police_station, usr) VALUES ('jabber', 'black.hornetnikita@gmail.com', 'DAY', 'WAITING', 139, 'CORPORAL', 400, 3766142190, 4, 122);
INSERT INTO usr (username, role) VALUES ('123', 2);
INSERT INTO officer (jabber, mail, shift, officer_status, premium, rank, salary, person, police_station, usr) VALUES ('jabber', 'black.hornetnikita@gmail.com', 'DAY', 'WAITING', 110, 'SERGEANT', 700, 4810409093, 4, 123);
INSERT INTO usr (username, role) VALUES ('124', 2);
INSERT INTO officer (jabber, mail, shift, officer_status, premium, rank, salary, person, police_station, usr) VALUES ('jabber', 'black.hornetnikita@gmail.com', 'DAY', 'WAITING', 118, 'CORPORAL', 400, 2376625515, 4, 124);
INSERT INTO usr (username, role) VALUES ('125', 2);
INSERT INTO officer (jabber, mail, shift, officer_status, premium, rank, salary, person, police_station, usr) VALUES ('jabber', 'black.hornetnikita@gmail.com', 'NIGHT', 'WAITING', 104, 'LIEUTENANT', 800, 770112671, 4, 125);
INSERT INTO usr (username, role) VALUES ('126', 2);
INSERT INTO officer (jabber, mail, shift, officer_status, premium, rank, salary, person, police_station, usr) VALUES ('jabber', 'black.hornetnikita@gmail.com', 'DAY', 'WAITING', 99, 'SERGEANT', 700, 9947819311, 4, 126);
INSERT INTO usr (username, role) VALUES ('127', 2);
INSERT INTO officer (jabber, mail, shift, officer_status, premium, rank, salary, person, police_station, usr) VALUES ('jabber', 'black.hornetnikita@gmail.com', 'NIGHT', 'WAITING', 112, 'CORPORAL', 400, 1235215207, 4, 127);
INSERT INTO usr (username, role) VALUES ('128', 2);
INSERT INTO officer (jabber, mail, shift, officer_status, premium, rank, salary, person, police_station, usr) VALUES ('jabber', 'black.hornetnikita@gmail.com', 'NIGHT', 'WAITING', 102, 'OFFICER', 200, 1027861261, 4, 128);
INSERT INTO usr (username, role) VALUES ('129', 2);
INSERT INTO officer (jabber, mail, shift, officer_status, premium, rank, salary, person, police_station, usr) VALUES ('jabber', 'black.hornetnikita@gmail.com', 'DAY', 'WAITING', 59, 'LIEUTENANT', 800, 684997050, 4, 129);
INSERT INTO usr (username, role) VALUES ('130', 2);
INSERT INTO officer (jabber, mail, shift, officer_status, premium, rank, salary, person, police_station, usr) VALUES ('jabber', 'black.hornetnikita@gmail.com', 'DAY', 'WAITING', 86, 'CAPTAIN', 900, 582218830, 4, 130);
INSERT INTO usr (username, role) VALUES ('131', 2);
INSERT INTO officer (jabber, mail, shift, officer_status, premium, rank, salary, person, police_station, usr) VALUES ('jabber', 'black.hornetnikita@gmail.com', 'NIGHT', 'WAITING', 98, 'SERGEANT', 700, 3844571224, 4, 131);
INSERT INTO usr (username, role) VALUES ('132', 2);
INSERT INTO officer (jabber, mail, shift, officer_status, premium, rank, salary, person, police_station, usr) VALUES ('jabber', 'black.hornetnikita@gmail.com', 'DAY', 'WAITING', 114, 'CORPORAL', 400, 294284138, 4, 132);
INSERT INTO usr (username, role) VALUES ('133', 2);
INSERT INTO officer (jabber, mail, shift, officer_status, premium, rank, salary, person, police_station, usr) VALUES ('jabber', 'black.hornetnikita@gmail.com', 'DAY', 'WAITING', 77, 'OFFICER', 200, 2575211944, 4, 133);
INSERT INTO usr (username, role) VALUES ('134', 2);
INSERT INTO officer (jabber, mail, shift, officer_status, premium, rank, salary, person, police_station, usr) VALUES ('jabber', 'black.hornetnikita@gmail.com', 'DAY', 'WAITING', 51, 'DETECTIVE', 600, 8478840062, 4, 134);
INSERT INTO usr (username, role) VALUES ('135', 2);
INSERT INTO officer (jabber, mail, shift, officer_status, premium, rank, salary, person, police_station, usr) VALUES ('jabber', 'black.hornetnikita@gmail.com', 'NIGHT', 'WAITING', 69, 'CAPTAIN', 900, 1030108427, 4, 135);
INSERT INTO usr (username, role) VALUES ('136', 2);
INSERT INTO officer (jabber, mail, shift, officer_status, premium, rank, salary, person, police_station, usr) VALUES ('jabber', 'black.hornetnikita@gmail.com', 'DAY', 'WAITING', 64, 'CAPTAIN', 900, 2844733277, 4, 136);
INSERT INTO usr (username, role) VALUES ('137', 4);
INSERT INTO officer (jabber, mail, shift, officer_status, premium, rank, salary, person, police_station, usr) VALUES ('jabber', 'black.hornetnikita@gmail.com', 'DAY', 'WAITING', 108, 'ADMIN', 300, 8748809, 5, 137);
INSERT INTO usr (username, role) VALUES ('138', 4);
INSERT INTO officer (jabber, mail, shift, officer_status, premium, rank, salary, person, police_station, usr) VALUES ('jabber', 'black.hornetnikita@gmail.com', 'DAY', 'WAITING', 120, 'ADMIN', 300, 8199233685, 5, 138);
INSERT INTO usr (username, role) VALUES ('139', 4);
INSERT INTO officer (jabber, mail, shift, officer_status, premium, rank, salary, person, police_station, usr) VALUES ('jabber', 'black.hornetnikita@gmail.com', 'NIGHT', 'WAITING', 123, 'ADMIN', 300, 6758270819, 5, 139);
INSERT INTO usr (username, role) VALUES ('140', 2);
INSERT INTO officer (jabber, mail, shift, officer_status, premium, rank, salary, person, police_station, usr) VALUES ('jabber', 'black.hornetnikita@gmail.com', 'DAY', 'WAITING', 94, 'OFFICER', 200, 9833618901, 5, 140);
INSERT INTO usr (username, role) VALUES ('141', 2);
INSERT INTO officer (jabber, mail, shift, officer_status, premium, rank, salary, person, police_station, usr) VALUES ('jabber', 'black.hornetnikita@gmail.com', 'NIGHT', 'WAITING', 107, 'CORPORAL', 400, 5252898034, 5, 141);
INSERT INTO usr (username, role) VALUES ('142', 2);
INSERT INTO officer (jabber, mail, shift, officer_status, premium, rank, salary, person, police_station, usr) VALUES ('jabber', 'black.hornetnikita@gmail.com', 'DAY', 'WAITING', 133, 'DETECTIVE', 600, 4509641139, 5, 142);
INSERT INTO usr (username, role) VALUES ('143', 3);
INSERT INTO officer (jabber, mail, shift, officer_status, premium, rank, salary, person, police_station, usr) VALUES ('jabber', 'black.hornetnikita@gmail.com', 'DAY', 'WAITING', 99, 'DISPATCHER', 500, 9491543656, 5, 143);
INSERT INTO usr (username, role) VALUES ('144', 3);
INSERT INTO officer (jabber, mail, shift, officer_status, premium, rank, salary, person, police_station, usr) VALUES ('jabber', 'black.hornetnikita@gmail.com', 'NIGHT', 'WAITING', 95, 'DISPATCHER', 500, 355032578, 5, 144);
INSERT INTO usr (username, role) VALUES ('145', 2);
INSERT INTO officer (jabber, mail, shift, officer_status, premium, rank, salary, person, police_station, usr) VALUES ('jabber', 'black.hornetnikita@gmail.com', 'DAY', 'WAITING', 127, 'SERGEANT', 700, 676845964, 5, 145);
INSERT INTO usr (username, role) VALUES ('146', 2);
INSERT INTO officer (jabber, mail, shift, officer_status, premium, rank, salary, person, police_station, usr) VALUES ('jabber', 'black.hornetnikita@gmail.com', 'DAY', 'WAITING', 144, 'OFFICER', 200, 1685566754, 5, 146);
INSERT INTO usr (username, role) VALUES ('147', 2);
INSERT INTO officer (jabber, mail, shift, officer_status, premium, rank, salary, person, police_station, usr) VALUES ('jabber', 'black.hornetnikita@gmail.com', 'DAY', 'WAITING', 61, 'CAPTAIN', 900, 673796884, 5, 147);
INSERT INTO usr (username, role) VALUES ('148', 2);
INSERT INTO officer (jabber, mail, shift, officer_status, premium, rank, salary, person, police_station, usr) VALUES ('jabber', 'black.hornetnikita@gmail.com', 'DAY', 'WAITING', 53, 'OFFICER', 200, 821688229, 5, 148);
INSERT INTO usr (username, role) VALUES ('149', 2);
INSERT INTO officer (jabber, mail, shift, officer_status, premium, rank, salary, person, police_station, usr) VALUES ('jabber', 'black.hornetnikita@gmail.com', 'DAY', 'WAITING', 54, 'CORPORAL', 400, 4602823867, 5, 149);
INSERT INTO usr (username, role) VALUES ('150', 2);
INSERT INTO officer (jabber, mail, shift, officer_status, premium, rank, salary, person, police_station, usr) VALUES ('jabber', 'black.hornetnikita@gmail.com', 'NIGHT', 'WAITING', 111, 'CORPORAL', 400, 7232666705, 5, 150);
INSERT INTO usr (username, role) VALUES ('151', 2);
INSERT INTO officer (jabber, mail, shift, officer_status, premium, rank, salary, person, police_station, usr) VALUES ('jabber', 'black.hornetnikita@gmail.com', 'NIGHT', 'WAITING', 148, 'SERGEANT', 700, 95938801, 5, 151);
INSERT INTO usr (username, role) VALUES ('152', 3);
INSERT INTO officer (jabber, mail, shift, officer_status, premium, rank, salary, person, police_station, usr) VALUES ('jabber', 'black.hornetnikita@gmail.com', 'DAY', 'WAITING', 74, 'DISPATCHER', 500, 6991180025, 5, 152);
INSERT INTO usr (username, role) VALUES ('153', 2);
INSERT INTO officer (jabber, mail, shift, officer_status, premium, rank, salary, person, police_station, usr) VALUES ('jabber', 'black.hornetnikita@gmail.com', 'NIGHT', 'WAITING', 121, 'SERGEANT', 700, 896752292, 5, 153);
INSERT INTO usr (username, role) VALUES ('154', 2);
INSERT INTO officer (jabber, mail, shift, officer_status, premium, rank, salary, person, police_station, usr) VALUES ('jabber', 'black.hornetnikita@gmail.com', 'DAY', 'WAITING', 54, 'SERGEANT', 700, 2346514247, 5, 154);
INSERT INTO usr (username, role) VALUES ('155', 3);
INSERT INTO officer (jabber, mail, shift, officer_status, premium, rank, salary, person, police_station, usr) VALUES ('jabber', 'black.hornetnikita@gmail.com', 'DAY', 'WAITING', 76, 'DISPATCHER', 500, 750657642, 5, 155);
INSERT INTO usr (username, role) VALUES ('156', 2);
INSERT INTO officer (jabber, mail, shift, officer_status, premium, rank, salary, person, police_station, usr) VALUES ('jabber', 'black.hornetnikita@gmail.com', 'DAY', 'WAITING', 74, 'LIEUTENANT', 800, 8759447026, 5, 156);
INSERT INTO usr (username, role) VALUES ('157', 2);
INSERT INTO officer (jabber, mail, shift, officer_status, premium, rank, salary, person, police_station, usr) VALUES ('jabber', 'black.hornetnikita@gmail.com', 'NIGHT', 'WAITING', 112, 'OFFICER', 200, 245871311, 5, 157);
INSERT INTO usr (username, role) VALUES ('158', 3);
INSERT INTO officer (jabber, mail, shift, officer_status, premium, rank, salary, person, police_station, usr) VALUES ('jabber', 'black.hornetnikita@gmail.com', 'NIGHT', 'WAITING', 112, 'DISPATCHER', 500, 103964184, 5, 158);
INSERT INTO usr (username, role) VALUES ('159', 2);
INSERT INTO officer (jabber, mail, shift, officer_status, premium, rank, salary, person, police_station, usr) VALUES ('jabber', 'black.hornetnikita@gmail.com', 'DAY', 'WAITING', 117, 'CORPORAL', 400, 5437458755, 5, 159);
INSERT INTO usr (username, role) VALUES ('160', 2);
INSERT INTO officer (jabber, mail, shift, officer_status, premium, rank, salary, person, police_station, usr) VALUES ('jabber', 'black.hornetnikita@gmail.com', 'DAY', 'WAITING', 111, 'CORPORAL', 400, 7639278008, 5, 160);
INSERT INTO usr (username, role) VALUES ('161', 2);
INSERT INTO officer (jabber, mail, shift, officer_status, premium, rank, salary, person, police_station, usr) VALUES ('jabber', 'black.hornetnikita@gmail.com', 'DAY', 'WAITING', 68, 'DETECTIVE', 600, 8213842790, 5, 161);
INSERT INTO usr (username, role) VALUES ('162', 2);
INSERT INTO officer (jabber, mail, shift, officer_status, premium, rank, salary, person, police_station, usr) VALUES ('jabber', 'black.hornetnikita@gmail.com', 'DAY', 'WAITING', 51, 'OFFICER', 200, 6526764688, 5, 162);
INSERT INTO usr (username, role) VALUES ('163', 2);
INSERT INTO officer (jabber, mail, shift, officer_status, premium, rank, salary, person, police_station, usr) VALUES ('jabber', 'black.hornetnikita@gmail.com', 'DAY', 'WAITING', 144, 'CORPORAL', 400, 5195804746, 5, 163);
INSERT INTO usr (username, role) VALUES ('164', 3);
INSERT INTO officer (jabber, mail, shift, officer_status, premium, rank, salary, person, police_station, usr) VALUES ('jabber', 'black.hornetnikita@gmail.com', 'DAY', 'WAITING', 80, 'DISPATCHER', 500, 4652199273, 5, 164);
INSERT INTO usr (username, role) VALUES ('165', 2);
INSERT INTO officer (jabber, mail, shift, officer_status, premium, rank, salary, person, police_station, usr) VALUES ('jabber', 'black.hornetnikita@gmail.com', 'NIGHT', 'WAITING', 71, 'OFFICER', 200, 5339967346, 5, 165);
INSERT INTO usr (username, role) VALUES ('166', 2);
INSERT INTO officer (jabber, mail, shift, officer_status, premium, rank, salary, person, police_station, usr) VALUES ('jabber', 'black.hornetnikita@gmail.com', 'DAY', 'WAITING', 66, 'CAPTAIN', 900, 8270827987, 5, 166);
INSERT INTO usr (username, role) VALUES ('167', 2);
INSERT INTO officer (jabber, mail, shift, officer_status, premium, rank, salary, person, police_station, usr) VALUES ('jabber', 'black.hornetnikita@gmail.com', 'DAY', 'WAITING', 68, 'DETECTIVE', 600, 675928512, 5, 167);
INSERT INTO usr (username, role) VALUES ('168', 2);
INSERT INTO officer (jabber, mail, shift, officer_status, premium, rank, salary, person, police_station, usr) VALUES ('jabber', 'black.hornetnikita@gmail.com', 'DAY', 'WAITING', 124, 'CORPORAL', 400, 2182452722, 5, 168);
INSERT INTO usr (username, role) VALUES ('169', 2);
INSERT INTO officer (jabber, mail, shift, officer_status, premium, rank, salary, person, police_station, usr) VALUES ('jabber', 'black.hornetnikita@gmail.com', 'DAY', 'WAITING', 52, 'DETECTIVE', 600, 9269985544, 5, 169);
INSERT INTO usr (username, role) VALUES ('170', 2);
INSERT INTO officer (jabber, mail, shift, officer_status, premium, rank, salary, person, police_station, usr) VALUES ('jabber', 'black.hornetnikita@gmail.com', 'DAY', 'WAITING', 111, 'DETECTIVE', 600, 3353659113, 5, 170);
INSERT INTO usr (username, role) VALUES ('171', 4);
INSERT INTO officer (jabber, mail, shift, officer_status, premium, rank, salary, person, police_station, usr) VALUES ('jabber', 'black.hornetnikita@gmail.com', 'DAY', 'WAITING', 114, 'ADMIN', 300, 4360521717, 6, 171);
INSERT INTO usr (username, role) VALUES ('172', 4);
INSERT INTO officer (jabber, mail, shift, officer_status, premium, rank, salary, person, police_station, usr) VALUES ('jabber', 'black.hornetnikita@gmail.com', 'DAY', 'WAITING', 129, 'ADMIN', 300, 3890367007, 6, 172);
INSERT INTO usr (username, role) VALUES ('173', 4);
INSERT INTO officer (jabber, mail, shift, officer_status, premium, rank, salary, person, police_station, usr) VALUES ('jabber', 'black.hornetnikita@gmail.com', 'NIGHT', 'WAITING', 55, 'ADMIN', 300, 6119608032, 6, 173);
INSERT INTO usr (username, role) VALUES ('174', 2);
INSERT INTO officer (jabber, mail, shift, officer_status, premium, rank, salary, person, police_station, usr) VALUES ('jabber', 'black.hornetnikita@gmail.com', 'DAY', 'WAITING', 88, 'LIEUTENANT', 800, 6304614831, 6, 174);
INSERT INTO usr (username, role) VALUES ('175', 2);
INSERT INTO officer (jabber, mail, shift, officer_status, premium, rank, salary, person, police_station, usr) VALUES ('jabber', 'black.hornetnikita@gmail.com', 'DAY', 'WAITING', 56, 'DETECTIVE', 600, 2995935106, 6, 175);
INSERT INTO usr (username, role) VALUES ('176', 2);
INSERT INTO officer (jabber, mail, shift, officer_status, premium, rank, salary, person, police_station, usr) VALUES ('jabber', 'black.hornetnikita@gmail.com', 'DAY', 'WAITING', 126, 'CAPTAIN', 900, 8253621343, 6, 176);
INSERT INTO usr (username, role) VALUES ('177', 2);
INSERT INTO officer (jabber, mail, shift, officer_status, premium, rank, salary, person, police_station, usr) VALUES ('jabber', 'black.hornetnikita@gmail.com', 'DAY', 'WAITING', 147, 'CORPORAL', 400, 8398761354, 6, 177);
INSERT INTO usr (username, role) VALUES ('178', 2);
INSERT INTO officer (jabber, mail, shift, officer_status, premium, rank, salary, person, police_station, usr) VALUES ('jabber', 'black.hornetnikita@gmail.com', 'NIGHT', 'WAITING', 98, 'SERGEANT', 700, 4288470175, 6, 178);
INSERT INTO usr (username, role) VALUES ('179', 3);
INSERT INTO officer (jabber, mail, shift, officer_status, premium, rank, salary, person, police_station, usr) VALUES ('jabber', 'black.hornetnikita@gmail.com', 'NIGHT', 'WAITING', 97, 'DISPATCHER', 500, 5830488339, 6, 179);
INSERT INTO usr (username, role) VALUES ('180', 2);
INSERT INTO officer (jabber, mail, shift, officer_status, premium, rank, salary, person, police_station, usr) VALUES ('jabber', 'black.hornetnikita@gmail.com', 'DAY', 'WAITING', 56, 'SERGEANT', 700, 9939979553, 6, 180);
INSERT INTO usr (username, role) VALUES ('181', 2);
INSERT INTO officer (jabber, mail, shift, officer_status, premium, rank, salary, person, police_station, usr) VALUES ('jabber', 'black.hornetnikita@gmail.com', 'DAY', 'WAITING', 119, 'OFFICER', 200, 6166602449, 6, 181);
INSERT INTO usr (username, role) VALUES ('182', 3);
INSERT INTO officer (jabber, mail, shift, officer_status, premium, rank, salary, person, police_station, usr) VALUES ('jabber', 'black.hornetnikita@gmail.com', 'DAY', 'WAITING', 81, 'DISPATCHER', 500, 7690368206, 6, 182);
INSERT INTO usr (username, role) VALUES ('183', 2);
INSERT INTO officer (jabber, mail, shift, officer_status, premium, rank, salary, person, police_station, usr) VALUES ('jabber', 'black.hornetnikita@gmail.com', 'DAY', 'WAITING', 82, 'LIEUTENANT', 800, 4955251597, 6, 183);
INSERT INTO usr (username, role) VALUES ('184', 2);
INSERT INTO officer (jabber, mail, shift, officer_status, premium, rank, salary, person, police_station, usr) VALUES ('jabber', 'black.hornetnikita@gmail.com', 'DAY', 'WAITING', 102, 'SERGEANT', 700, 4618112653, 6, 184);
INSERT INTO usr (username, role) VALUES ('185', 2);
INSERT INTO officer (jabber, mail, shift, officer_status, premium, rank, salary, person, police_station, usr) VALUES ('jabber', 'black.hornetnikita@gmail.com', 'NIGHT', 'WAITING', 120, 'DETECTIVE', 600, 3646267176, 6, 185);
INSERT INTO usr (username, role) VALUES ('186', 2);
INSERT INTO officer (jabber, mail, shift, officer_status, premium, rank, salary, person, police_station, usr) VALUES ('jabber', 'black.hornetnikita@gmail.com', 'DAY', 'WAITING', 118, 'OFFICER', 200, 2563421888, 6, 186);
INSERT INTO usr (username, role) VALUES ('187', 2);
INSERT INTO officer (jabber, mail, shift, officer_status, premium, rank, salary, person, police_station, usr) VALUES ('jabber', 'black.hornetnikita@gmail.com', 'NIGHT', 'WAITING', 56, 'LIEUTENANT', 800, 9005408994, 6, 187);
INSERT INTO usr (username, role) VALUES ('188', 2);
INSERT INTO officer (jabber, mail, shift, officer_status, premium, rank, salary, person, police_station, usr) VALUES ('jabber', 'black.hornetnikita@gmail.com', 'NIGHT', 'WAITING', 69, 'CORPORAL', 400, 5166727158, 6, 188);
INSERT INTO usr (username, role) VALUES ('189', 2);
INSERT INTO officer (jabber, mail, shift, officer_status, premium, rank, salary, person, police_station, usr) VALUES ('jabber', 'black.hornetnikita@gmail.com', 'DAY', 'WAITING', 109, 'CAPTAIN', 900, 6972227083, 6, 189);
INSERT INTO usr (username, role) VALUES ('190', 3);
INSERT INTO officer (jabber, mail, shift, officer_status, premium, rank, salary, person, police_station, usr) VALUES ('jabber', 'black.hornetnikita@gmail.com', 'NIGHT', 'WAITING', 129, 'DISPATCHER', 500, 5068326298, 6, 190);
INSERT INTO usr (username, role) VALUES ('191', 2);
INSERT INTO officer (jabber, mail, shift, officer_status, premium, rank, salary, person, police_station, usr) VALUES ('jabber', 'black.hornetnikita@gmail.com', 'DAY', 'WAITING', 73, 'CORPORAL', 400, 9349828211, 6, 191);
INSERT INTO usr (username, role) VALUES ('192', 2);
INSERT INTO officer (jabber, mail, shift, officer_status, premium, rank, salary, person, police_station, usr) VALUES ('jabber', 'black.hornetnikita@gmail.com', 'DAY', 'WAITING', 116, 'CORPORAL', 400, 7549937950, 6, 192);
INSERT INTO usr (username, role) VALUES ('193', 2);
INSERT INTO officer (jabber, mail, shift, officer_status, premium, rank, salary, person, police_station, usr) VALUES ('jabber', 'black.hornetnikita@gmail.com', 'DAY', 'WAITING', 65, 'CAPTAIN', 900, 9262458218, 6, 193);
INSERT INTO usr (username, role) VALUES ('194', 2);
INSERT INTO officer (jabber, mail, shift, officer_status, premium, rank, salary, person, police_station, usr) VALUES ('jabber', 'black.hornetnikita@gmail.com', 'DAY', 'WAITING', 140, 'OFFICER', 200, 571885358, 6, 194);
INSERT INTO usr (username, role) VALUES ('195', 2);
INSERT INTO officer (jabber, mail, shift, officer_status, premium, rank, salary, person, police_station, usr) VALUES ('jabber', 'black.hornetnikita@gmail.com', 'NIGHT', 'WAITING', 88, 'LIEUTENANT', 800, 402076594, 6, 195);
INSERT INTO usr (username, role) VALUES ('196', 2);
INSERT INTO officer (jabber, mail, shift, officer_status, premium, rank, salary, person, police_station, usr) VALUES ('jabber', 'black.hornetnikita@gmail.com', 'NIGHT', 'WAITING', 147, 'DETECTIVE', 600, 4871411750, 6, 196);
INSERT INTO usr (username, role) VALUES ('197', 2);
INSERT INTO officer (jabber, mail, shift, officer_status, premium, rank, salary, person, police_station, usr) VALUES ('jabber', 'black.hornetnikita@gmail.com', 'NIGHT', 'WAITING', 66, 'CORPORAL', 400, 319396502, 6, 197);
INSERT INTO usr (username, role) VALUES ('198', 2);
INSERT INTO officer (jabber, mail, shift, officer_status, premium, rank, salary, person, police_station, usr) VALUES ('jabber', 'black.hornetnikita@gmail.com', 'DAY', 'WAITING', 113, 'OFFICER', 200, 7837943027, 6, 198);
INSERT INTO usr (username, role) VALUES ('199', 2);
INSERT INTO officer (jabber, mail, shift, officer_status, premium, rank, salary, person, police_station, usr) VALUES ('jabber', 'black.hornetnikita@gmail.com', 'DAY', 'WAITING', 130, 'DETECTIVE', 600, 537543345, 6, 199);
INSERT INTO usr (username, role) VALUES ('200', 2);
INSERT INTO officer (jabber, mail, shift, officer_status, premium, rank, salary, person, police_station, usr) VALUES ('jabber', 'black.hornetnikita@gmail.com', 'DAY', 'WAITING', 102, 'CORPORAL', 400, 2476107056, 6, 200);
INSERT INTO usr (username, role) VALUES ('201', 2);
INSERT INTO officer (jabber, mail, shift, officer_status, premium, rank, salary, person, police_station, usr) VALUES ('jabber', 'black.hornetnikita@gmail.com', 'DAY', 'WAITING', 72, 'SERGEANT', 700, 6716909424, 6, 201);
INSERT INTO usr (username, role) VALUES ('202', 2);
INSERT INTO officer (jabber, mail, shift, officer_status, premium, rank, salary, person, police_station, usr) VALUES ('jabber', 'black.hornetnikita@gmail.com', 'DAY', 'WAITING', 101, 'OFFICER', 200, 8079233938, 6, 202);
INSERT INTO usr (username, role) VALUES ('203', 2);
INSERT INTO officer (jabber, mail, shift, officer_status, premium, rank, salary, person, police_station, usr) VALUES ('jabber', 'black.hornetnikita@gmail.com', 'DAY', 'WAITING', 100, 'CAPTAIN', 900, 902828190, 6, 203);
INSERT INTO usr (username, role) VALUES ('204', 2);
INSERT INTO officer (jabber, mail, shift, officer_status, premium, rank, salary, person, police_station, usr) VALUES ('jabber', 'black.hornetnikita@gmail.com', 'DAY', 'WAITING', 82, 'SERGEANT', 700, 2697519686, 6, 204);
INSERT INTO usr (username, role) VALUES ('205', 4);
INSERT INTO officer (jabber, mail, shift, officer_status, premium, rank, salary, person, police_station, usr) VALUES ('jabber', 'black.hornetnikita@gmail.com', 'DAY', 'WAITING', 135, 'ADMIN', 300, 570827996, 7, 205);
INSERT INTO usr (username, role) VALUES ('206', 4);
INSERT INTO officer (jabber, mail, shift, officer_status, premium, rank, salary, person, police_station, usr) VALUES ('jabber', 'black.hornetnikita@gmail.com', 'DAY', 'WAITING', 54, 'ADMIN', 300, 7753846398, 7, 206);
INSERT INTO usr (username, role) VALUES ('207', 4);
INSERT INTO officer (jabber, mail, shift, officer_status, premium, rank, salary, person, police_station, usr) VALUES ('jabber', 'black.hornetnikita@gmail.com', 'NIGHT', 'WAITING', 80, 'ADMIN', 300, 2442831563, 7, 207);
INSERT INTO usr (username, role) VALUES ('208', 2);
INSERT INTO officer (jabber, mail, shift, officer_status, premium, rank, salary, person, police_station, usr) VALUES ('jabber', 'black.hornetnikita@gmail.com', 'DAY', 'WAITING', 79, 'DETECTIVE', 600, 160995675, 7, 208);
INSERT INTO usr (username, role) VALUES ('209', 2);
INSERT INTO officer (jabber, mail, shift, officer_status, premium, rank, salary, person, police_station, usr) VALUES ('jabber', 'black.hornetnikita@gmail.com', 'DAY', 'WAITING', 101, 'OFFICER', 200, 7346562866, 7, 209);
INSERT INTO usr (username, role) VALUES ('210', 2);
INSERT INTO officer (jabber, mail, shift, officer_status, premium, rank, salary, person, police_station, usr) VALUES ('jabber', 'black.hornetnikita@gmail.com', 'DAY', 'WAITING', 84, 'CORPORAL', 400, 6318143130, 7, 210);
INSERT INTO usr (username, role) VALUES ('211', 3);
INSERT INTO officer (jabber, mail, shift, officer_status, premium, rank, salary, person, police_station, usr) VALUES ('jabber', 'black.hornetnikita@gmail.com', 'DAY', 'WAITING', 70, 'DISPATCHER', 500, 3081855377, 7, 211);
INSERT INTO usr (username, role) VALUES ('212', 2);
INSERT INTO officer (jabber, mail, shift, officer_status, premium, rank, salary, person, police_station, usr) VALUES ('jabber', 'black.hornetnikita@gmail.com', 'DAY', 'WAITING', 52, 'CAPTAIN', 900, 4547838204, 7, 212);
INSERT INTO usr (username, role) VALUES ('213', 3);
INSERT INTO officer (jabber, mail, shift, officer_status, premium, rank, salary, person, police_station, usr) VALUES ('jabber', 'black.hornetnikita@gmail.com', 'NIGHT', 'WAITING', 68, 'DISPATCHER', 500, 7375250391, 7, 213);
INSERT INTO usr (username, role) VALUES ('214', 3);
INSERT INTO officer (jabber, mail, shift, officer_status, premium, rank, salary, person, police_station, usr) VALUES ('jabber', 'black.hornetnikita@gmail.com', 'DAY', 'WAITING', 62, 'DISPATCHER', 500, 434382025, 7, 214);
INSERT INTO usr (username, role) VALUES ('215', 3);
INSERT INTO officer (jabber, mail, shift, officer_status, premium, rank, salary, person, police_station, usr) VALUES ('jabber', 'black.hornetnikita@gmail.com', 'DAY', 'WAITING', 101, 'DISPATCHER', 500, 2741202524, 7, 215);
INSERT INTO usr (username, role) VALUES ('216', 2);
INSERT INTO officer (jabber, mail, shift, officer_status, premium, rank, salary, person, police_station, usr) VALUES ('jabber', 'black.hornetnikita@gmail.com', 'DAY', 'WAITING', 92, 'DETECTIVE', 600, 6069552696, 7, 216);
INSERT INTO usr (username, role) VALUES ('217', 2);
INSERT INTO officer (jabber, mail, shift, officer_status, premium, rank, salary, person, police_station, usr) VALUES ('jabber', 'black.hornetnikita@gmail.com', 'DAY', 'WAITING', 138, 'OFFICER', 200, 3276632957, 7, 217);
INSERT INTO usr (username, role) VALUES ('218', 3);
INSERT INTO officer (jabber, mail, shift, officer_status, premium, rank, salary, person, police_station, usr) VALUES ('jabber', 'black.hornetnikita@gmail.com', 'DAY', 'WAITING', 119, 'DISPATCHER', 500, 6251323044, 7, 218);
INSERT INTO usr (username, role) VALUES ('219', 2);
INSERT INTO officer (jabber, mail, shift, officer_status, premium, rank, salary, person, police_station, usr) VALUES ('jabber', 'black.hornetnikita@gmail.com', 'NIGHT', 'WAITING', 113, 'SERGEANT', 700, 3297479843, 7, 219);
INSERT INTO usr (username, role) VALUES ('220', 3);
INSERT INTO officer (jabber, mail, shift, officer_status, premium, rank, salary, person, police_station, usr) VALUES ('jabber', 'black.hornetnikita@gmail.com', 'NIGHT', 'WAITING', 73, 'DISPATCHER', 500, 2080167180, 7, 220);
INSERT INTO usr (username, role) VALUES ('221', 2);
INSERT INTO officer (jabber, mail, shift, officer_status, premium, rank, salary, person, police_station, usr) VALUES ('jabber', 'black.hornetnikita@gmail.com', 'DAY', 'WAITING', 83, 'CAPTAIN', 900, 6874811190, 7, 221);
INSERT INTO usr (username, role) VALUES ('222', 2);
INSERT INTO officer (jabber, mail, shift, officer_status, premium, rank, salary, person, police_station, usr) VALUES ('jabber', 'black.hornetnikita@gmail.com', 'DAY', 'WAITING', 147, 'SERGEANT', 700, 4101382132, 7, 222);
INSERT INTO usr (username, role) VALUES ('223', 2);
INSERT INTO officer (jabber, mail, shift, officer_status, premium, rank, salary, person, police_station, usr) VALUES ('jabber', 'black.hornetnikita@gmail.com', 'NIGHT', 'WAITING', 148, 'LIEUTENANT', 800, 6446853510, 7, 223);
INSERT INTO usr (username, role) VALUES ('224', 3);
INSERT INTO officer (jabber, mail, shift, officer_status, premium, rank, salary, person, police_station, usr) VALUES ('jabber', 'black.hornetnikita@gmail.com', 'DAY', 'WAITING', 94, 'DISPATCHER', 500, 9702181809, 7, 224);
INSERT INTO usr (username, role) VALUES ('225', 2);
INSERT INTO officer (jabber, mail, shift, officer_status, premium, rank, salary, person, police_station, usr) VALUES ('jabber', 'black.hornetnikita@gmail.com', 'DAY', 'WAITING', 92, 'OFFICER', 200, 6557674968, 7, 225);
INSERT INTO usr (username, role) VALUES ('226', 2);
INSERT INTO officer (jabber, mail, shift, officer_status, premium, rank, salary, person, police_station, usr) VALUES ('jabber', 'black.hornetnikita@gmail.com', 'DAY', 'WAITING', 68, 'LIEUTENANT', 800, 3254907520, 7, 226);
INSERT INTO usr (username, role) VALUES ('227', 2);
INSERT INTO officer (jabber, mail, shift, officer_status, premium, rank, salary, person, police_station, usr) VALUES ('jabber', 'black.hornetnikita@gmail.com', 'DAY', 'WAITING', 89, 'CORPORAL', 400, 7779830715, 7, 227);
INSERT INTO usr (username, role) VALUES ('228', 2);
INSERT INTO officer (jabber, mail, shift, officer_status, premium, rank, salary, person, police_station, usr) VALUES ('jabber', 'black.hornetnikita@gmail.com', 'DAY', 'WAITING', 83, 'LIEUTENANT', 800, 6408581640, 7, 228);
INSERT INTO usr (username, role) VALUES ('229', 2);
INSERT INTO officer (jabber, mail, shift, officer_status, premium, rank, salary, person, police_station, usr) VALUES ('jabber', 'black.hornetnikita@gmail.com', 'DAY', 'WAITING', 85, 'CAPTAIN', 900, 5809622874, 7, 229);
INSERT INTO usr (username, role) VALUES ('230', 2);
INSERT INTO officer (jabber, mail, shift, officer_status, premium, rank, salary, person, police_station, usr) VALUES ('jabber', 'black.hornetnikita@gmail.com', 'DAY', 'WAITING', 85, 'LIEUTENANT', 800, 1454678354, 7, 230);
INSERT INTO usr (username, role) VALUES ('231', 2);
INSERT INTO officer (jabber, mail, shift, officer_status, premium, rank, salary, person, police_station, usr) VALUES ('jabber', 'black.hornetnikita@gmail.com', 'DAY', 'WAITING', 61, 'CAPTAIN', 900, 3594727793, 7, 231);
INSERT INTO usr (username, role) VALUES ('232', 2);
INSERT INTO officer (jabber, mail, shift, officer_status, premium, rank, salary, person, police_station, usr) VALUES ('jabber', 'black.hornetnikita@gmail.com', 'DAY', 'WAITING', 93, 'LIEUTENANT', 800, 3767888029, 7, 232);
INSERT INTO usr (username, role) VALUES ('233', 2);
INSERT INTO officer (jabber, mail, shift, officer_status, premium, rank, salary, person, police_station, usr) VALUES ('jabber', 'black.hornetnikita@gmail.com', 'NIGHT', 'WAITING', 118, 'SERGEANT', 700, 4341656770, 7, 233);
INSERT INTO usr (username, role) VALUES ('234', 2);
INSERT INTO officer (jabber, mail, shift, officer_status, premium, rank, salary, person, police_station, usr) VALUES ('jabber', 'black.hornetnikita@gmail.com', 'NIGHT', 'WAITING', 125, 'LIEUTENANT', 800, 1522272538, 7, 234);
INSERT INTO usr (username, role) VALUES ('235', 2);
INSERT INTO officer (jabber, mail, shift, officer_status, premium, rank, salary, person, police_station, usr) VALUES ('jabber', 'black.hornetnikita@gmail.com', 'DAY', 'WAITING', 53, 'CAPTAIN', 900, 6301101488, 7, 235);
INSERT INTO usr (username, role) VALUES ('236', 2);
INSERT INTO officer (jabber, mail, shift, officer_status, premium, rank, salary, person, police_station, usr) VALUES ('jabber', 'black.hornetnikita@gmail.com', 'DAY', 'WAITING', 118, 'CAPTAIN', 900, 8183287777, 7, 236);
INSERT INTO usr (username, role) VALUES ('237', 2);
INSERT INTO officer (jabber, mail, shift, officer_status, premium, rank, salary, person, police_station, usr) VALUES ('jabber', 'black.hornetnikita@gmail.com', 'NIGHT', 'WAITING', 121, 'OFFICER', 200, 8181200289, 7, 237);
INSERT INTO usr (username, role) VALUES ('238', 3);
INSERT INTO officer (jabber, mail, shift, officer_status, premium, rank, salary, person, police_station, usr) VALUES ('jabber', 'black.hornetnikita@gmail.com', 'DAY', 'WAITING', 134, 'DISPATCHER', 500, 657245207, 7, 238);
INSERT INTO usr (username, role) VALUES ('239', 4);
INSERT INTO officer (jabber, mail, shift, officer_status, premium, rank, salary, person, police_station, usr) VALUES ('jabber', 'black.hornetnikita@gmail.com', 'DAY', 'WAITING', 123, 'ADMIN', 300, 7324786116, 8, 239);
INSERT INTO usr (username, role) VALUES ('240', 4);
INSERT INTO officer (jabber, mail, shift, officer_status, premium, rank, salary, person, police_station, usr) VALUES ('jabber', 'black.hornetnikita@gmail.com', 'DAY', 'WAITING', 91, 'ADMIN', 300, 2042243114, 8, 240);
INSERT INTO usr (username, role) VALUES ('241', 4);
INSERT INTO officer (jabber, mail, shift, officer_status, premium, rank, salary, person, police_station, usr) VALUES ('jabber', 'black.hornetnikita@gmail.com', 'NIGHT', 'WAITING', 81, 'ADMIN', 300, 3469500457, 8, 241);
INSERT INTO usr (username, role) VALUES ('242', 2);
INSERT INTO officer (jabber, mail, shift, officer_status, premium, rank, salary, person, police_station, usr) VALUES ('jabber', 'black.hornetnikita@gmail.com', 'DAY', 'WAITING', 85, 'DETECTIVE', 600, 6850287048, 8, 242);
INSERT INTO usr (username, role) VALUES ('243', 2);
INSERT INTO officer (jabber, mail, shift, officer_status, premium, rank, salary, person, police_station, usr) VALUES ('jabber', 'black.hornetnikita@gmail.com', 'DAY', 'WAITING', 103, 'CAPTAIN', 900, 5670451720, 8, 243);
INSERT INTO usr (username, role) VALUES ('244', 2);
INSERT INTO officer (jabber, mail, shift, officer_status, premium, rank, salary, person, police_station, usr) VALUES ('jabber', 'black.hornetnikita@gmail.com', 'DAY', 'WAITING', 103, 'DETECTIVE', 600, 711032681, 8, 244);
INSERT INTO usr (username, role) VALUES ('245', 2);
INSERT INTO officer (jabber, mail, shift, officer_status, premium, rank, salary, person, police_station, usr) VALUES ('jabber', 'black.hornetnikita@gmail.com', 'DAY', 'WAITING', 75, 'CAPTAIN', 900, 3583370088, 8, 245);
INSERT INTO usr (username, role) VALUES ('246', 2);
INSERT INTO officer (jabber, mail, shift, officer_status, premium, rank, salary, person, police_station, usr) VALUES ('jabber', 'black.hornetnikita@gmail.com', 'DAY', 'WAITING', 66, 'CAPTAIN', 900, 3527108227, 8, 246);
INSERT INTO usr (username, role) VALUES ('247', 2);
INSERT INTO officer (jabber, mail, shift, officer_status, premium, rank, salary, person, police_station, usr) VALUES ('jabber', 'black.hornetnikita@gmail.com', 'DAY', 'WAITING', 103, 'DETECTIVE', 600, 8703435127, 8, 247);
INSERT INTO usr (username, role) VALUES ('248', 2);
INSERT INTO officer (jabber, mail, shift, officer_status, premium, rank, salary, person, police_station, usr) VALUES ('jabber', 'black.hornetnikita@gmail.com', 'DAY', 'WAITING', 57, 'CORPORAL', 400, 3374626365, 8, 248);
INSERT INTO usr (username, role) VALUES ('249', 2);
INSERT INTO officer (jabber, mail, shift, officer_status, premium, rank, salary, person, police_station, usr) VALUES ('jabber', 'black.hornetnikita@gmail.com', 'DAY', 'WAITING', 52, 'CAPTAIN', 900, 8720403725, 8, 249);
INSERT INTO usr (username, role) VALUES ('250', 2);
INSERT INTO officer (jabber, mail, shift, officer_status, premium, rank, salary, person, police_station, usr) VALUES ('jabber', 'black.hornetnikita@gmail.com', 'DAY', 'WAITING', 107, 'DETECTIVE', 600, 4281903257, 8, 250);
INSERT INTO usr (username, role) VALUES ('251', 2);
INSERT INTO officer (jabber, mail, shift, officer_status, premium, rank, salary, person, police_station, usr) VALUES ('jabber', 'black.hornetnikita@gmail.com', 'DAY', 'WAITING', 60, 'OFFICER', 200, 5233431501, 8, 251);
INSERT INTO usr (username, role) VALUES ('252', 2);
INSERT INTO officer (jabber, mail, shift, officer_status, premium, rank, salary, person, police_station, usr) VALUES ('jabber', 'black.hornetnikita@gmail.com', 'DAY', 'WAITING', 142, 'CORPORAL', 400, 2848792786, 8, 252);
INSERT INTO usr (username, role) VALUES ('253', 2);
INSERT INTO officer (jabber, mail, shift, officer_status, premium, rank, salary, person, police_station, usr) VALUES ('jabber', 'black.hornetnikita@gmail.com', 'NIGHT', 'WAITING', 62, 'OFFICER', 200, 7111881295, 8, 253);
INSERT INTO usr (username, role) VALUES ('254', 2);
INSERT INTO officer (jabber, mail, shift, officer_status, premium, rank, salary, person, police_station, usr) VALUES ('jabber', 'black.hornetnikita@gmail.com', 'DAY', 'WAITING', 78, 'DETECTIVE', 600, 250120643, 8, 254);
INSERT INTO usr (username, role) VALUES ('255', 2);
INSERT INTO officer (jabber, mail, shift, officer_status, premium, rank, salary, person, police_station, usr) VALUES ('jabber', 'black.hornetnikita@gmail.com', 'DAY', 'WAITING', 75, 'DETECTIVE', 600, 3967729142, 8, 255);
INSERT INTO usr (username, role) VALUES ('256', 3);
INSERT INTO officer (jabber, mail, shift, officer_status, premium, rank, salary, person, police_station, usr) VALUES ('jabber', 'black.hornetnikita@gmail.com', 'DAY', 'WAITING', 94, 'DISPATCHER', 500, 72154745, 8, 256);
INSERT INTO usr (username, role) VALUES ('257', 2);
INSERT INTO officer (jabber, mail, shift, officer_status, premium, rank, salary, person, police_station, usr) VALUES ('jabber', 'black.hornetnikita@gmail.com', 'DAY', 'WAITING', 121, 'CAPTAIN', 900, 1853305910, 8, 257);
INSERT INTO usr (username, role) VALUES ('258', 2);
INSERT INTO officer (jabber, mail, shift, officer_status, premium, rank, salary, person, police_station, usr) VALUES ('jabber', 'black.hornetnikita@gmail.com', 'DAY', 'WAITING', 92, 'CORPORAL', 400, 9972447724, 8, 258);
INSERT INTO usr (username, role) VALUES ('259', 2);
INSERT INTO officer (jabber, mail, shift, officer_status, premium, rank, salary, person, police_station, usr) VALUES ('jabber', 'black.hornetnikita@gmail.com', 'DAY', 'WAITING', 77, 'OFFICER', 200, 9798823920, 8, 259);
INSERT INTO usr (username, role) VALUES ('260', 2);
INSERT INTO officer (jabber, mail, shift, officer_status, premium, rank, salary, person, police_station, usr) VALUES ('jabber', 'black.hornetnikita@gmail.com', 'DAY', 'WAITING', 51, 'SERGEANT', 700, 2577904965, 8, 260);
INSERT INTO usr (username, role) VALUES ('261', 2);
INSERT INTO officer (jabber, mail, shift, officer_status, premium, rank, salary, person, police_station, usr) VALUES ('jabber', 'black.hornetnikita@gmail.com', 'DAY', 'WAITING', 81, 'OFFICER', 200, 3304674180, 8, 261);
INSERT INTO usr (username, role) VALUES ('262', 2);
INSERT INTO officer (jabber, mail, shift, officer_status, premium, rank, salary, person, police_station, usr) VALUES ('jabber', 'black.hornetnikita@gmail.com', 'NIGHT', 'WAITING', 92, 'SERGEANT', 700, 842833189, 8, 262);
INSERT INTO usr (username, role) VALUES ('263', 2);
INSERT INTO officer (jabber, mail, shift, officer_status, premium, rank, salary, person, police_station, usr) VALUES ('jabber', 'black.hornetnikita@gmail.com', 'NIGHT', 'WAITING', 131, 'SERGEANT', 700, 72448057, 8, 263);
INSERT INTO usr (username, role) VALUES ('264', 2);
INSERT INTO officer (jabber, mail, shift, officer_status, premium, rank, salary, person, police_station, usr) VALUES ('jabber', 'black.hornetnikita@gmail.com', 'NIGHT', 'WAITING', 138, 'DETECTIVE', 600, 463819594, 8, 264);
INSERT INTO usr (username, role) VALUES ('265', 2);
INSERT INTO officer (jabber, mail, shift, officer_status, premium, rank, salary, person, police_station, usr) VALUES ('jabber', 'black.hornetnikita@gmail.com', 'DAY', 'WAITING', 69, 'OFFICER', 200, 4538112653, 8, 265);
INSERT INTO usr (username, role) VALUES ('266', 2);
INSERT INTO officer (jabber, mail, shift, officer_status, premium, rank, salary, person, police_station, usr) VALUES ('jabber', 'black.hornetnikita@gmail.com', 'DAY', 'WAITING', 135, 'SERGEANT', 700, 6634803734, 8, 266);
INSERT INTO usr (username, role) VALUES ('267', 2);
INSERT INTO officer (jabber, mail, shift, officer_status, premium, rank, salary, person, police_station, usr) VALUES ('jabber', 'black.hornetnikita@gmail.com', 'DAY', 'WAITING', 123, 'CAPTAIN', 900, 1304766217, 8, 267);
INSERT INTO usr (username, role) VALUES ('268', 2);
INSERT INTO officer (jabber, mail, shift, officer_status, premium, rank, salary, person, police_station, usr) VALUES ('jabber', 'black.hornetnikita@gmail.com', 'DAY', 'WAITING', 52, 'CORPORAL', 400, 175313957, 8, 268);
INSERT INTO usr (username, role) VALUES ('269', 2);
INSERT INTO officer (jabber, mail, shift, officer_status, premium, rank, salary, person, police_station, usr) VALUES ('jabber', 'black.hornetnikita@gmail.com', 'DAY', 'WAITING', 148, 'OFFICER', 200, 9819485550, 8, 269);
INSERT INTO usr (username, role) VALUES ('270', 2);
INSERT INTO officer (jabber, mail, shift, officer_status, premium, rank, salary, person, police_station, usr) VALUES ('jabber', 'black.hornetnikita@gmail.com', 'NIGHT', 'WAITING', 97, 'OFFICER', 200, 156465647, 8, 270);
INSERT INTO usr (username, role) VALUES ('271', 2);
INSERT INTO officer (jabber, mail, shift, officer_status, premium, rank, salary, person, police_station, usr) VALUES ('jabber', 'black.hornetnikita@gmail.com', 'DAY', 'WAITING', 103, 'SERGEANT', 700, 2272878351, 8, 271);
INSERT INTO usr (username, role) VALUES ('272', 3);
INSERT INTO officer (jabber, mail, shift, officer_status, premium, rank, salary, person, police_station, usr) VALUES ('jabber', 'black.hornetnikita@gmail.com', 'DAY', 'WAITING', 103, 'DISPATCHER', 500, 5065968573, 8, 272);
INSERT INTO usr (username, role) VALUES ('273', 4);
INSERT INTO officer (jabber, mail, shift, officer_status, premium, rank, salary, person, police_station, usr) VALUES ('jabber', 'black.hornetnikita@gmail.com', 'DAY', 'WAITING', 76, 'ADMIN', 300, 7837788363, 9, 273);
INSERT INTO usr (username, role) VALUES ('274', 4);
INSERT INTO officer (jabber, mail, shift, officer_status, premium, rank, salary, person, police_station, usr) VALUES ('jabber', 'black.hornetnikita@gmail.com', 'DAY', 'WAITING', 142, 'ADMIN', 300, 7634387149, 9, 274);
INSERT INTO usr (username, role) VALUES ('275', 4);
INSERT INTO officer (jabber, mail, shift, officer_status, premium, rank, salary, person, police_station, usr) VALUES ('jabber', 'black.hornetnikita@gmail.com', 'NIGHT', 'WAITING', 104, 'ADMIN', 300, 242452152, 9, 275);
INSERT INTO usr (username, role) VALUES ('276', 2);
INSERT INTO officer (jabber, mail, shift, officer_status, premium, rank, salary, person, police_station, usr) VALUES ('jabber', 'black.hornetnikita@gmail.com', 'DAY', 'WAITING', 109, 'DETECTIVE', 600, 2210905795, 9, 276);
INSERT INTO usr (username, role) VALUES ('277', 2);
INSERT INTO officer (jabber, mail, shift, officer_status, premium, rank, salary, person, police_station, usr) VALUES ('jabber', 'black.hornetnikita@gmail.com', 'NIGHT', 'WAITING', 82, 'LIEUTENANT', 800, 4894838767, 9, 277);
INSERT INTO usr (username, role) VALUES ('278', 2);
INSERT INTO officer (jabber, mail, shift, officer_status, premium, rank, salary, person, police_station, usr) VALUES ('jabber', 'black.hornetnikita@gmail.com', 'NIGHT', 'WAITING', 97, 'DETECTIVE', 600, 4740900839, 9, 278);
INSERT INTO usr (username, role) VALUES ('279', 2);
INSERT INTO officer (jabber, mail, shift, officer_status, premium, rank, salary, person, police_station, usr) VALUES ('jabber', 'black.hornetnikita@gmail.com', 'DAY', 'WAITING', 68, 'CORPORAL', 400, 2140935535, 9, 279);
INSERT INTO usr (username, role) VALUES ('280', 2);
INSERT INTO officer (jabber, mail, shift, officer_status, premium, rank, salary, person, police_station, usr) VALUES ('jabber', 'black.hornetnikita@gmail.com', 'DAY', 'WAITING', 114, 'OFFICER', 200, 9577300890, 9, 280);
INSERT INTO usr (username, role) VALUES ('281', 2);
INSERT INTO officer (jabber, mail, shift, officer_status, premium, rank, salary, person, police_station, usr) VALUES ('jabber', 'black.hornetnikita@gmail.com', 'NIGHT', 'WAITING', 76, 'OFFICER', 200, 8622381781, 9, 281);
INSERT INTO usr (username, role) VALUES ('282', 2);
INSERT INTO officer (jabber, mail, shift, officer_status, premium, rank, salary, person, police_station, usr) VALUES ('jabber', 'black.hornetnikita@gmail.com', 'DAY', 'WAITING', 73, 'CORPORAL', 400, 8504854010, 9, 282);
INSERT INTO usr (username, role) VALUES ('283', 2);
INSERT INTO officer (jabber, mail, shift, officer_status, premium, rank, salary, person, police_station, usr) VALUES ('jabber', 'black.hornetnikita@gmail.com', 'NIGHT', 'WAITING', 139, 'CAPTAIN', 900, 3382793107, 9, 283);
INSERT INTO usr (username, role) VALUES ('284', 3);
INSERT INTO officer (jabber, mail, shift, officer_status, premium, rank, salary, person, police_station, usr) VALUES ('jabber', 'black.hornetnikita@gmail.com', 'DAY', 'WAITING', 107, 'DISPATCHER', 500, 7520519837, 9, 284);
INSERT INTO usr (username, role) VALUES ('285', 2);
INSERT INTO officer (jabber, mail, shift, officer_status, premium, rank, salary, person, police_station, usr) VALUES ('jabber', 'black.hornetnikita@gmail.com', 'DAY', 'WAITING', 107, 'CORPORAL', 400, 620703981, 9, 285);
INSERT INTO usr (username, role) VALUES ('286', 2);
INSERT INTO officer (jabber, mail, shift, officer_status, premium, rank, salary, person, police_station, usr) VALUES ('jabber', 'black.hornetnikita@gmail.com', 'NIGHT', 'WAITING', 120, 'SERGEANT', 700, 2321227730, 9, 286);
INSERT INTO usr (username, role) VALUES ('287', 2);
INSERT INTO officer (jabber, mail, shift, officer_status, premium, rank, salary, person, police_station, usr) VALUES ('jabber', 'black.hornetnikita@gmail.com', 'DAY', 'WAITING', 104, 'SERGEANT', 700, 9575551378, 9, 287);
INSERT INTO usr (username, role) VALUES ('288', 3);
INSERT INTO officer (jabber, mail, shift, officer_status, premium, rank, salary, person, police_station, usr) VALUES ('jabber', 'black.hornetnikita@gmail.com', 'DAY', 'WAITING', 108, 'DISPATCHER', 500, 7626780050, 9, 288);
INSERT INTO usr (username, role) VALUES ('289', 2);
INSERT INTO officer (jabber, mail, shift, officer_status, premium, rank, salary, person, police_station, usr) VALUES ('jabber', 'black.hornetnikita@gmail.com', 'DAY', 'WAITING', 60, 'LIEUTENANT', 800, 1303530072, 9, 289);
INSERT INTO usr (username, role) VALUES ('290', 2);
INSERT INTO officer (jabber, mail, shift, officer_status, premium, rank, salary, person, police_station, usr) VALUES ('jabber', 'black.hornetnikita@gmail.com', 'DAY', 'WAITING', 52, 'SERGEANT', 700, 294761688, 9, 290);
INSERT INTO usr (username, role) VALUES ('291', 2);
INSERT INTO officer (jabber, mail, shift, officer_status, premium, rank, salary, person, police_station, usr) VALUES ('jabber', 'black.hornetnikita@gmail.com', 'DAY', 'WAITING', 142, 'CORPORAL', 400, 939628454, 9, 291);
INSERT INTO usr (username, role) VALUES ('292', 2);
INSERT INTO officer (jabber, mail, shift, officer_status, premium, rank, salary, person, police_station, usr) VALUES ('jabber', 'black.hornetnikita@gmail.com', 'DAY', 'WAITING', 150, 'DETECTIVE', 600, 5940230349, 9, 292);
INSERT INTO usr (username, role) VALUES ('293', 2);
INSERT INTO officer (jabber, mail, shift, officer_status, premium, rank, salary, person, police_station, usr) VALUES ('jabber', 'black.hornetnikita@gmail.com', 'DAY', 'WAITING', 131, 'DETECTIVE', 600, 6812206400, 9, 293);
INSERT INTO usr (username, role) VALUES ('294', 2);
INSERT INTO officer (jabber, mail, shift, officer_status, premium, rank, salary, person, police_station, usr) VALUES ('jabber', 'black.hornetnikita@gmail.com', 'DAY', 'WAITING', 120, 'CORPORAL', 400, 1818702714, 9, 294);
INSERT INTO usr (username, role) VALUES ('295', 2);
INSERT INTO officer (jabber, mail, shift, officer_status, premium, rank, salary, person, police_station, usr) VALUES ('jabber', 'black.hornetnikita@gmail.com', 'NIGHT', 'WAITING', 141, 'DETECTIVE', 600, 154397837, 9, 295);
INSERT INTO usr (username, role) VALUES ('296', 2);
INSERT INTO officer (jabber, mail, shift, officer_status, premium, rank, salary, person, police_station, usr) VALUES ('jabber', 'black.hornetnikita@gmail.com', 'NIGHT', 'WAITING', 100, 'SERGEANT', 700, 9291950343, 9, 296);
INSERT INTO usr (username, role) VALUES ('297', 3);
INSERT INTO officer (jabber, mail, shift, officer_status, premium, rank, salary, person, police_station, usr) VALUES ('jabber', 'black.hornetnikita@gmail.com', 'DAY', 'WAITING', 68, 'DISPATCHER', 500, 4564314302, 9, 297);
INSERT INTO usr (username, role) VALUES ('298', 2);
INSERT INTO officer (jabber, mail, shift, officer_status, premium, rank, salary, person, police_station, usr) VALUES ('jabber', 'black.hornetnikita@gmail.com', 'NIGHT', 'WAITING', 129, 'OFFICER', 200, 4377339430, 9, 298);
INSERT INTO usr (username, role) VALUES ('299', 2);
INSERT INTO officer (jabber, mail, shift, officer_status, premium, rank, salary, person, police_station, usr) VALUES ('jabber', 'black.hornetnikita@gmail.com', 'DAY', 'WAITING', 97, 'CORPORAL', 400, 8459514480, 9, 299);
INSERT INTO usr (username, role) VALUES ('300', 3);
INSERT INTO officer (jabber, mail, shift, officer_status, premium, rank, salary, person, police_station, usr) VALUES ('jabber', 'black.hornetnikita@gmail.com', 'DAY', 'WAITING', 72, 'DISPATCHER', 500, 9372154147, 9, 300);
INSERT INTO usr (username, role) VALUES ('301', 2);
INSERT INTO officer (jabber, mail, shift, officer_status, premium, rank, salary, person, police_station, usr) VALUES ('jabber', 'black.hornetnikita@gmail.com', 'NIGHT', 'WAITING', 134, 'OFFICER', 200, 623483632, 9, 301);
INSERT INTO usr (username, role) VALUES ('302', 2);
INSERT INTO officer (jabber, mail, shift, officer_status, premium, rank, salary, person, police_station, usr) VALUES ('jabber', 'black.hornetnikita@gmail.com', 'DAY', 'WAITING', 51, 'SERGEANT', 700, 6893744859, 9, 302);
INSERT INTO usr (username, role) VALUES ('303', 2);
INSERT INTO officer (jabber, mail, shift, officer_status, premium, rank, salary, person, police_station, usr) VALUES ('jabber', 'black.hornetnikita@gmail.com', 'DAY', 'WAITING', 130, 'CORPORAL', 400, 1852799491, 9, 303);
INSERT INTO usr (username, role) VALUES ('304', 2);
INSERT INTO officer (jabber, mail, shift, officer_status, premium, rank, salary, person, police_station, usr) VALUES ('jabber', 'black.hornetnikita@gmail.com', 'NIGHT', 'WAITING', 67, 'OFFICER', 200, 1797806791, 9, 304);
INSERT INTO usr (username, role) VALUES ('305', 2);
INSERT INTO officer (jabber, mail, shift, officer_status, premium, rank, salary, person, police_station, usr) VALUES ('jabber', 'black.hornetnikita@gmail.com', 'NIGHT', 'WAITING', 102, 'CORPORAL', 400, 772486891, 9, 305);
INSERT INTO usr (username, role) VALUES ('306', 2);
INSERT INTO officer (jabber, mail, shift, officer_status, premium, rank, salary, person, police_station, usr) VALUES ('jabber', 'black.hornetnikita@gmail.com', 'DAY', 'WAITING', 123, 'SERGEANT', 700, 7075916131, 9, 306);
INSERT INTO usr (username, role) VALUES ('307', 4);
INSERT INTO officer (jabber, mail, shift, officer_status, premium, rank, salary, person, police_station, usr) VALUES ('jabber', 'black.hornetnikita@gmail.com', 'DAY', 'WAITING', 116, 'ADMIN', 300, 9867243784, 10, 307);
INSERT INTO usr (username, role) VALUES ('308', 4);
INSERT INTO officer (jabber, mail, shift, officer_status, premium, rank, salary, person, police_station, usr) VALUES ('jabber', 'black.hornetnikita@gmail.com', 'DAY', 'WAITING', 84, 'ADMIN', 300, 2738671346, 10, 308);
INSERT INTO usr (username, role) VALUES ('309', 4);
INSERT INTO officer (jabber, mail, shift, officer_status, premium, rank, salary, person, police_station, usr) VALUES ('jabber', 'black.hornetnikita@gmail.com', 'NIGHT', 'WAITING', 74, 'ADMIN', 300, 3353322949, 10, 309);
INSERT INTO usr (username, role) VALUES ('310', 2);
INSERT INTO officer (jabber, mail, shift, officer_status, premium, rank, salary, person, police_station, usr) VALUES ('jabber', 'black.hornetnikita@gmail.com', 'NIGHT', 'WAITING', 129, 'LIEUTENANT', 800, 8847241843, 10, 310);
INSERT INTO usr (username, role) VALUES ('311', 2);
INSERT INTO officer (jabber, mail, shift, officer_status, premium, rank, salary, person, police_station, usr) VALUES ('jabber', 'black.hornetnikita@gmail.com', 'DAY', 'WAITING', 72, 'OFFICER', 200, 2351327399, 10, 311);
INSERT INTO usr (username, role) VALUES ('312', 2);
INSERT INTO officer (jabber, mail, shift, officer_status, premium, rank, salary, person, police_station, usr) VALUES ('jabber', 'black.hornetnikita@gmail.com', 'DAY', 'WAITING', 62, 'CAPTAIN', 900, 3872116207, 10, 312);
INSERT INTO usr (username, role) VALUES ('313', 3);
INSERT INTO officer (jabber, mail, shift, officer_status, premium, rank, salary, person, police_station, usr) VALUES ('jabber', 'black.hornetnikita@gmail.com', 'DAY', 'WAITING', 85, 'DISPATCHER', 500, 3054717371, 10, 313);
INSERT INTO usr (username, role) VALUES ('314', 2);
INSERT INTO officer (jabber, mail, shift, officer_status, premium, rank, salary, person, police_station, usr) VALUES ('jabber', 'black.hornetnikita@gmail.com', 'DAY', 'WAITING', 63, 'OFFICER', 200, 2547181500, 10, 314);
INSERT INTO usr (username, role) VALUES ('315', 2);
INSERT INTO officer (jabber, mail, shift, officer_status, premium, rank, salary, person, police_station, usr) VALUES ('jabber', 'black.hornetnikita@gmail.com', 'DAY', 'WAITING', 57, 'DETECTIVE', 600, 5117574726, 10, 315);
INSERT INTO usr (username, role) VALUES ('316', 2);
INSERT INTO officer (jabber, mail, shift, officer_status, premium, rank, salary, person, police_station, usr) VALUES ('jabber', 'black.hornetnikita@gmail.com', 'DAY', 'WAITING', 72, 'CORPORAL', 400, 1853950924, 10, 316);
INSERT INTO usr (username, role) VALUES ('317', 2);
INSERT INTO officer (jabber, mail, shift, officer_status, premium, rank, salary, person, police_station, usr) VALUES ('jabber', 'black.hornetnikita@gmail.com', 'NIGHT', 'WAITING', 71, 'OFFICER', 200, 4595781091, 10, 317);
INSERT INTO usr (username, role) VALUES ('318', 2);
INSERT INTO officer (jabber, mail, shift, officer_status, premium, rank, salary, person, police_station, usr) VALUES ('jabber', 'black.hornetnikita@gmail.com', 'NIGHT', 'WAITING', 135, 'DETECTIVE', 600, 5158700745, 10, 318);
INSERT INTO usr (username, role) VALUES ('319', 2);
INSERT INTO officer (jabber, mail, shift, officer_status, premium, rank, salary, person, police_station, usr) VALUES ('jabber', 'black.hornetnikita@gmail.com', 'NIGHT', 'WAITING', 54, 'SERGEANT', 700, 9430427407, 10, 319);
INSERT INTO usr (username, role) VALUES ('320', 2);
INSERT INTO officer (jabber, mail, shift, officer_status, premium, rank, salary, person, police_station, usr) VALUES ('jabber', 'black.hornetnikita@gmail.com', 'DAY', 'WAITING', 124, 'CORPORAL', 400, 1126419513, 10, 320);
INSERT INTO usr (username, role) VALUES ('321', 2);
INSERT INTO officer (jabber, mail, shift, officer_status, premium, rank, salary, person, police_station, usr) VALUES ('jabber', 'black.hornetnikita@gmail.com', 'DAY', 'WAITING', 116, 'SERGEANT', 700, 5561818368, 10, 321);
INSERT INTO usr (username, role) VALUES ('322', 2);
INSERT INTO officer (jabber, mail, shift, officer_status, premium, rank, salary, person, police_station, usr) VALUES ('jabber', 'black.hornetnikita@gmail.com', 'NIGHT', 'WAITING', 145, 'LIEUTENANT', 800, 560234189, 10, 322);
INSERT INTO usr (username, role) VALUES ('323', 2);
INSERT INTO officer (jabber, mail, shift, officer_status, premium, rank, salary, person, police_station, usr) VALUES ('jabber', 'black.hornetnikita@gmail.com', 'DAY', 'WAITING', 109, 'OFFICER', 200, 143089644, 10, 323);
INSERT INTO usr (username, role) VALUES ('324', 3);
INSERT INTO officer (jabber, mail, shift, officer_status, premium, rank, salary, person, police_station, usr) VALUES ('jabber', 'black.hornetnikita@gmail.com', 'DAY', 'WAITING', 86, 'DISPATCHER', 500, 4498623196, 10, 324);
INSERT INTO usr (username, role) VALUES ('325', 3);
INSERT INTO officer (jabber, mail, shift, officer_status, premium, rank, salary, person, police_station, usr) VALUES ('jabber', 'black.hornetnikita@gmail.com', 'DAY', 'WAITING', 68, 'DISPATCHER', 500, 6724112947, 10, 325);
INSERT INTO usr (username, role) VALUES ('326', 2);
INSERT INTO officer (jabber, mail, shift, officer_status, premium, rank, salary, person, police_station, usr) VALUES ('jabber', 'black.hornetnikita@gmail.com', 'NIGHT', 'WAITING', 106, 'SERGEANT', 700, 7881491073, 10, 326);
INSERT INTO usr (username, role) VALUES ('327', 2);
INSERT INTO officer (jabber, mail, shift, officer_status, premium, rank, salary, person, police_station, usr) VALUES ('jabber', 'black.hornetnikita@gmail.com', 'DAY', 'WAITING', 55, 'CORPORAL', 400, 4368907382, 10, 327);
INSERT INTO usr (username, role) VALUES ('328', 2);
INSERT INTO officer (jabber, mail, shift, officer_status, premium, rank, salary, person, police_station, usr) VALUES ('jabber', 'black.hornetnikita@gmail.com', 'DAY', 'WAITING', 95, 'CORPORAL', 400, 5111651243, 10, 328);
INSERT INTO usr (username, role) VALUES ('329', 2);
INSERT INTO officer (jabber, mail, shift, officer_status, premium, rank, salary, person, police_station, usr) VALUES ('jabber', 'black.hornetnikita@gmail.com', 'NIGHT', 'WAITING', 144, 'LIEUTENANT', 800, 1206816638, 10, 329);
INSERT INTO usr (username, role) VALUES ('330', 2);
INSERT INTO officer (jabber, mail, shift, officer_status, premium, rank, salary, person, police_station, usr) VALUES ('jabber', 'black.hornetnikita@gmail.com', 'DAY', 'WAITING', 144, 'LIEUTENANT', 800, 9526631680, 10, 330);
INSERT INTO usr (username, role) VALUES ('331', 2);
INSERT INTO officer (jabber, mail, shift, officer_status, premium, rank, salary, person, police_station, usr) VALUES ('jabber', 'black.hornetnikita@gmail.com', 'DAY', 'WAITING', 93, 'SERGEANT', 700, 3512680842, 10, 331);
INSERT INTO usr (username, role) VALUES ('332', 2);
INSERT INTO officer (jabber, mail, shift, officer_status, premium, rank, salary, person, police_station, usr) VALUES ('jabber', 'black.hornetnikita@gmail.com', 'DAY', 'WAITING', 100, 'SERGEANT', 700, 4409886492, 10, 332);
INSERT INTO usr (username, role) VALUES ('333', 2);
INSERT INTO officer (jabber, mail, shift, officer_status, premium, rank, salary, person, police_station, usr) VALUES ('jabber', 'black.hornetnikita@gmail.com', 'NIGHT', 'WAITING', 110, 'OFFICER', 200, 331629846, 10, 333);
INSERT INTO usr (username, role) VALUES ('334', 2);
INSERT INTO officer (jabber, mail, shift, officer_status, premium, rank, salary, person, police_station, usr) VALUES ('jabber', 'black.hornetnikita@gmail.com', 'DAY', 'WAITING', 103, 'CORPORAL', 400, 3334819718, 10, 334);
INSERT INTO usr (username, role) VALUES ('335', 2);
INSERT INTO officer (jabber, mail, shift, officer_status, premium, rank, salary, person, police_station, usr) VALUES ('jabber', 'black.hornetnikita@gmail.com', 'DAY', 'WAITING', 90, 'OFFICER', 200, 6602206695, 10, 335);
INSERT INTO usr (username, role) VALUES ('336', 2);
INSERT INTO officer (jabber, mail, shift, officer_status, premium, rank, salary, person, police_station, usr) VALUES ('jabber', 'black.hornetnikita@gmail.com', 'DAY', 'WAITING', 129, 'CORPORAL', 400, 3514330211, 10, 336);
INSERT INTO usr (username, role) VALUES ('337', 2);
INSERT INTO officer (jabber, mail, shift, officer_status, premium, rank, salary, person, police_station, usr) VALUES ('jabber', 'black.hornetnikita@gmail.com', 'DAY', 'WAITING', 99, 'LIEUTENANT', 800, 3341968960, 10, 337);
INSERT INTO usr (username, role) VALUES ('338', 3);
INSERT INTO officer (jabber, mail, shift, officer_status, premium, rank, salary, person, police_station, usr) VALUES ('jabber', 'black.hornetnikita@gmail.com', 'DAY', 'WAITING', 85, 'DISPATCHER', 500, 6512328475, 10, 338);
INSERT INTO usr (username, role) VALUES ('339', 2);
INSERT INTO officer (jabber, mail, shift, officer_status, premium, rank, salary, person, police_station, usr) VALUES ('jabber', 'black.hornetnikita@gmail.com', 'DAY', 'WAITING', 124, 'DETECTIVE', 600, 999167667, 10, 339);
INSERT INTO usr (username, role) VALUES ('340', 2);
INSERT INTO officer (jabber, mail, shift, officer_status, premium, rank, salary, person, police_station, usr) VALUES ('jabber', 'black.hornetnikita@gmail.com', 'DAY', 'WAITING', 124, 'DETECTIVE', 600, 30505540, 10, 340);
INSERT INTO usr (username, role) VALUES ('341', 4);
INSERT INTO officer (jabber, mail, shift, officer_status, premium, rank, salary, person, police_station, usr) VALUES ('jabber', 'black.hornetnikita@gmail.com', 'DAY', 'WAITING', 115, 'ADMIN', 300, 7615768482, 11, 341);
INSERT INTO usr (username, role) VALUES ('342', 4);
INSERT INTO officer (jabber, mail, shift, officer_status, premium, rank, salary, person, police_station, usr) VALUES ('jabber', 'black.hornetnikita@gmail.com', 'DAY', 'WAITING', 107, 'ADMIN', 300, 5169668910, 11, 342);
INSERT INTO usr (username, role) VALUES ('343', 4);
INSERT INTO officer (jabber, mail, shift, officer_status, premium, rank, salary, person, police_station, usr) VALUES ('jabber', 'black.hornetnikita@gmail.com', 'NIGHT', 'WAITING', 55, 'ADMIN', 300, 3000407130, 11, 343);
INSERT INTO usr (username, role) VALUES ('344', 2);
INSERT INTO officer (jabber, mail, shift, officer_status, premium, rank, salary, person, police_station, usr) VALUES ('jabber', 'black.hornetnikita@gmail.com', 'DAY', 'WAITING', 103, 'CORPORAL', 400, 5803734249, 11, 344);
INSERT INTO usr (username, role) VALUES ('345', 3);
INSERT INTO officer (jabber, mail, shift, officer_status, premium, rank, salary, person, police_station, usr) VALUES ('jabber', 'black.hornetnikita@gmail.com', 'NIGHT', 'WAITING', 70, 'DISPATCHER', 500, 3780497205, 11, 345);
INSERT INTO usr (username, role) VALUES ('346', 2);
INSERT INTO officer (jabber, mail, shift, officer_status, premium, rank, salary, person, police_station, usr) VALUES ('jabber', 'black.hornetnikita@gmail.com', 'NIGHT', 'WAITING', 144, 'CORPORAL', 400, 518618674, 11, 346);
INSERT INTO usr (username, role) VALUES ('347', 2);
INSERT INTO officer (jabber, mail, shift, officer_status, premium, rank, salary, person, police_station, usr) VALUES ('jabber', 'black.hornetnikita@gmail.com', 'DAY', 'WAITING', 145, 'CAPTAIN', 900, 4348963472, 11, 347);
INSERT INTO usr (username, role) VALUES ('348', 2);
INSERT INTO officer (jabber, mail, shift, officer_status, premium, rank, salary, person, police_station, usr) VALUES ('jabber', 'black.hornetnikita@gmail.com', 'DAY', 'WAITING', 107, 'CORPORAL', 400, 7115767691, 11, 348);
INSERT INTO usr (username, role) VALUES ('349', 2);
INSERT INTO officer (jabber, mail, shift, officer_status, premium, rank, salary, person, police_station, usr) VALUES ('jabber', 'black.hornetnikita@gmail.com', 'DAY', 'WAITING', 80, 'CORPORAL', 400, 6434545101, 11, 349);
INSERT INTO usr (username, role) VALUES ('350', 2);
INSERT INTO officer (jabber, mail, shift, officer_status, premium, rank, salary, person, police_station, usr) VALUES ('jabber', 'black.hornetnikita@gmail.com', 'DAY', 'WAITING', 112, 'CAPTAIN', 900, 5254125283, 11, 350);
INSERT INTO usr (username, role) VALUES ('351', 2);
INSERT INTO officer (jabber, mail, shift, officer_status, premium, rank, salary, person, police_station, usr) VALUES ('jabber', 'black.hornetnikita@gmail.com', 'DAY', 'WAITING', 58, 'CAPTAIN', 900, 7026181783, 11, 351);
INSERT INTO usr (username, role) VALUES ('352', 2);
INSERT INTO officer (jabber, mail, shift, officer_status, premium, rank, salary, person, police_station, usr) VALUES ('jabber', 'black.hornetnikita@gmail.com', 'DAY', 'WAITING', 119, 'LIEUTENANT', 800, 7393585238, 11, 352);
INSERT INTO usr (username, role) VALUES ('353', 2);
INSERT INTO officer (jabber, mail, shift, officer_status, premium, rank, salary, person, police_station, usr) VALUES ('jabber', 'black.hornetnikita@gmail.com', 'DAY', 'WAITING', 140, 'CORPORAL', 400, 4795702887, 11, 353);
INSERT INTO usr (username, role) VALUES ('354', 2);
INSERT INTO officer (jabber, mail, shift, officer_status, premium, rank, salary, person, police_station, usr) VALUES ('jabber', 'black.hornetnikita@gmail.com', 'DAY', 'WAITING', 90, 'OFFICER', 200, 7632514829, 11, 354);
INSERT INTO usr (username, role) VALUES ('355', 2);
INSERT INTO officer (jabber, mail, shift, officer_status, premium, rank, salary, person, police_station, usr) VALUES ('jabber', 'black.hornetnikita@gmail.com', 'DAY', 'WAITING', 57, 'DETECTIVE', 600, 2445658134, 11, 355);
INSERT INTO usr (username, role) VALUES ('356', 2);
INSERT INTO officer (jabber, mail, shift, officer_status, premium, rank, salary, person, police_station, usr) VALUES ('jabber', 'black.hornetnikita@gmail.com', 'NIGHT', 'WAITING', 143, 'DETECTIVE', 600, 8619323608, 11, 356);
INSERT INTO usr (username, role) VALUES ('357', 2);
INSERT INTO officer (jabber, mail, shift, officer_status, premium, rank, salary, person, police_station, usr) VALUES ('jabber', 'black.hornetnikita@gmail.com', 'DAY', 'WAITING', 77, 'OFFICER', 200, 4936221508, 11, 357);
INSERT INTO usr (username, role) VALUES ('358', 2);
INSERT INTO officer (jabber, mail, shift, officer_status, premium, rank, salary, person, police_station, usr) VALUES ('jabber', 'black.hornetnikita@gmail.com', 'DAY', 'WAITING', 108, 'CAPTAIN', 900, 3490147846, 11, 358);
INSERT INTO usr (username, role) VALUES ('359', 2);
INSERT INTO officer (jabber, mail, shift, officer_status, premium, rank, salary, person, police_station, usr) VALUES ('jabber', 'black.hornetnikita@gmail.com', 'NIGHT', 'WAITING', 116, 'CAPTAIN', 900, 3615878404, 11, 359);
INSERT INTO usr (username, role) VALUES ('360', 2);
INSERT INTO officer (jabber, mail, shift, officer_status, premium, rank, salary, person, police_station, usr) VALUES ('jabber', 'black.hornetnikita@gmail.com', 'NIGHT', 'WAITING', 60, 'OFFICER', 200, 6562249726, 11, 360);
INSERT INTO usr (username, role) VALUES ('361', 2);
INSERT INTO officer (jabber, mail, shift, officer_status, premium, rank, salary, person, police_station, usr) VALUES ('jabber', 'black.hornetnikita@gmail.com', 'DAY', 'WAITING', 56, 'DETECTIVE', 600, 4935251734, 11, 361);
INSERT INTO usr (username, role) VALUES ('362', 2);
INSERT INTO officer (jabber, mail, shift, officer_status, premium, rank, salary, person, police_station, usr) VALUES ('jabber', 'black.hornetnikita@gmail.com', 'DAY', 'WAITING', 82, 'LIEUTENANT', 800, 3315763590, 11, 362);
INSERT INTO usr (username, role) VALUES ('363', 3);
INSERT INTO officer (jabber, mail, shift, officer_status, premium, rank, salary, person, police_station, usr) VALUES ('jabber', 'black.hornetnikita@gmail.com', 'NIGHT', 'WAITING', 143, 'DISPATCHER', 500, 6974303157, 11, 363);
INSERT INTO usr (username, role) VALUES ('364', 2);
INSERT INTO officer (jabber, mail, shift, officer_status, premium, rank, salary, person, police_station, usr) VALUES ('jabber', 'black.hornetnikita@gmail.com', 'DAY', 'WAITING', 90, 'SERGEANT', 700, 3282259265, 11, 364);
INSERT INTO usr (username, role) VALUES ('365', 2);
INSERT INTO officer (jabber, mail, shift, officer_status, premium, rank, salary, person, police_station, usr) VALUES ('jabber', 'black.hornetnikita@gmail.com', 'NIGHT', 'WAITING', 102, 'LIEUTENANT', 800, 9606147326, 11, 365);
INSERT INTO usr (username, role) VALUES ('366', 2);
INSERT INTO officer (jabber, mail, shift, officer_status, premium, rank, salary, person, police_station, usr) VALUES ('jabber', 'black.hornetnikita@gmail.com', 'DAY', 'WAITING', 118, 'SERGEANT', 700, 3528370121, 11, 366);
INSERT INTO usr (username, role) VALUES ('367', 2);
INSERT INTO officer (jabber, mail, shift, officer_status, premium, rank, salary, person, police_station, usr) VALUES ('jabber', 'black.hornetnikita@gmail.com', 'DAY', 'WAITING', 100, 'DETECTIVE', 600, 3301640810, 11, 367);
INSERT INTO usr (username, role) VALUES ('368', 3);
INSERT INTO officer (jabber, mail, shift, officer_status, premium, rank, salary, person, police_station, usr) VALUES ('jabber', 'black.hornetnikita@gmail.com', 'DAY', 'WAITING', 148, 'DISPATCHER', 500, 2806819490, 11, 368);
INSERT INTO usr (username, role) VALUES ('369', 2);
INSERT INTO officer (jabber, mail, shift, officer_status, premium, rank, salary, person, police_station, usr) VALUES ('jabber', 'black.hornetnikita@gmail.com', 'DAY', 'WAITING', 123, 'SERGEANT', 700, 3582847395, 11, 369);
INSERT INTO usr (username, role) VALUES ('370', 2);
INSERT INTO officer (jabber, mail, shift, officer_status, premium, rank, salary, person, police_station, usr) VALUES ('jabber', 'black.hornetnikita@gmail.com', 'DAY', 'WAITING', 136, 'CORPORAL', 400, 9636835528, 11, 370);
INSERT INTO usr (username, role) VALUES ('371', 2);
INSERT INTO officer (jabber, mail, shift, officer_status, premium, rank, salary, person, police_station, usr) VALUES ('jabber', 'black.hornetnikita@gmail.com', 'NIGHT', 'WAITING', 58, 'CAPTAIN', 900, 7537330561, 11, 371);
INSERT INTO usr (username, role) VALUES ('372', 2);
INSERT INTO officer (jabber, mail, shift, officer_status, premium, rank, salary, person, police_station, usr) VALUES ('jabber', 'black.hornetnikita@gmail.com', 'NIGHT', 'WAITING', 54, 'LIEUTENANT', 800, 1197788448, 11, 372);
INSERT INTO usr (username, role) VALUES ('373', 2);
INSERT INTO officer (jabber, mail, shift, officer_status, premium, rank, salary, person, police_station, usr) VALUES ('jabber', 'black.hornetnikita@gmail.com', 'DAY', 'WAITING', 103, 'LIEUTENANT', 800, 9476157357, 11, 373);
INSERT INTO usr (username, role) VALUES ('374', 2);
INSERT INTO officer (jabber, mail, shift, officer_status, premium, rank, salary, person, police_station, usr) VALUES ('jabber', 'black.hornetnikita@gmail.com', 'DAY', 'WAITING', 74, 'CAPTAIN', 900, 2688856989, 11, 374);
INSERT INTO usr (username, role) VALUES ('375', 4);
INSERT INTO officer (jabber, mail, shift, officer_status, premium, rank, salary, person, police_station, usr) VALUES ('jabber', 'black.hornetnikita@gmail.com', 'DAY', 'WAITING', 95, 'ADMIN', 300, 8870809337, 12, 375);
INSERT INTO usr (username, role) VALUES ('376', 4);
INSERT INTO officer (jabber, mail, shift, officer_status, premium, rank, salary, person, police_station, usr) VALUES ('jabber', 'black.hornetnikita@gmail.com', 'DAY', 'WAITING', 134, 'ADMIN', 300, 4875906011, 12, 376);
INSERT INTO usr (username, role) VALUES ('377', 4);
INSERT INTO officer (jabber, mail, shift, officer_status, premium, rank, salary, person, police_station, usr) VALUES ('jabber', 'black.hornetnikita@gmail.com', 'NIGHT', 'WAITING', 132, 'ADMIN', 300, 1353979408, 12, 377);
INSERT INTO usr (username, role) VALUES ('378', 3);
INSERT INTO officer (jabber, mail, shift, officer_status, premium, rank, salary, person, police_station, usr) VALUES ('jabber', 'black.hornetnikita@gmail.com', 'DAY', 'WAITING', 102, 'DISPATCHER', 500, 2095722275, 12, 378);
INSERT INTO usr (username, role) VALUES ('379', 2);
INSERT INTO officer (jabber, mail, shift, officer_status, premium, rank, salary, person, police_station, usr) VALUES ('jabber', 'black.hornetnikita@gmail.com', 'NIGHT', 'WAITING', 108, 'LIEUTENANT', 800, 9314562662, 12, 379);
INSERT INTO usr (username, role) VALUES ('380', 2);
INSERT INTO officer (jabber, mail, shift, officer_status, premium, rank, salary, person, police_station, usr) VALUES ('jabber', 'black.hornetnikita@gmail.com', 'DAY', 'WAITING', 110, 'LIEUTENANT', 800, 8286944639, 12, 380);
INSERT INTO usr (username, role) VALUES ('381', 2);
INSERT INTO officer (jabber, mail, shift, officer_status, premium, rank, salary, person, police_station, usr) VALUES ('jabber', 'black.hornetnikita@gmail.com', 'DAY', 'WAITING', 131, 'DETECTIVE', 600, 6955539829, 12, 381);
INSERT INTO usr (username, role) VALUES ('382', 2);
INSERT INTO officer (jabber, mail, shift, officer_status, premium, rank, salary, person, police_station, usr) VALUES ('jabber', 'black.hornetnikita@gmail.com', 'DAY', 'WAITING', 109, 'LIEUTENANT', 800, 7850131956, 12, 382);
INSERT INTO usr (username, role) VALUES ('383', 3);
INSERT INTO officer (jabber, mail, shift, officer_status, premium, rank, salary, person, police_station, usr) VALUES ('jabber', 'black.hornetnikita@gmail.com', 'DAY', 'WAITING', 112, 'DISPATCHER', 500, 5460356868, 12, 383);
INSERT INTO usr (username, role) VALUES ('384', 2);
INSERT INTO officer (jabber, mail, shift, officer_status, premium, rank, salary, person, police_station, usr) VALUES ('jabber', 'black.hornetnikita@gmail.com', 'DAY', 'WAITING', 132, 'SERGEANT', 700, 1752236498, 12, 384);
INSERT INTO usr (username, role) VALUES ('385', 2);
INSERT INTO officer (jabber, mail, shift, officer_status, premium, rank, salary, person, police_station, usr) VALUES ('jabber', 'black.hornetnikita@gmail.com', 'DAY', 'WAITING', 99, 'CAPTAIN', 900, 29679743, 12, 385);
INSERT INTO usr (username, role) VALUES ('386', 2);
INSERT INTO officer (jabber, mail, shift, officer_status, premium, rank, salary, person, police_station, usr) VALUES ('jabber', 'black.hornetnikita@gmail.com', 'DAY', 'WAITING', 103, 'SERGEANT', 700, 8319914891, 12, 386);
INSERT INTO usr (username, role) VALUES ('387', 2);
INSERT INTO officer (jabber, mail, shift, officer_status, premium, rank, salary, person, police_station, usr) VALUES ('jabber', 'black.hornetnikita@gmail.com', 'DAY', 'WAITING', 109, 'DETECTIVE', 600, 6979606830, 12, 387);
INSERT INTO usr (username, role) VALUES ('388', 2);
INSERT INTO officer (jabber, mail, shift, officer_status, premium, rank, salary, person, police_station, usr) VALUES ('jabber', 'black.hornetnikita@gmail.com', 'DAY', 'WAITING', 138, 'CAPTAIN', 900, 204291385, 12, 388);
INSERT INTO usr (username, role) VALUES ('389', 2);
INSERT INTO officer (jabber, mail, shift, officer_status, premium, rank, salary, person, police_station, usr) VALUES ('jabber', 'black.hornetnikita@gmail.com', 'DAY', 'WAITING', 145, 'CAPTAIN', 900, 1212898808, 12, 389);
INSERT INTO usr (username, role) VALUES ('390', 2);
INSERT INTO officer (jabber, mail, shift, officer_status, premium, rank, salary, person, police_station, usr) VALUES ('jabber', 'black.hornetnikita@gmail.com', 'NIGHT', 'WAITING', 74, 'SERGEANT', 700, 1359681365, 12, 390);
INSERT INTO usr (username, role) VALUES ('391', 2);
INSERT INTO officer (jabber, mail, shift, officer_status, premium, rank, salary, person, police_station, usr) VALUES ('jabber', 'black.hornetnikita@gmail.com', 'NIGHT', 'WAITING', 77, 'CORPORAL', 400, 14743576, 12, 391);
INSERT INTO usr (username, role) VALUES ('392', 2);
INSERT INTO officer (jabber, mail, shift, officer_status, premium, rank, salary, person, police_station, usr) VALUES ('jabber', 'black.hornetnikita@gmail.com', 'NIGHT', 'WAITING', 96, 'SERGEANT', 700, 6852431813, 12, 392);
INSERT INTO usr (username, role) VALUES ('393', 2);
INSERT INTO officer (jabber, mail, shift, officer_status, premium, rank, salary, person, police_station, usr) VALUES ('jabber', 'black.hornetnikita@gmail.com', 'DAY', 'WAITING', 69, 'CAPTAIN', 900, 6459815271, 12, 393);
INSERT INTO usr (username, role) VALUES ('394', 3);
INSERT INTO officer (jabber, mail, shift, officer_status, premium, rank, salary, person, police_station, usr) VALUES ('jabber', 'black.hornetnikita@gmail.com', 'DAY', 'WAITING', 78, 'DISPATCHER', 500, 9422633070, 12, 394);
INSERT INTO usr (username, role) VALUES ('395', 3);
INSERT INTO officer (jabber, mail, shift, officer_status, premium, rank, salary, person, police_station, usr) VALUES ('jabber', 'black.hornetnikita@gmail.com', 'NIGHT', 'WAITING', 94, 'DISPATCHER', 500, 8405946523, 12, 395);
INSERT INTO usr (username, role) VALUES ('396', 3);
INSERT INTO officer (jabber, mail, shift, officer_status, premium, rank, salary, person, police_station, usr) VALUES ('jabber', 'black.hornetnikita@gmail.com', 'DAY', 'WAITING', 75, 'DISPATCHER', 500, 7525472945, 12, 396);
INSERT INTO usr (username, role) VALUES ('397', 2);
INSERT INTO officer (jabber, mail, shift, officer_status, premium, rank, salary, person, police_station, usr) VALUES ('jabber', 'black.hornetnikita@gmail.com', 'DAY', 'WAITING', 69, 'CORPORAL', 400, 47436574, 12, 397);
INSERT INTO usr (username, role) VALUES ('398', 2);
INSERT INTO officer (jabber, mail, shift, officer_status, premium, rank, salary, person, police_station, usr) VALUES ('jabber', 'black.hornetnikita@gmail.com', 'DAY', 'WAITING', 125, 'OFFICER', 200, 2640242717, 12, 398);
INSERT INTO usr (username, role) VALUES ('399', 2);
INSERT INTO officer (jabber, mail, shift, officer_status, premium, rank, salary, person, police_station, usr) VALUES ('jabber', 'black.hornetnikita@gmail.com', 'DAY', 'WAITING', 88, 'LIEUTENANT', 800, 9896120066, 12, 399);
INSERT INTO usr (username, role) VALUES ('400', 3);
INSERT INTO officer (jabber, mail, shift, officer_status, premium, rank, salary, person, police_station, usr) VALUES ('jabber', 'black.hornetnikita@gmail.com', 'DAY', 'WAITING', 136, 'DISPATCHER', 500, 3727800222, 12, 400);
INSERT INTO usr (username, role) VALUES ('401', 2);
INSERT INTO officer (jabber, mail, shift, officer_status, premium, rank, salary, person, police_station, usr) VALUES ('jabber', 'black.hornetnikita@gmail.com', 'DAY', 'WAITING', 52, 'LIEUTENANT', 800, 2098791681, 12, 401);
INSERT INTO usr (username, role) VALUES ('402', 2);
INSERT INTO officer (jabber, mail, shift, officer_status, premium, rank, salary, person, police_station, usr) VALUES ('jabber', 'black.hornetnikita@gmail.com', 'NIGHT', 'WAITING', 85, 'CORPORAL', 400, 153498772, 12, 402);
INSERT INTO usr (username, role) VALUES ('403', 2);
INSERT INTO officer (jabber, mail, shift, officer_status, premium, rank, salary, person, police_station, usr) VALUES ('jabber', 'black.hornetnikita@gmail.com', 'DAY', 'WAITING', 111, 'DETECTIVE', 600, 4894701848, 12, 403);
INSERT INTO usr (username, role) VALUES ('404', 2);
INSERT INTO officer (jabber, mail, shift, officer_status, premium, rank, salary, person, police_station, usr) VALUES ('jabber', 'black.hornetnikita@gmail.com', 'NIGHT', 'WAITING', 149, 'SERGEANT', 700, 5859338636, 12, 404);
INSERT INTO usr (username, role) VALUES ('405', 2);
INSERT INTO officer (jabber, mail, shift, officer_status, premium, rank, salary, person, police_station, usr) VALUES ('jabber', 'black.hornetnikita@gmail.com', 'DAY', 'WAITING', 80, 'LIEUTENANT', 800, 2783293816, 12, 405);
INSERT INTO usr (username, role) VALUES ('406', 3);
INSERT INTO officer (jabber, mail, shift, officer_status, premium, rank, salary, person, police_station, usr) VALUES ('jabber', 'black.hornetnikita@gmail.com', 'DAY', 'WAITING', 137, 'DISPATCHER', 500, 2883280582, 12, 406);
INSERT INTO usr (username, role) VALUES ('407', 2);
INSERT INTO officer (jabber, mail, shift, officer_status, premium, rank, salary, person, police_station, usr) VALUES ('jabber', 'black.hornetnikita@gmail.com', 'NIGHT', 'WAITING', 78, 'DETECTIVE', 600, 2173956849, 12, 407);
INSERT INTO usr (username, role) VALUES ('408', 2);
INSERT INTO officer (jabber, mail, shift, officer_status, premium, rank, salary, person, police_station, usr) VALUES ('jabber', 'black.hornetnikita@gmail.com', 'DAY', 'WAITING', 101, 'LIEUTENANT', 800, 2861327701, 12, 408);
INSERT INTO usr (username, role) VALUES ('409', 4);
INSERT INTO officer (jabber, mail, shift, officer_status, premium, rank, salary, person, police_station, usr) VALUES ('jabber', 'black.hornetnikita@gmail.com', 'DAY', 'WAITING', 67, 'ADMIN', 300, 4934184987, 13, 409);
INSERT INTO usr (username, role) VALUES ('410', 4);
INSERT INTO officer (jabber, mail, shift, officer_status, premium, rank, salary, person, police_station, usr) VALUES ('jabber', 'black.hornetnikita@gmail.com', 'DAY', 'WAITING', 115, 'ADMIN', 300, 9357443611, 13, 410);
INSERT INTO usr (username, role) VALUES ('411', 4);
INSERT INTO officer (jabber, mail, shift, officer_status, premium, rank, salary, person, police_station, usr) VALUES ('jabber', 'black.hornetnikita@gmail.com', 'NIGHT', 'WAITING', 135, 'ADMIN', 300, 487801604, 13, 411);
INSERT INTO usr (username, role) VALUES ('412', 3);
INSERT INTO officer (jabber, mail, shift, officer_status, premium, rank, salary, person, police_station, usr) VALUES ('jabber', 'black.hornetnikita@gmail.com', 'DAY', 'WAITING', 106, 'DISPATCHER', 500, 4864788119, 13, 412);
INSERT INTO usr (username, role) VALUES ('413', 2);
INSERT INTO officer (jabber, mail, shift, officer_status, premium, rank, salary, person, police_station, usr) VALUES ('jabber', 'black.hornetnikita@gmail.com', 'DAY', 'WAITING', 123, 'CAPTAIN', 900, 816469556, 13, 413);
INSERT INTO usr (username, role) VALUES ('414', 2);
INSERT INTO officer (jabber, mail, shift, officer_status, premium, rank, salary, person, police_station, usr) VALUES ('jabber', 'black.hornetnikita@gmail.com', 'NIGHT', 'WAITING', 51, 'CAPTAIN', 900, 1123792496, 13, 414);
INSERT INTO usr (username, role) VALUES ('415', 2);
INSERT INTO officer (jabber, mail, shift, officer_status, premium, rank, salary, person, police_station, usr) VALUES ('jabber', 'black.hornetnikita@gmail.com', 'DAY', 'WAITING', 134, 'LIEUTENANT', 800, 1999908473, 13, 415);
INSERT INTO usr (username, role) VALUES ('416', 3);
INSERT INTO officer (jabber, mail, shift, officer_status, premium, rank, salary, person, police_station, usr) VALUES ('jabber', 'black.hornetnikita@gmail.com', 'DAY', 'WAITING', 64, 'DISPATCHER', 500, 3211997629, 13, 416);
INSERT INTO usr (username, role) VALUES ('417', 3);
INSERT INTO officer (jabber, mail, shift, officer_status, premium, rank, salary, person, police_station, usr) VALUES ('jabber', 'black.hornetnikita@gmail.com', 'DAY', 'WAITING', 105, 'DISPATCHER', 500, 2294296678, 13, 417);
INSERT INTO usr (username, role) VALUES ('418', 2);
INSERT INTO officer (jabber, mail, shift, officer_status, premium, rank, salary, person, police_station, usr) VALUES ('jabber', 'black.hornetnikita@gmail.com', 'DAY', 'WAITING', 58, 'CAPTAIN', 900, 2713239404, 13, 418);
INSERT INTO usr (username, role) VALUES ('419', 2);
INSERT INTO officer (jabber, mail, shift, officer_status, premium, rank, salary, person, police_station, usr) VALUES ('jabber', 'black.hornetnikita@gmail.com', 'DAY', 'WAITING', 141, 'DETECTIVE', 600, 6250606503, 13, 419);
INSERT INTO usr (username, role) VALUES ('420', 2);
INSERT INTO officer (jabber, mail, shift, officer_status, premium, rank, salary, person, police_station, usr) VALUES ('jabber', 'black.hornetnikita@gmail.com', 'DAY', 'WAITING', 146, 'LIEUTENANT', 800, 91316887, 13, 420);
INSERT INTO usr (username, role) VALUES ('421', 2);
INSERT INTO officer (jabber, mail, shift, officer_status, premium, rank, salary, person, police_station, usr) VALUES ('jabber', 'black.hornetnikita@gmail.com', 'DAY', 'WAITING', 87, 'LIEUTENANT', 800, 9532159503, 13, 421);
INSERT INTO usr (username, role) VALUES ('422', 2);
INSERT INTO officer (jabber, mail, shift, officer_status, premium, rank, salary, person, police_station, usr) VALUES ('jabber', 'black.hornetnikita@gmail.com', 'DAY', 'WAITING', 89, 'CAPTAIN', 900, 3432704589, 13, 422);
INSERT INTO usr (username, role) VALUES ('423', 3);
INSERT INTO officer (jabber, mail, shift, officer_status, premium, rank, salary, person, police_station, usr) VALUES ('jabber', 'black.hornetnikita@gmail.com', 'DAY', 'WAITING', 95, 'DISPATCHER', 500, 501664277, 13, 423);
INSERT INTO usr (username, role) VALUES ('424', 2);
INSERT INTO officer (jabber, mail, shift, officer_status, premium, rank, salary, person, police_station, usr) VALUES ('jabber', 'black.hornetnikita@gmail.com', 'DAY', 'WAITING', 140, 'CAPTAIN', 900, 6041449555, 13, 424);
INSERT INTO usr (username, role) VALUES ('425', 2);
INSERT INTO officer (jabber, mail, shift, officer_status, premium, rank, salary, person, police_station, usr) VALUES ('jabber', 'black.hornetnikita@gmail.com', 'DAY', 'WAITING', 121, 'OFFICER', 200, 5698154508, 13, 425);
INSERT INTO usr (username, role) VALUES ('426', 2);
INSERT INTO officer (jabber, mail, shift, officer_status, premium, rank, salary, person, police_station, usr) VALUES ('jabber', 'black.hornetnikita@gmail.com', 'DAY', 'WAITING', 149, 'DETECTIVE', 600, 8037404332, 13, 426);
INSERT INTO usr (username, role) VALUES ('427', 2);
INSERT INTO officer (jabber, mail, shift, officer_status, premium, rank, salary, person, police_station, usr) VALUES ('jabber', 'black.hornetnikita@gmail.com', 'DAY', 'WAITING', 88, 'CAPTAIN', 900, 6441665999, 13, 427);
INSERT INTO usr (username, role) VALUES ('428', 2);
INSERT INTO officer (jabber, mail, shift, officer_status, premium, rank, salary, person, police_station, usr) VALUES ('jabber', 'black.hornetnikita@gmail.com', 'DAY', 'WAITING', 71, 'OFFICER', 200, 7100574003, 13, 428);
INSERT INTO usr (username, role) VALUES ('429', 2);
INSERT INTO officer (jabber, mail, shift, officer_status, premium, rank, salary, person, police_station, usr) VALUES ('jabber', 'black.hornetnikita@gmail.com', 'DAY', 'WAITING', 120, 'SERGEANT', 700, 2903778387, 13, 429);
INSERT INTO usr (username, role) VALUES ('430', 3);
INSERT INTO officer (jabber, mail, shift, officer_status, premium, rank, salary, person, police_station, usr) VALUES ('jabber', 'black.hornetnikita@gmail.com', 'DAY', 'WAITING', 84, 'DISPATCHER', 500, 8164675935, 13, 430);
INSERT INTO usr (username, role) VALUES ('431', 2);
INSERT INTO officer (jabber, mail, shift, officer_status, premium, rank, salary, person, police_station, usr) VALUES ('jabber', 'black.hornetnikita@gmail.com', 'DAY', 'WAITING', 125, 'OFFICER', 200, 8557987231, 13, 431);
INSERT INTO usr (username, role) VALUES ('432', 2);
INSERT INTO officer (jabber, mail, shift, officer_status, premium, rank, salary, person, police_station, usr) VALUES ('jabber', 'black.hornetnikita@gmail.com', 'DAY', 'WAITING', 128, 'CORPORAL', 400, 6178994554, 13, 432);
INSERT INTO usr (username, role) VALUES ('433', 2);
INSERT INTO officer (jabber, mail, shift, officer_status, premium, rank, salary, person, police_station, usr) VALUES ('jabber', 'black.hornetnikita@gmail.com', 'NIGHT', 'WAITING', 70, 'CORPORAL', 400, 4599498071, 13, 433);
INSERT INTO usr (username, role) VALUES ('434', 2);
INSERT INTO officer (jabber, mail, shift, officer_status, premium, rank, salary, person, police_station, usr) VALUES ('jabber', 'black.hornetnikita@gmail.com', 'NIGHT', 'WAITING', 102, 'CAPTAIN', 900, 9608213665, 13, 434);
INSERT INTO usr (username, role) VALUES ('435', 2);
INSERT INTO officer (jabber, mail, shift, officer_status, premium, rank, salary, person, police_station, usr) VALUES ('jabber', 'black.hornetnikita@gmail.com', 'DAY', 'WAITING', 96, 'DETECTIVE', 600, 1108498870, 13, 435);
INSERT INTO usr (username, role) VALUES ('436', 3);
INSERT INTO officer (jabber, mail, shift, officer_status, premium, rank, salary, person, police_station, usr) VALUES ('jabber', 'black.hornetnikita@gmail.com', 'DAY', 'WAITING', 96, 'DISPATCHER', 500, 3201483032, 13, 436);
INSERT INTO usr (username, role) VALUES ('437', 2);
INSERT INTO officer (jabber, mail, shift, officer_status, premium, rank, salary, person, police_station, usr) VALUES ('jabber', 'black.hornetnikita@gmail.com', 'DAY', 'WAITING', 59, 'LIEUTENANT', 800, 6816956863, 13, 437);
INSERT INTO usr (username, role) VALUES ('438', 2);
INSERT INTO officer (jabber, mail, shift, officer_status, premium, rank, salary, person, police_station, usr) VALUES ('jabber', 'black.hornetnikita@gmail.com', 'DAY', 'WAITING', 133, 'CORPORAL', 400, 4208585791, 13, 438);
INSERT INTO usr (username, role) VALUES ('439', 2);
INSERT INTO officer (jabber, mail, shift, officer_status, premium, rank, salary, person, police_station, usr) VALUES ('jabber', 'black.hornetnikita@gmail.com', 'DAY', 'WAITING', 86, 'DETECTIVE', 600, 3005694904, 13, 439);
INSERT INTO usr (username, role) VALUES ('440', 2);
INSERT INTO officer (jabber, mail, shift, officer_status, premium, rank, salary, person, police_station, usr) VALUES ('jabber', 'black.hornetnikita@gmail.com', 'DAY', 'WAITING', 55, 'CORPORAL', 400, 30337171, 13, 440);
INSERT INTO usr (username, role) VALUES ('441', 2);
INSERT INTO officer (jabber, mail, shift, officer_status, premium, rank, salary, person, police_station, usr) VALUES ('jabber', 'black.hornetnikita@gmail.com', 'DAY', 'WAITING', 91, 'CAPTAIN', 900, 1173927663, 13, 441);
INSERT INTO usr (username, role) VALUES ('442', 2);
INSERT INTO officer (jabber, mail, shift, officer_status, premium, rank, salary, person, police_station, usr) VALUES ('jabber', 'black.hornetnikita@gmail.com', 'DAY', 'WAITING', 78, 'LIEUTENANT', 800, 1837537031, 13, 442);
INSERT INTO usr (username, role) VALUES ('443', 4);
INSERT INTO officer (jabber, mail, shift, officer_status, premium, rank, salary, person, police_station, usr) VALUES ('jabber', 'black.hornetnikita@gmail.com', 'DAY', 'WAITING', 97, 'ADMIN', 300, 9505415692, 14, 443);
INSERT INTO usr (username, role) VALUES ('444', 4);
INSERT INTO officer (jabber, mail, shift, officer_status, premium, rank, salary, person, police_station, usr) VALUES ('jabber', 'black.hornetnikita@gmail.com', 'DAY', 'WAITING', 91, 'ADMIN', 300, 5250724628, 14, 444);
INSERT INTO usr (username, role) VALUES ('445', 4);
INSERT INTO officer (jabber, mail, shift, officer_status, premium, rank, salary, person, police_station, usr) VALUES ('jabber', 'black.hornetnikita@gmail.com', 'NIGHT', 'WAITING', 145, 'ADMIN', 300, 9885212181, 14, 445);
INSERT INTO usr (username, role) VALUES ('446', 2);
INSERT INTO officer (jabber, mail, shift, officer_status, premium, rank, salary, person, police_station, usr) VALUES ('jabber', 'black.hornetnikita@gmail.com', 'DAY', 'WAITING', 114, 'CORPORAL', 400, 622830330, 14, 446);
INSERT INTO usr (username, role) VALUES ('447', 2);
INSERT INTO officer (jabber, mail, shift, officer_status, premium, rank, salary, person, police_station, usr) VALUES ('jabber', 'black.hornetnikita@gmail.com', 'DAY', 'WAITING', 99, 'LIEUTENANT', 800, 3239856947, 14, 447);
INSERT INTO usr (username, role) VALUES ('448', 2);
INSERT INTO officer (jabber, mail, shift, officer_status, premium, rank, salary, person, police_station, usr) VALUES ('jabber', 'black.hornetnikita@gmail.com', 'DAY', 'WAITING', 56, 'SERGEANT', 700, 1993482163, 14, 448);
INSERT INTO usr (username, role) VALUES ('449', 2);
INSERT INTO officer (jabber, mail, shift, officer_status, premium, rank, salary, person, police_station, usr) VALUES ('jabber', 'black.hornetnikita@gmail.com', 'DAY', 'WAITING', 108, 'CORPORAL', 400, 9478617705, 14, 449);
INSERT INTO usr (username, role) VALUES ('450', 2);
INSERT INTO officer (jabber, mail, shift, officer_status, premium, rank, salary, person, police_station, usr) VALUES ('jabber', 'black.hornetnikita@gmail.com', 'DAY', 'WAITING', 94, 'DETECTIVE', 600, 861256854, 14, 450);
INSERT INTO usr (username, role) VALUES ('451', 2);
INSERT INTO officer (jabber, mail, shift, officer_status, premium, rank, salary, person, police_station, usr) VALUES ('jabber', 'black.hornetnikita@gmail.com', 'DAY', 'WAITING', 148, 'CAPTAIN', 900, 4555722055, 14, 451);
INSERT INTO usr (username, role) VALUES ('452', 2);
INSERT INTO officer (jabber, mail, shift, officer_status, premium, rank, salary, person, police_station, usr) VALUES ('jabber', 'black.hornetnikita@gmail.com', 'DAY', 'WAITING', 79, 'DETECTIVE', 600, 9074742685, 14, 452);
INSERT INTO usr (username, role) VALUES ('453', 2);
INSERT INTO officer (jabber, mail, shift, officer_status, premium, rank, salary, person, police_station, usr) VALUES ('jabber', 'black.hornetnikita@gmail.com', 'NIGHT', 'WAITING', 141, 'CORPORAL', 400, 6756241664, 14, 453);
INSERT INTO usr (username, role) VALUES ('454', 2);
INSERT INTO officer (jabber, mail, shift, officer_status, premium, rank, salary, person, police_station, usr) VALUES ('jabber', 'black.hornetnikita@gmail.com', 'DAY', 'WAITING', 74, 'LIEUTENANT', 800, 4418986333, 14, 454);
INSERT INTO usr (username, role) VALUES ('455', 2);
INSERT INTO officer (jabber, mail, shift, officer_status, premium, rank, salary, person, police_station, usr) VALUES ('jabber', 'black.hornetnikita@gmail.com', 'NIGHT', 'WAITING', 115, 'OFFICER', 200, 1416641755, 14, 455);
INSERT INTO usr (username, role) VALUES ('456', 2);
INSERT INTO officer (jabber, mail, shift, officer_status, premium, rank, salary, person, police_station, usr) VALUES ('jabber', 'black.hornetnikita@gmail.com', 'DAY', 'WAITING', 92, 'CAPTAIN', 900, 3772643816, 14, 456);
INSERT INTO usr (username, role) VALUES ('457', 2);
INSERT INTO officer (jabber, mail, shift, officer_status, premium, rank, salary, person, police_station, usr) VALUES ('jabber', 'black.hornetnikita@gmail.com', 'DAY', 'WAITING', 108, 'OFFICER', 200, 1334811927, 14, 457);
INSERT INTO usr (username, role) VALUES ('458', 2);
INSERT INTO officer (jabber, mail, shift, officer_status, premium, rank, salary, person, police_station, usr) VALUES ('jabber', 'black.hornetnikita@gmail.com', 'DAY', 'WAITING', 98, 'CORPORAL', 400, 736868960, 14, 458);
INSERT INTO usr (username, role) VALUES ('459', 2);
INSERT INTO officer (jabber, mail, shift, officer_status, premium, rank, salary, person, police_station, usr) VALUES ('jabber', 'black.hornetnikita@gmail.com', 'NIGHT', 'WAITING', 71, 'DETECTIVE', 600, 10550417, 14, 459);
INSERT INTO usr (username, role) VALUES ('460', 3);
INSERT INTO officer (jabber, mail, shift, officer_status, premium, rank, salary, person, police_station, usr) VALUES ('jabber', 'black.hornetnikita@gmail.com', 'DAY', 'WAITING', 87, 'DISPATCHER', 500, 887345967, 14, 460);
INSERT INTO usr (username, role) VALUES ('461', 2);
INSERT INTO officer (jabber, mail, shift, officer_status, premium, rank, salary, person, police_station, usr) VALUES ('jabber', 'black.hornetnikita@gmail.com', 'NIGHT', 'WAITING', 119, 'DETECTIVE', 600, 5660640273, 14, 461);
INSERT INTO usr (username, role) VALUES ('462', 2);
INSERT INTO officer (jabber, mail, shift, officer_status, premium, rank, salary, person, police_station, usr) VALUES ('jabber', 'black.hornetnikita@gmail.com', 'DAY', 'WAITING', 142, 'SERGEANT', 700, 8593887236, 14, 462);
INSERT INTO usr (username, role) VALUES ('463', 2);
INSERT INTO officer (jabber, mail, shift, officer_status, premium, rank, salary, person, police_station, usr) VALUES ('jabber', 'black.hornetnikita@gmail.com', 'DAY', 'WAITING', 121, 'LIEUTENANT', 800, 8242400321, 14, 463);
INSERT INTO usr (username, role) VALUES ('464', 2);
INSERT INTO officer (jabber, mail, shift, officer_status, premium, rank, salary, person, police_station, usr) VALUES ('jabber', 'black.hornetnikita@gmail.com', 'DAY', 'WAITING', 142, 'DETECTIVE', 600, 420389392, 14, 464);
INSERT INTO usr (username, role) VALUES ('465', 2);
INSERT INTO officer (jabber, mail, shift, officer_status, premium, rank, salary, person, police_station, usr) VALUES ('jabber', 'black.hornetnikita@gmail.com', 'DAY', 'WAITING', 128, 'LIEUTENANT', 800, 2782786032, 14, 465);
INSERT INTO usr (username, role) VALUES ('466', 2);
INSERT INTO officer (jabber, mail, shift, officer_status, premium, rank, salary, person, police_station, usr) VALUES ('jabber', 'black.hornetnikita@gmail.com', 'DAY', 'WAITING', 70, 'DETECTIVE', 600, 1205763534, 14, 466);
INSERT INTO usr (username, role) VALUES ('467', 2);
INSERT INTO officer (jabber, mail, shift, officer_status, premium, rank, salary, person, police_station, usr) VALUES ('jabber', 'black.hornetnikita@gmail.com', 'DAY', 'WAITING', 98, 'CORPORAL', 400, 2610803693, 14, 467);
INSERT INTO usr (username, role) VALUES ('468', 3);
INSERT INTO officer (jabber, mail, shift, officer_status, premium, rank, salary, person, police_station, usr) VALUES ('jabber', 'black.hornetnikita@gmail.com', 'DAY', 'WAITING', 134, 'DISPATCHER', 500, 9197647085, 14, 468);
INSERT INTO usr (username, role) VALUES ('469', 2);
INSERT INTO officer (jabber, mail, shift, officer_status, premium, rank, salary, person, police_station, usr) VALUES ('jabber', 'black.hornetnikita@gmail.com', 'DAY', 'WAITING', 137, 'CORPORAL', 400, 8620418480, 14, 469);
INSERT INTO usr (username, role) VALUES ('470', 2);
INSERT INTO officer (jabber, mail, shift, officer_status, premium, rank, salary, person, police_station, usr) VALUES ('jabber', 'black.hornetnikita@gmail.com', 'DAY', 'WAITING', 115, 'DETECTIVE', 600, 470169749, 14, 470);
INSERT INTO usr (username, role) VALUES ('471', 2);
INSERT INTO officer (jabber, mail, shift, officer_status, premium, rank, salary, person, police_station, usr) VALUES ('jabber', 'black.hornetnikita@gmail.com', 'DAY', 'WAITING', 94, 'OFFICER', 200, 3061175833, 14, 471);
INSERT INTO usr (username, role) VALUES ('472', 2);
INSERT INTO officer (jabber, mail, shift, officer_status, premium, rank, salary, person, police_station, usr) VALUES ('jabber', 'black.hornetnikita@gmail.com', 'DAY', 'WAITING', 93, 'LIEUTENANT', 800, 7822656894, 14, 472);
INSERT INTO usr (username, role) VALUES ('473', 2);
INSERT INTO officer (jabber, mail, shift, officer_status, premium, rank, salary, person, police_station, usr) VALUES ('jabber', 'black.hornetnikita@gmail.com', 'DAY', 'WAITING', 61, 'CAPTAIN', 900, 2330824097, 14, 473);
INSERT INTO usr (username, role) VALUES ('474', 2);
INSERT INTO officer (jabber, mail, shift, officer_status, premium, rank, salary, person, police_station, usr) VALUES ('jabber', 'black.hornetnikita@gmail.com', 'DAY', 'WAITING', 121, 'LIEUTENANT', 800, 8721362867, 14, 474);
INSERT INTO usr (username, role) VALUES ('475', 2);
INSERT INTO officer (jabber, mail, shift, officer_status, premium, rank, salary, person, police_station, usr) VALUES ('jabber', 'black.hornetnikita@gmail.com', 'DAY', 'WAITING', 70, 'SERGEANT', 700, 5459637450, 14, 475);
INSERT INTO usr (username, role) VALUES ('476', 2);
INSERT INTO officer (jabber, mail, shift, officer_status, premium, rank, salary, person, police_station, usr) VALUES ('jabber', 'black.hornetnikita@gmail.com', 'DAY', 'WAITING', 50, 'SERGEANT', 700, 4903151057, 14, 476);
INSERT INTO usr (username, role) VALUES ('477', 4);
INSERT INTO officer (jabber, mail, shift, officer_status, premium, rank, salary, person, police_station, usr) VALUES ('jabber', 'black.hornetnikita@gmail.com', 'DAY', 'WAITING', 144, 'ADMIN', 300, 7188430246, 15, 477);
INSERT INTO usr (username, role) VALUES ('478', 4);
INSERT INTO officer (jabber, mail, shift, officer_status, premium, rank, salary, person, police_station, usr) VALUES ('jabber', 'black.hornetnikita@gmail.com', 'DAY', 'WAITING', 94, 'ADMIN', 300, 877634356, 15, 478);
INSERT INTO usr (username, role) VALUES ('479', 4);
INSERT INTO officer (jabber, mail, shift, officer_status, premium, rank, salary, person, police_station, usr) VALUES ('jabber', 'black.hornetnikita@gmail.com', 'NIGHT', 'WAITING', 53, 'ADMIN', 300, 9221786349, 15, 479);
INSERT INTO usr (username, role) VALUES ('480', 2);
INSERT INTO officer (jabber, mail, shift, officer_status, premium, rank, salary, person, police_station, usr) VALUES ('jabber', 'black.hornetnikita@gmail.com', 'DAY', 'WAITING', 129, 'LIEUTENANT', 800, 8275871295, 15, 480);
INSERT INTO usr (username, role) VALUES ('481', 2);
INSERT INTO officer (jabber, mail, shift, officer_status, premium, rank, salary, person, police_station, usr) VALUES ('jabber', 'black.hornetnikita@gmail.com', 'DAY', 'WAITING', 149, 'CORPORAL', 400, 1994988073, 15, 481);
INSERT INTO usr (username, role) VALUES ('482', 3);
INSERT INTO officer (jabber, mail, shift, officer_status, premium, rank, salary, person, police_station, usr) VALUES ('jabber', 'black.hornetnikita@gmail.com', 'NIGHT', 'WAITING', 115, 'DISPATCHER', 500, 3993238913, 15, 482);
INSERT INTO usr (username, role) VALUES ('483', 3);
INSERT INTO officer (jabber, mail, shift, officer_status, premium, rank, salary, person, police_station, usr) VALUES ('jabber', 'black.hornetnikita@gmail.com', 'DAY', 'WAITING', 89, 'DISPATCHER', 500, 757528261, 15, 483);
INSERT INTO usr (username, role) VALUES ('484', 2);
INSERT INTO officer (jabber, mail, shift, officer_status, premium, rank, salary, person, police_station, usr) VALUES ('jabber', 'black.hornetnikita@gmail.com', 'DAY', 'WAITING', 88, 'CAPTAIN', 900, 390965573, 15, 484);
INSERT INTO usr (username, role) VALUES ('485', 2);
INSERT INTO officer (jabber, mail, shift, officer_status, premium, rank, salary, person, police_station, usr) VALUES ('jabber', 'black.hornetnikita@gmail.com', 'NIGHT', 'WAITING', 101, 'OFFICER', 200, 2125914478, 15, 485);
INSERT INTO usr (username, role) VALUES ('486', 2);
INSERT INTO officer (jabber, mail, shift, officer_status, premium, rank, salary, person, police_station, usr) VALUES ('jabber', 'black.hornetnikita@gmail.com', 'DAY', 'WAITING', 135, 'DETECTIVE', 600, 6303605502, 15, 486);
INSERT INTO usr (username, role) VALUES ('487', 2);
INSERT INTO officer (jabber, mail, shift, officer_status, premium, rank, salary, person, police_station, usr) VALUES ('jabber', 'black.hornetnikita@gmail.com', 'DAY', 'WAITING', 137, 'CAPTAIN', 900, 9455798209, 15, 487);
INSERT INTO usr (username, role) VALUES ('488', 2);
INSERT INTO officer (jabber, mail, shift, officer_status, premium, rank, salary, person, police_station, usr) VALUES ('jabber', 'black.hornetnikita@gmail.com', 'DAY', 'WAITING', 126, 'CORPORAL', 400, 4399590350, 15, 488);
INSERT INTO usr (username, role) VALUES ('489', 3);
INSERT INTO officer (jabber, mail, shift, officer_status, premium, rank, salary, person, police_station, usr) VALUES ('jabber', 'black.hornetnikita@gmail.com', 'DAY', 'WAITING', 84, 'DISPATCHER', 500, 821576434, 15, 489);
INSERT INTO usr (username, role) VALUES ('490', 2);
INSERT INTO officer (jabber, mail, shift, officer_status, premium, rank, salary, person, police_station, usr) VALUES ('jabber', 'black.hornetnikita@gmail.com', 'DAY', 'WAITING', 98, 'CORPORAL', 400, 226271918, 15, 490);
INSERT INTO usr (username, role) VALUES ('491', 2);
INSERT INTO officer (jabber, mail, shift, officer_status, premium, rank, salary, person, police_station, usr) VALUES ('jabber', 'black.hornetnikita@gmail.com', 'DAY', 'WAITING', 87, 'CAPTAIN', 900, 8418628012, 15, 491);
INSERT INTO usr (username, role) VALUES ('492', 2);
INSERT INTO officer (jabber, mail, shift, officer_status, premium, rank, salary, person, police_station, usr) VALUES ('jabber', 'black.hornetnikita@gmail.com', 'DAY', 'WAITING', 84, 'DETECTIVE', 600, 7863736044, 15, 492);
INSERT INTO usr (username, role) VALUES ('493', 2);
INSERT INTO officer (jabber, mail, shift, officer_status, premium, rank, salary, person, police_station, usr) VALUES ('jabber', 'black.hornetnikita@gmail.com', 'DAY', 'WAITING', 133, 'OFFICER', 200, 5636456945, 15, 493);
INSERT INTO usr (username, role) VALUES ('494', 2);
INSERT INTO officer (jabber, mail, shift, officer_status, premium, rank, salary, person, police_station, usr) VALUES ('jabber', 'black.hornetnikita@gmail.com', 'DAY', 'WAITING', 123, 'OFFICER', 200, 4535258018, 15, 494);
INSERT INTO usr (username, role) VALUES ('495', 2);
INSERT INTO officer (jabber, mail, shift, officer_status, premium, rank, salary, person, police_station, usr) VALUES ('jabber', 'black.hornetnikita@gmail.com', 'DAY', 'WAITING', 68, 'CAPTAIN', 900, 2553186432, 15, 495);
INSERT INTO usr (username, role) VALUES ('496', 2);
INSERT INTO officer (jabber, mail, shift, officer_status, premium, rank, salary, person, police_station, usr) VALUES ('jabber', 'black.hornetnikita@gmail.com', 'DAY', 'WAITING', 144, 'LIEUTENANT', 800, 8460239514, 15, 496);
INSERT INTO usr (username, role) VALUES ('497', 2);
INSERT INTO officer (jabber, mail, shift, officer_status, premium, rank, salary, person, police_station, usr) VALUES ('jabber', 'black.hornetnikita@gmail.com', 'NIGHT', 'WAITING', 123, 'CORPORAL', 400, 427810932, 15, 497);
INSERT INTO usr (username, role) VALUES ('498', 2);
INSERT INTO officer (jabber, mail, shift, officer_status, premium, rank, salary, person, police_station, usr) VALUES ('jabber', 'black.hornetnikita@gmail.com', 'DAY', 'WAITING', 124, 'SERGEANT', 700, 2251468163, 15, 498);
INSERT INTO usr (username, role) VALUES ('499', 2);
INSERT INTO officer (jabber, mail, shift, officer_status, premium, rank, salary, person, police_station, usr) VALUES ('jabber', 'black.hornetnikita@gmail.com', 'DAY', 'WAITING', 79, 'CORPORAL', 400, 9414111726, 15, 499);
INSERT INTO usr (username, role) VALUES ('500', 2);
INSERT INTO officer (jabber, mail, shift, officer_status, premium, rank, salary, person, police_station, usr) VALUES ('jabber', 'black.hornetnikita@gmail.com', 'DAY', 'WAITING', 140, 'LIEUTENANT', 800, 1216567564, 15, 500);
INSERT INTO usr (username, role) VALUES ('501', 2);
INSERT INTO officer (jabber, mail, shift, officer_status, premium, rank, salary, person, police_station, usr) VALUES ('jabber', 'black.hornetnikita@gmail.com', 'DAY', 'WAITING', 103, 'DETECTIVE', 600, 5452832401, 15, 501);
INSERT INTO usr (username, role) VALUES ('502', 2);
INSERT INTO officer (jabber, mail, shift, officer_status, premium, rank, salary, person, police_station, usr) VALUES ('jabber', 'black.hornetnikita@gmail.com', 'NIGHT', 'WAITING', 84, 'DETECTIVE', 600, 905615543, 15, 502);
INSERT INTO usr (username, role) VALUES ('503', 2);
INSERT INTO officer (jabber, mail, shift, officer_status, premium, rank, salary, person, police_station, usr) VALUES ('jabber', 'black.hornetnikita@gmail.com', 'NIGHT', 'WAITING', 127, 'LIEUTENANT', 800, 4030146197, 15, 503);
INSERT INTO usr (username, role) VALUES ('504', 2);
INSERT INTO officer (jabber, mail, shift, officer_status, premium, rank, salary, person, police_station, usr) VALUES ('jabber', 'black.hornetnikita@gmail.com', 'DAY', 'WAITING', 100, 'LIEUTENANT', 800, 63856065, 15, 504);
INSERT INTO usr (username, role) VALUES ('505', 2);
INSERT INTO officer (jabber, mail, shift, officer_status, premium, rank, salary, person, police_station, usr) VALUES ('jabber', 'black.hornetnikita@gmail.com', 'DAY', 'WAITING', 57, 'CAPTAIN', 900, 4141816595, 15, 505);
INSERT INTO usr (username, role) VALUES ('506', 2);
INSERT INTO officer (jabber, mail, shift, officer_status, premium, rank, salary, person, police_station, usr) VALUES ('jabber', 'black.hornetnikita@gmail.com', 'DAY', 'WAITING', 72, 'CAPTAIN', 900, 8992297318, 15, 506);
INSERT INTO usr (username, role) VALUES ('507', 2);
INSERT INTO officer (jabber, mail, shift, officer_status, premium, rank, salary, person, police_station, usr) VALUES ('jabber', 'black.hornetnikita@gmail.com', 'DAY', 'WAITING', 131, 'CAPTAIN', 900, 1803638887, 15, 507);
INSERT INTO usr (username, role) VALUES ('508', 3);
INSERT INTO officer (jabber, mail, shift, officer_status, premium, rank, salary, person, police_station, usr) VALUES ('jabber', 'black.hornetnikita@gmail.com', 'DAY', 'WAITING', 60, 'DISPATCHER', 500, 922735288, 15, 508);
INSERT INTO usr (username, role) VALUES ('509', 2);
INSERT INTO officer (jabber, mail, shift, officer_status, premium, rank, salary, person, police_station, usr) VALUES ('jabber', 'black.hornetnikita@gmail.com', 'DAY', 'WAITING', 63, 'LIEUTENANT', 800, 321745157, 15, 509);
INSERT INTO usr (username, role) VALUES ('510', 2);
INSERT INTO officer (jabber, mail, shift, officer_status, premium, rank, salary, person, police_station, usr) VALUES ('jabber', 'black.hornetnikita@gmail.com', 'DAY', 'WAITING', 67, 'OFFICER', 200, 6589269267, 15, 510);
INSERT INTO usr (username, role) VALUES ('511', 4);
INSERT INTO officer (jabber, mail, shift, officer_status, premium, rank, salary, person, police_station, usr) VALUES ('jabber', 'black.hornetnikita@gmail.com', 'DAY', 'WAITING', 51, 'ADMIN', 300, 65044329, 16, 511);
INSERT INTO usr (username, role) VALUES ('512', 4);
INSERT INTO officer (jabber, mail, shift, officer_status, premium, rank, salary, person, police_station, usr) VALUES ('jabber', 'black.hornetnikita@gmail.com', 'DAY', 'WAITING', 144, 'ADMIN', 300, 4809940197, 16, 512);
INSERT INTO usr (username, role) VALUES ('513', 4);
INSERT INTO officer (jabber, mail, shift, officer_status, premium, rank, salary, person, police_station, usr) VALUES ('jabber', 'black.hornetnikita@gmail.com', 'NIGHT', 'WAITING', 131, 'ADMIN', 300, 2939794996, 16, 513);
INSERT INTO usr (username, role) VALUES ('514', 2);
INSERT INTO officer (jabber, mail, shift, officer_status, premium, rank, salary, person, police_station, usr) VALUES ('jabber', 'black.hornetnikita@gmail.com', 'DAY', 'WAITING', 113, 'SERGEANT', 700, 8224242535, 16, 514);
INSERT INTO usr (username, role) VALUES ('515', 2);
INSERT INTO officer (jabber, mail, shift, officer_status, premium, rank, salary, person, police_station, usr) VALUES ('jabber', 'black.hornetnikita@gmail.com', 'NIGHT', 'WAITING', 136, 'CORPORAL', 400, 6484512104, 16, 515);
INSERT INTO usr (username, role) VALUES ('516', 2);
INSERT INTO officer (jabber, mail, shift, officer_status, premium, rank, salary, person, police_station, usr) VALUES ('jabber', 'black.hornetnikita@gmail.com', 'DAY', 'WAITING', 50, 'CAPTAIN', 900, 843836710, 16, 516);
INSERT INTO usr (username, role) VALUES ('517', 2);
INSERT INTO officer (jabber, mail, shift, officer_status, premium, rank, salary, person, police_station, usr) VALUES ('jabber', 'black.hornetnikita@gmail.com', 'DAY', 'WAITING', 94, 'CAPTAIN', 900, 5980635555, 16, 517);
INSERT INTO usr (username, role) VALUES ('518', 2);
INSERT INTO officer (jabber, mail, shift, officer_status, premium, rank, salary, person, police_station, usr) VALUES ('jabber', 'black.hornetnikita@gmail.com', 'DAY', 'WAITING', 79, 'DETECTIVE', 600, 7480850486, 16, 518);
INSERT INTO usr (username, role) VALUES ('519', 3);
INSERT INTO officer (jabber, mail, shift, officer_status, premium, rank, salary, person, police_station, usr) VALUES ('jabber', 'black.hornetnikita@gmail.com', 'DAY', 'WAITING', 53, 'DISPATCHER', 500, 3115197679, 16, 519);
INSERT INTO usr (username, role) VALUES ('520', 2);
INSERT INTO officer (jabber, mail, shift, officer_status, premium, rank, salary, person, police_station, usr) VALUES ('jabber', 'black.hornetnikita@gmail.com', 'NIGHT', 'WAITING', 119, 'DETECTIVE', 600, 3042827724, 16, 520);
INSERT INTO usr (username, role) VALUES ('521', 2);
INSERT INTO officer (jabber, mail, shift, officer_status, premium, rank, salary, person, police_station, usr) VALUES ('jabber', 'black.hornetnikita@gmail.com', 'DAY', 'WAITING', 129, 'CAPTAIN', 900, 2543114015, 16, 521);
INSERT INTO usr (username, role) VALUES ('522', 2);
INSERT INTO officer (jabber, mail, shift, officer_status, premium, rank, salary, person, police_station, usr) VALUES ('jabber', 'black.hornetnikita@gmail.com', 'DAY', 'WAITING', 121, 'CAPTAIN', 900, 7662822965, 16, 522);
INSERT INTO usr (username, role) VALUES ('523', 3);
INSERT INTO officer (jabber, mail, shift, officer_status, premium, rank, salary, person, police_station, usr) VALUES ('jabber', 'black.hornetnikita@gmail.com', 'NIGHT', 'WAITING', 53, 'DISPATCHER', 500, 5411449632, 16, 523);
INSERT INTO usr (username, role) VALUES ('524', 2);
INSERT INTO officer (jabber, mail, shift, officer_status, premium, rank, salary, person, police_station, usr) VALUES ('jabber', 'black.hornetnikita@gmail.com', 'DAY', 'WAITING', 130, 'SERGEANT', 700, 2074963524, 16, 524);
INSERT INTO usr (username, role) VALUES ('525', 2);
INSERT INTO officer (jabber, mail, shift, officer_status, premium, rank, salary, person, police_station, usr) VALUES ('jabber', 'black.hornetnikita@gmail.com', 'DAY', 'WAITING', 106, 'SERGEANT', 700, 8917835753, 16, 525);
INSERT INTO usr (username, role) VALUES ('526', 2);
INSERT INTO officer (jabber, mail, shift, officer_status, premium, rank, salary, person, police_station, usr) VALUES ('jabber', 'black.hornetnikita@gmail.com', 'DAY', 'WAITING', 92, 'OFFICER', 200, 6058131441, 16, 526);
INSERT INTO usr (username, role) VALUES ('527', 2);
INSERT INTO officer (jabber, mail, shift, officer_status, premium, rank, salary, person, police_station, usr) VALUES ('jabber', 'black.hornetnikita@gmail.com', 'DAY', 'WAITING', 131, 'SERGEANT', 700, 7675755778, 16, 527);
INSERT INTO usr (username, role) VALUES ('528', 2);
INSERT INTO officer (jabber, mail, shift, officer_status, premium, rank, salary, person, police_station, usr) VALUES ('jabber', 'black.hornetnikita@gmail.com', 'NIGHT', 'WAITING', 81, 'DETECTIVE', 600, 7752885602, 16, 528);
INSERT INTO usr (username, role) VALUES ('529', 2);
INSERT INTO officer (jabber, mail, shift, officer_status, premium, rank, salary, person, police_station, usr) VALUES ('jabber', 'black.hornetnikita@gmail.com', 'DAY', 'WAITING', 55, 'DETECTIVE', 600, 588823526, 16, 529);
INSERT INTO usr (username, role) VALUES ('530', 2);
INSERT INTO officer (jabber, mail, shift, officer_status, premium, rank, salary, person, police_station, usr) VALUES ('jabber', 'black.hornetnikita@gmail.com', 'DAY', 'WAITING', 115, 'DETECTIVE', 600, 5606767966, 16, 530);
INSERT INTO usr (username, role) VALUES ('531', 2);
INSERT INTO officer (jabber, mail, shift, officer_status, premium, rank, salary, person, police_station, usr) VALUES ('jabber', 'black.hornetnikita@gmail.com', 'NIGHT', 'WAITING', 51, 'LIEUTENANT', 800, 9207947228, 16, 531);
INSERT INTO usr (username, role) VALUES ('532', 2);
INSERT INTO officer (jabber, mail, shift, officer_status, premium, rank, salary, person, police_station, usr) VALUES ('jabber', 'black.hornetnikita@gmail.com', 'DAY', 'WAITING', 97, 'CORPORAL', 400, 7532284598, 16, 532);
INSERT INTO usr (username, role) VALUES ('533', 3);
INSERT INTO officer (jabber, mail, shift, officer_status, premium, rank, salary, person, police_station, usr) VALUES ('jabber', 'black.hornetnikita@gmail.com', 'DAY', 'WAITING', 134, 'DISPATCHER', 500, 931364707, 16, 533);
INSERT INTO usr (username, role) VALUES ('534', 2);
INSERT INTO officer (jabber, mail, shift, officer_status, premium, rank, salary, person, police_station, usr) VALUES ('jabber', 'black.hornetnikita@gmail.com', 'DAY', 'WAITING', 80, 'CAPTAIN', 900, 3289957286, 16, 534);
INSERT INTO usr (username, role) VALUES ('535', 2);
INSERT INTO officer (jabber, mail, shift, officer_status, premium, rank, salary, person, police_station, usr) VALUES ('jabber', 'black.hornetnikita@gmail.com', 'DAY', 'WAITING', 66, 'SERGEANT', 700, 9662362136, 16, 535);
INSERT INTO usr (username, role) VALUES ('536', 3);
INSERT INTO officer (jabber, mail, shift, officer_status, premium, rank, salary, person, police_station, usr) VALUES ('jabber', 'black.hornetnikita@gmail.com', 'DAY', 'WAITING', 150, 'DISPATCHER', 500, 47762673, 16, 536);
INSERT INTO usr (username, role) VALUES ('537', 2);
INSERT INTO officer (jabber, mail, shift, officer_status, premium, rank, salary, person, police_station, usr) VALUES ('jabber', 'black.hornetnikita@gmail.com', 'NIGHT', 'WAITING', 112, 'CAPTAIN', 900, 9594617080, 16, 537);
INSERT INTO usr (username, role) VALUES ('538', 3);
INSERT INTO officer (jabber, mail, shift, officer_status, premium, rank, salary, person, police_station, usr) VALUES ('jabber', 'black.hornetnikita@gmail.com', 'DAY', 'WAITING', 83, 'DISPATCHER', 500, 8639194628, 16, 538);
INSERT INTO usr (username, role) VALUES ('539', 2);
INSERT INTO officer (jabber, mail, shift, officer_status, premium, rank, salary, person, police_station, usr) VALUES ('jabber', 'black.hornetnikita@gmail.com', 'DAY', 'WAITING', 80, 'OFFICER', 200, 7734739947, 16, 539);
INSERT INTO usr (username, role) VALUES ('540', 2);
INSERT INTO officer (jabber, mail, shift, officer_status, premium, rank, salary, person, police_station, usr) VALUES ('jabber', 'black.hornetnikita@gmail.com', 'DAY', 'WAITING', 118, 'SERGEANT', 700, 6777717884, 16, 540);
INSERT INTO usr (username, role) VALUES ('541', 2);
INSERT INTO officer (jabber, mail, shift, officer_status, premium, rank, salary, person, police_station, usr) VALUES ('jabber', 'black.hornetnikita@gmail.com', 'DAY', 'WAITING', 123, 'OFFICER', 200, 3957969598, 16, 541);
INSERT INTO usr (username, role) VALUES ('542', 2);
INSERT INTO officer (jabber, mail, shift, officer_status, premium, rank, salary, person, police_station, usr) VALUES ('jabber', 'black.hornetnikita@gmail.com', 'NIGHT', 'WAITING', 137, 'CAPTAIN', 900, 9704698310, 16, 542);
INSERT INTO usr (username, role) VALUES ('543', 2);
INSERT INTO officer (jabber, mail, shift, officer_status, premium, rank, salary, person, police_station, usr) VALUES ('jabber', 'black.hornetnikita@gmail.com', 'NIGHT', 'WAITING', 104, 'CAPTAIN', 900, 2708605520, 16, 543);
INSERT INTO usr (username, role) VALUES ('544', 2);
INSERT INTO officer (jabber, mail, shift, officer_status, premium, rank, salary, person, police_station, usr) VALUES ('jabber', 'black.hornetnikita@gmail.com', 'DAY', 'WAITING', 65, 'DETECTIVE', 600, 9621386841, 16, 544);
INSERT INTO usr (username, role) VALUES ('545', 4);
INSERT INTO officer (jabber, mail, shift, officer_status, premium, rank, salary, person, police_station, usr) VALUES ('jabber', 'black.hornetnikita@gmail.com', 'DAY', 'WAITING', 82, 'ADMIN', 300, 3676618888, 17, 545);
INSERT INTO usr (username, role) VALUES ('546', 4);
INSERT INTO officer (jabber, mail, shift, officer_status, premium, rank, salary, person, police_station, usr) VALUES ('jabber', 'black.hornetnikita@gmail.com', 'DAY', 'WAITING', 136, 'ADMIN', 300, 6947422517, 17, 546);
INSERT INTO usr (username, role) VALUES ('547', 4);
INSERT INTO officer (jabber, mail, shift, officer_status, premium, rank, salary, person, police_station, usr) VALUES ('jabber', 'black.hornetnikita@gmail.com', 'NIGHT', 'WAITING', 58, 'ADMIN', 300, 6959804197, 17, 547);
INSERT INTO usr (username, role) VALUES ('548', 2);
INSERT INTO officer (jabber, mail, shift, officer_status, premium, rank, salary, person, police_station, usr) VALUES ('jabber', 'black.hornetnikita@gmail.com', 'DAY', 'WAITING', 83, 'LIEUTENANT', 800, 5652866851, 17, 548);
INSERT INTO usr (username, role) VALUES ('549', 2);
INSERT INTO officer (jabber, mail, shift, officer_status, premium, rank, salary, person, police_station, usr) VALUES ('jabber', 'black.hornetnikita@gmail.com', 'DAY', 'WAITING', 83, 'OFFICER', 200, 6612663057, 17, 549);
INSERT INTO usr (username, role) VALUES ('550', 2);
INSERT INTO officer (jabber, mail, shift, officer_status, premium, rank, salary, person, police_station, usr) VALUES ('jabber', 'black.hornetnikita@gmail.com', 'NIGHT', 'WAITING', 150, 'DETECTIVE', 600, 2523148124, 17, 550);
INSERT INTO usr (username, role) VALUES ('551', 2);
INSERT INTO officer (jabber, mail, shift, officer_status, premium, rank, salary, person, police_station, usr) VALUES ('jabber', 'black.hornetnikita@gmail.com', 'NIGHT', 'WAITING', 108, 'SERGEANT', 700, 1268382852, 17, 551);
INSERT INTO usr (username, role) VALUES ('552', 2);
INSERT INTO officer (jabber, mail, shift, officer_status, premium, rank, salary, person, police_station, usr) VALUES ('jabber', 'black.hornetnikita@gmail.com', 'DAY', 'WAITING', 107, 'LIEUTENANT', 800, 9085876542, 17, 552);
INSERT INTO usr (username, role) VALUES ('553', 2);
INSERT INTO officer (jabber, mail, shift, officer_status, premium, rank, salary, person, police_station, usr) VALUES ('jabber', 'black.hornetnikita@gmail.com', 'NIGHT', 'WAITING', 139, 'OFFICER', 200, 6006711356, 17, 553);
INSERT INTO usr (username, role) VALUES ('554', 2);
INSERT INTO officer (jabber, mail, shift, officer_status, premium, rank, salary, person, police_station, usr) VALUES ('jabber', 'black.hornetnikita@gmail.com', 'DAY', 'WAITING', 139, 'CORPORAL', 400, 3875288873, 17, 554);
INSERT INTO usr (username, role) VALUES ('555', 2);
INSERT INTO officer (jabber, mail, shift, officer_status, premium, rank, salary, person, police_station, usr) VALUES ('jabber', 'black.hornetnikita@gmail.com', 'DAY', 'WAITING', 114, 'CORPORAL', 400, 5967227083, 17, 555);
INSERT INTO usr (username, role) VALUES ('556', 2);
INSERT INTO officer (jabber, mail, shift, officer_status, premium, rank, salary, person, police_station, usr) VALUES ('jabber', 'black.hornetnikita@gmail.com', 'DAY', 'WAITING', 53, 'CAPTAIN', 900, 4009153865, 17, 556);
INSERT INTO usr (username, role) VALUES ('557', 2);
INSERT INTO officer (jabber, mail, shift, officer_status, premium, rank, salary, person, police_station, usr) VALUES ('jabber', 'black.hornetnikita@gmail.com', 'DAY', 'WAITING', 106, 'DETECTIVE', 600, 739166105, 17, 557);
INSERT INTO usr (username, role) VALUES ('558', 2);
INSERT INTO officer (jabber, mail, shift, officer_status, premium, rank, salary, person, police_station, usr) VALUES ('jabber', 'black.hornetnikita@gmail.com', 'NIGHT', 'WAITING', 88, 'CORPORAL', 400, 4652694010, 17, 558);
INSERT INTO usr (username, role) VALUES ('559', 2);
INSERT INTO officer (jabber, mail, shift, officer_status, premium, rank, salary, person, police_station, usr) VALUES ('jabber', 'black.hornetnikita@gmail.com', 'DAY', 'WAITING', 80, 'DETECTIVE', 600, 3928630830, 17, 559);
INSERT INTO usr (username, role) VALUES ('560', 2);
INSERT INTO officer (jabber, mail, shift, officer_status, premium, rank, salary, person, police_station, usr) VALUES ('jabber', 'black.hornetnikita@gmail.com', 'NIGHT', 'WAITING', 79, 'LIEUTENANT', 800, 9790686453, 17, 560);
INSERT INTO usr (username, role) VALUES ('561', 2);
INSERT INTO officer (jabber, mail, shift, officer_status, premium, rank, salary, person, police_station, usr) VALUES ('jabber', 'black.hornetnikita@gmail.com', 'DAY', 'WAITING', 50, 'LIEUTENANT', 800, 5634131035, 17, 561);
INSERT INTO usr (username, role) VALUES ('562', 2);
INSERT INTO officer (jabber, mail, shift, officer_status, premium, rank, salary, person, police_station, usr) VALUES ('jabber', 'black.hornetnikita@gmail.com', 'DAY', 'WAITING', 76, 'SERGEANT', 700, 4207151849, 17, 562);
INSERT INTO usr (username, role) VALUES ('563', 2);
INSERT INTO officer (jabber, mail, shift, officer_status, premium, rank, salary, person, police_station, usr) VALUES ('jabber', 'black.hornetnikita@gmail.com', 'DAY', 'WAITING', 122, 'SERGEANT', 700, 8037877829, 17, 563);
INSERT INTO usr (username, role) VALUES ('564', 2);
INSERT INTO officer (jabber, mail, shift, officer_status, premium, rank, salary, person, police_station, usr) VALUES ('jabber', 'black.hornetnikita@gmail.com', 'DAY', 'WAITING', 85, 'OFFICER', 200, 1743675195, 17, 564);
INSERT INTO usr (username, role) VALUES ('565', 2);
INSERT INTO officer (jabber, mail, shift, officer_status, premium, rank, salary, person, police_station, usr) VALUES ('jabber', 'black.hornetnikita@gmail.com', 'NIGHT', 'WAITING', 115, 'SERGEANT', 700, 2037246386, 17, 565);
INSERT INTO usr (username, role) VALUES ('566', 2);
INSERT INTO officer (jabber, mail, shift, officer_status, premium, rank, salary, person, police_station, usr) VALUES ('jabber', 'black.hornetnikita@gmail.com', 'DAY', 'WAITING', 54, 'SERGEANT', 700, 2778576034, 17, 566);
INSERT INTO usr (username, role) VALUES ('567', 2);
INSERT INTO officer (jabber, mail, shift, officer_status, premium, rank, salary, person, police_station, usr) VALUES ('jabber', 'black.hornetnikita@gmail.com', 'DAY', 'WAITING', 96, 'DETECTIVE', 600, 5623700666, 17, 567);
INSERT INTO usr (username, role) VALUES ('568', 2);
INSERT INTO officer (jabber, mail, shift, officer_status, premium, rank, salary, person, police_station, usr) VALUES ('jabber', 'black.hornetnikita@gmail.com', 'DAY', 'WAITING', 53, 'SERGEANT', 700, 3059592887, 17, 568);
INSERT INTO usr (username, role) VALUES ('569', 2);
INSERT INTO officer (jabber, mail, shift, officer_status, premium, rank, salary, person, police_station, usr) VALUES ('jabber', 'black.hornetnikita@gmail.com', 'NIGHT', 'WAITING', 93, 'CAPTAIN', 900, 456423640, 17, 569);
INSERT INTO usr (username, role) VALUES ('570', 2);
INSERT INTO officer (jabber, mail, shift, officer_status, premium, rank, salary, person, police_station, usr) VALUES ('jabber', 'black.hornetnikita@gmail.com', 'DAY', 'WAITING', 97, 'LIEUTENANT', 800, 6050935264, 17, 570);
INSERT INTO usr (username, role) VALUES ('571', 2);
INSERT INTO officer (jabber, mail, shift, officer_status, premium, rank, salary, person, police_station, usr) VALUES ('jabber', 'black.hornetnikita@gmail.com', 'NIGHT', 'WAITING', 136, 'CORPORAL', 400, 1513427498, 17, 571);
INSERT INTO usr (username, role) VALUES ('572', 2);
INSERT INTO officer (jabber, mail, shift, officer_status, premium, rank, salary, person, police_station, usr) VALUES ('jabber', 'black.hornetnikita@gmail.com', 'NIGHT', 'WAITING', 120, 'OFFICER', 200, 6534433765, 17, 572);
INSERT INTO usr (username, role) VALUES ('573', 2);
INSERT INTO officer (jabber, mail, shift, officer_status, premium, rank, salary, person, police_station, usr) VALUES ('jabber', 'black.hornetnikita@gmail.com', 'DAY', 'WAITING', 60, 'CAPTAIN', 900, 8002162014, 17, 573);
INSERT INTO usr (username, role) VALUES ('574', 2);
INSERT INTO officer (jabber, mail, shift, officer_status, premium, rank, salary, person, police_station, usr) VALUES ('jabber', 'black.hornetnikita@gmail.com', 'DAY', 'WAITING', 109, 'OFFICER', 200, 2628396395, 17, 574);
INSERT INTO usr (username, role) VALUES ('575', 2);
INSERT INTO officer (jabber, mail, shift, officer_status, premium, rank, salary, person, police_station, usr) VALUES ('jabber', 'black.hornetnikita@gmail.com', 'DAY', 'WAITING', 80, 'OFFICER', 200, 569271893, 17, 575);
INSERT INTO usr (username, role) VALUES ('576', 2);
INSERT INTO officer (jabber, mail, shift, officer_status, premium, rank, salary, person, police_station, usr) VALUES ('jabber', 'black.hornetnikita@gmail.com', 'NIGHT', 'WAITING', 133, 'OFFICER', 200, 6317533776, 17, 576);
INSERT INTO usr (username, role) VALUES ('577', 2);
INSERT INTO officer (jabber, mail, shift, officer_status, premium, rank, salary, person, police_station, usr) VALUES ('jabber', 'black.hornetnikita@gmail.com', 'NIGHT', 'WAITING', 97, 'SERGEANT', 700, 6819376768, 17, 577);
INSERT INTO usr (username, role) VALUES ('578', 2);
INSERT INTO officer (jabber, mail, shift, officer_status, premium, rank, salary, person, police_station, usr) VALUES ('jabber', 'black.hornetnikita@gmail.com', 'DAY', 'WAITING', 149, 'DETECTIVE', 600, 3829480210, 17, 578);
INSERT INTO usr (username, role) VALUES ('579', 4);
INSERT INTO officer (jabber, mail, shift, officer_status, premium, rank, salary, person, police_station, usr) VALUES ('jabber', 'black.hornetnikita@gmail.com', 'DAY', 'WAITING', 64, 'ADMIN', 300, 4929618015, 18, 579);
INSERT INTO usr (username, role) VALUES ('580', 4);
INSERT INTO officer (jabber, mail, shift, officer_status, premium, rank, salary, person, police_station, usr) VALUES ('jabber', 'black.hornetnikita@gmail.com', 'DAY', 'WAITING', 116, 'ADMIN', 300, 9206664395, 18, 580);
INSERT INTO usr (username, role) VALUES ('581', 4);
INSERT INTO officer (jabber, mail, shift, officer_status, premium, rank, salary, person, police_station, usr) VALUES ('jabber', 'black.hornetnikita@gmail.com', 'NIGHT', 'WAITING', 112, 'ADMIN', 300, 7642227027, 18, 581);
INSERT INTO usr (username, role) VALUES ('582', 2);
INSERT INTO officer (jabber, mail, shift, officer_status, premium, rank, salary, person, police_station, usr) VALUES ('jabber', 'black.hornetnikita@gmail.com', 'DAY', 'WAITING', 123, 'OFFICER', 200, 3383686221, 18, 582);
INSERT INTO usr (username, role) VALUES ('583', 2);
INSERT INTO officer (jabber, mail, shift, officer_status, premium, rank, salary, person, police_station, usr) VALUES ('jabber', 'black.hornetnikita@gmail.com', 'DAY', 'WAITING', 133, 'DETECTIVE', 600, 5693481729, 18, 583);
INSERT INTO usr (username, role) VALUES ('584', 2);
INSERT INTO officer (jabber, mail, shift, officer_status, premium, rank, salary, person, police_station, usr) VALUES ('jabber', 'black.hornetnikita@gmail.com', 'DAY', 'WAITING', 136, 'LIEUTENANT', 800, 9672169311, 18, 584);
INSERT INTO usr (username, role) VALUES ('585', 2);
INSERT INTO officer (jabber, mail, shift, officer_status, premium, rank, salary, person, police_station, usr) VALUES ('jabber', 'black.hornetnikita@gmail.com', 'DAY', 'WAITING', 86, 'SERGEANT', 700, 6836699821, 18, 585);
INSERT INTO usr (username, role) VALUES ('586', 3);
INSERT INTO officer (jabber, mail, shift, officer_status, premium, rank, salary, person, police_station, usr) VALUES ('jabber', 'black.hornetnikita@gmail.com', 'NIGHT', 'WAITING', 149, 'DISPATCHER', 500, 5554271207, 18, 586);
INSERT INTO usr (username, role) VALUES ('587', 2);
INSERT INTO officer (jabber, mail, shift, officer_status, premium, rank, salary, person, police_station, usr) VALUES ('jabber', 'black.hornetnikita@gmail.com', 'DAY', 'WAITING', 92, 'LIEUTENANT', 800, 7056804529, 18, 587);
INSERT INTO usr (username, role) VALUES ('588', 2);
INSERT INTO officer (jabber, mail, shift, officer_status, premium, rank, salary, person, police_station, usr) VALUES ('jabber', 'black.hornetnikita@gmail.com', 'DAY', 'WAITING', 134, 'OFFICER', 200, 4079354904, 18, 588);
INSERT INTO usr (username, role) VALUES ('589', 2);
INSERT INTO officer (jabber, mail, shift, officer_status, premium, rank, salary, person, police_station, usr) VALUES ('jabber', 'black.hornetnikita@gmail.com', 'DAY', 'WAITING', 128, 'CAPTAIN', 900, 6981242938, 18, 589);
INSERT INTO usr (username, role) VALUES ('590', 2);
INSERT INTO officer (jabber, mail, shift, officer_status, premium, rank, salary, person, police_station, usr) VALUES ('jabber', 'black.hornetnikita@gmail.com', 'DAY', 'WAITING', 149, 'DETECTIVE', 600, 7230418573, 18, 590);
INSERT INTO usr (username, role) VALUES ('591', 2);
INSERT INTO officer (jabber, mail, shift, officer_status, premium, rank, salary, person, police_station, usr) VALUES ('jabber', 'black.hornetnikita@gmail.com', 'DAY', 'WAITING', 65, 'OFFICER', 200, 6297514002, 18, 591);
INSERT INTO usr (username, role) VALUES ('592', 2);
INSERT INTO officer (jabber, mail, shift, officer_status, premium, rank, salary, person, police_station, usr) VALUES ('jabber', 'black.hornetnikita@gmail.com', 'DAY', 'WAITING', 107, 'LIEUTENANT', 800, 478942529, 18, 592);
INSERT INTO usr (username, role) VALUES ('593', 2);
INSERT INTO officer (jabber, mail, shift, officer_status, premium, rank, salary, person, police_station, usr) VALUES ('jabber', 'black.hornetnikita@gmail.com', 'DAY', 'WAITING', 56, 'SERGEANT', 700, 8136889785, 18, 593);
INSERT INTO usr (username, role) VALUES ('594', 2);
INSERT INTO officer (jabber, mail, shift, officer_status, premium, rank, salary, person, police_station, usr) VALUES ('jabber', 'black.hornetnikita@gmail.com', 'DAY', 'WAITING', 125, 'DETECTIVE', 600, 260360346, 18, 594);
INSERT INTO usr (username, role) VALUES ('595', 3);
INSERT INTO officer (jabber, mail, shift, officer_status, premium, rank, salary, person, police_station, usr) VALUES ('jabber', 'black.hornetnikita@gmail.com', 'DAY', 'WAITING', 67, 'DISPATCHER', 500, 6218449940, 18, 595);
INSERT INTO usr (username, role) VALUES ('596', 2);
INSERT INTO officer (jabber, mail, shift, officer_status, premium, rank, salary, person, police_station, usr) VALUES ('jabber', 'black.hornetnikita@gmail.com', 'DAY', 'WAITING', 99, 'SERGEANT', 700, 808858278, 18, 596);
INSERT INTO usr (username, role) VALUES ('597', 2);
INSERT INTO officer (jabber, mail, shift, officer_status, premium, rank, salary, person, police_station, usr) VALUES ('jabber', 'black.hornetnikita@gmail.com', 'DAY', 'WAITING', 94, 'CAPTAIN', 900, 7199872529, 18, 597);
INSERT INTO usr (username, role) VALUES ('598', 2);
INSERT INTO officer (jabber, mail, shift, officer_status, premium, rank, salary, person, police_station, usr) VALUES ('jabber', 'black.hornetnikita@gmail.com', 'DAY', 'WAITING', 134, 'CAPTAIN', 900, 1116311833, 18, 598);
INSERT INTO usr (username, role) VALUES ('599', 2);
INSERT INTO officer (jabber, mail, shift, officer_status, premium, rank, salary, person, police_station, usr) VALUES ('jabber', 'black.hornetnikita@gmail.com', 'NIGHT', 'WAITING', 132, 'LIEUTENANT', 800, 8717265415, 18, 599);
INSERT INTO usr (username, role) VALUES ('600', 3);
INSERT INTO officer (jabber, mail, shift, officer_status, premium, rank, salary, person, police_station, usr) VALUES ('jabber', 'black.hornetnikita@gmail.com', 'NIGHT', 'WAITING', 117, 'DISPATCHER', 500, 4886116530, 18, 600);
INSERT INTO usr (username, role) VALUES ('601', 2);
INSERT INTO officer (jabber, mail, shift, officer_status, premium, rank, salary, person, police_station, usr) VALUES ('jabber', 'black.hornetnikita@gmail.com', 'DAY', 'WAITING', 70, 'OFFICER', 200, 4837614161, 18, 601);
INSERT INTO usr (username, role) VALUES ('602', 2);
INSERT INTO officer (jabber, mail, shift, officer_status, premium, rank, salary, person, police_station, usr) VALUES ('jabber', 'black.hornetnikita@gmail.com', 'DAY', 'WAITING', 114, 'DETECTIVE', 600, 1451203455, 18, 602);
INSERT INTO usr (username, role) VALUES ('603', 2);
INSERT INTO officer (jabber, mail, shift, officer_status, premium, rank, salary, person, police_station, usr) VALUES ('jabber', 'black.hornetnikita@gmail.com', 'DAY', 'WAITING', 127, 'LIEUTENANT', 800, 696940992, 18, 603);
INSERT INTO usr (username, role) VALUES ('604', 2);
INSERT INTO officer (jabber, mail, shift, officer_status, premium, rank, salary, person, police_station, usr) VALUES ('jabber', 'black.hornetnikita@gmail.com', 'DAY', 'WAITING', 126, 'OFFICER', 200, 5114720690, 18, 604);
INSERT INTO usr (username, role) VALUES ('605', 2);
INSERT INTO officer (jabber, mail, shift, officer_status, premium, rank, salary, person, police_station, usr) VALUES ('jabber', 'black.hornetnikita@gmail.com', 'NIGHT', 'WAITING', 64, 'DETECTIVE', 600, 9770840957, 18, 605);
INSERT INTO usr (username, role) VALUES ('606', 2);
INSERT INTO officer (jabber, mail, shift, officer_status, premium, rank, salary, person, police_station, usr) VALUES ('jabber', 'black.hornetnikita@gmail.com', 'DAY', 'WAITING', 149, 'LIEUTENANT', 800, 9486590653, 18, 606);
INSERT INTO usr (username, role) VALUES ('607', 2);
INSERT INTO officer (jabber, mail, shift, officer_status, premium, rank, salary, person, police_station, usr) VALUES ('jabber', 'black.hornetnikita@gmail.com', 'DAY', 'WAITING', 129, 'CORPORAL', 400, 4358404836, 18, 607);
INSERT INTO usr (username, role) VALUES ('608', 2);
INSERT INTO officer (jabber, mail, shift, officer_status, premium, rank, salary, person, police_station, usr) VALUES ('jabber', 'black.hornetnikita@gmail.com', 'DAY', 'WAITING', 103, 'LIEUTENANT', 800, 6718387790, 18, 608);
INSERT INTO usr (username, role) VALUES ('609', 3);
INSERT INTO officer (jabber, mail, shift, officer_status, premium, rank, salary, person, police_station, usr) VALUES ('jabber', 'black.hornetnikita@gmail.com', 'NIGHT', 'WAITING', 126, 'DISPATCHER', 500, 2005709779, 18, 609);
INSERT INTO usr (username, role) VALUES ('610', 2);
INSERT INTO officer (jabber, mail, shift, officer_status, premium, rank, salary, person, police_station, usr) VALUES ('jabber', 'black.hornetnikita@gmail.com', 'DAY', 'WAITING', 136, 'OFFICER', 200, 8687511638, 18, 610);
INSERT INTO usr (username, role) VALUES ('611', 2);
INSERT INTO officer (jabber, mail, shift, officer_status, premium, rank, salary, person, police_station, usr) VALUES ('jabber', 'black.hornetnikita@gmail.com', 'NIGHT', 'WAITING', 105, 'CAPTAIN', 900, 2044212778, 18, 611);
INSERT INTO usr (username, role) VALUES ('612', 2);
INSERT INTO officer (jabber, mail, shift, officer_status, premium, rank, salary, person, police_station, usr) VALUES ('jabber', 'black.hornetnikita@gmail.com', 'DAY', 'WAITING', 119, 'CORPORAL', 400, 7824924995, 18, 612);
INSERT INTO usr (username, role) VALUES ('613', 4);
INSERT INTO officer (jabber, mail, shift, officer_status, premium, rank, salary, person, police_station, usr) VALUES ('jabber', 'black.hornetnikita@gmail.com', 'DAY', 'WAITING', 86, 'ADMIN', 300, 9358762085, 19, 613);
INSERT INTO usr (username, role) VALUES ('614', 4);
INSERT INTO officer (jabber, mail, shift, officer_status, premium, rank, salary, person, police_station, usr) VALUES ('jabber', 'black.hornetnikita@gmail.com', 'DAY', 'WAITING', 129, 'ADMIN', 300, 34159993, 19, 614);
INSERT INTO usr (username, role) VALUES ('615', 4);
INSERT INTO officer (jabber, mail, shift, officer_status, premium, rank, salary, person, police_station, usr) VALUES ('jabber', 'black.hornetnikita@gmail.com', 'NIGHT', 'WAITING', 123, 'ADMIN', 300, 8094961350, 19, 615);
INSERT INTO usr (username, role) VALUES ('616', 2);
INSERT INTO officer (jabber, mail, shift, officer_status, premium, rank, salary, person, police_station, usr) VALUES ('jabber', 'black.hornetnikita@gmail.com', 'NIGHT', 'WAITING', 148, 'CORPORAL', 400, 8468578394, 19, 616);
INSERT INTO usr (username, role) VALUES ('617', 2);
INSERT INTO officer (jabber, mail, shift, officer_status, premium, rank, salary, person, police_station, usr) VALUES ('jabber', 'black.hornetnikita@gmail.com', 'NIGHT', 'WAITING', 64, 'OFFICER', 200, 1023815495, 19, 617);
INSERT INTO usr (username, role) VALUES ('618', 2);
INSERT INTO officer (jabber, mail, shift, officer_status, premium, rank, salary, person, police_station, usr) VALUES ('jabber', 'black.hornetnikita@gmail.com', 'DAY', 'WAITING', 87, 'CORPORAL', 400, 4146522622, 19, 618);
INSERT INTO usr (username, role) VALUES ('619', 2);
INSERT INTO officer (jabber, mail, shift, officer_status, premium, rank, salary, person, police_station, usr) VALUES ('jabber', 'black.hornetnikita@gmail.com', 'NIGHT', 'WAITING', 123, 'LIEUTENANT', 800, 9881619009, 19, 619);
INSERT INTO usr (username, role) VALUES ('620', 2);
INSERT INTO officer (jabber, mail, shift, officer_status, premium, rank, salary, person, police_station, usr) VALUES ('jabber', 'black.hornetnikita@gmail.com', 'DAY', 'WAITING', 67, 'CAPTAIN', 900, 5116646368, 19, 620);
INSERT INTO usr (username, role) VALUES ('621', 3);
INSERT INTO officer (jabber, mail, shift, officer_status, premium, rank, salary, person, police_station, usr) VALUES ('jabber', 'black.hornetnikita@gmail.com', 'DAY', 'WAITING', 103, 'DISPATCHER', 500, 8672964049, 19, 621);
INSERT INTO usr (username, role) VALUES ('622', 2);
INSERT INTO officer (jabber, mail, shift, officer_status, premium, rank, salary, person, police_station, usr) VALUES ('jabber', 'black.hornetnikita@gmail.com', 'NIGHT', 'WAITING', 136, 'LIEUTENANT', 800, 2831621837, 19, 622);
INSERT INTO usr (username, role) VALUES ('623', 2);
INSERT INTO officer (jabber, mail, shift, officer_status, premium, rank, salary, person, police_station, usr) VALUES ('jabber', 'black.hornetnikita@gmail.com', 'DAY', 'WAITING', 132, 'CAPTAIN', 900, 2514959038, 19, 623);
INSERT INTO usr (username, role) VALUES ('624', 2);
INSERT INTO officer (jabber, mail, shift, officer_status, premium, rank, salary, person, police_station, usr) VALUES ('jabber', 'black.hornetnikita@gmail.com', 'DAY', 'WAITING', 51, 'DETECTIVE', 600, 6605487649, 19, 624);
INSERT INTO usr (username, role) VALUES ('625', 2);
INSERT INTO officer (jabber, mail, shift, officer_status, premium, rank, salary, person, police_station, usr) VALUES ('jabber', 'black.hornetnikita@gmail.com', 'NIGHT', 'WAITING', 141, 'SERGEANT', 700, 4990146039, 19, 625);
INSERT INTO usr (username, role) VALUES ('626', 2);
INSERT INTO officer (jabber, mail, shift, officer_status, premium, rank, salary, person, police_station, usr) VALUES ('jabber', 'black.hornetnikita@gmail.com', 'DAY', 'WAITING', 65, 'CORPORAL', 400, 8951199094, 19, 626);
INSERT INTO usr (username, role) VALUES ('627', 2);
INSERT INTO officer (jabber, mail, shift, officer_status, premium, rank, salary, person, police_station, usr) VALUES ('jabber', 'black.hornetnikita@gmail.com', 'DAY', 'WAITING', 124, 'LIEUTENANT', 800, 2684178605, 19, 627);
INSERT INTO usr (username, role) VALUES ('628', 2);
INSERT INTO officer (jabber, mail, shift, officer_status, premium, rank, salary, person, police_station, usr) VALUES ('jabber', 'black.hornetnikita@gmail.com', 'DAY', 'WAITING', 132, 'SERGEANT', 700, 1140906171, 19, 628);
INSERT INTO usr (username, role) VALUES ('629', 2);
INSERT INTO officer (jabber, mail, shift, officer_status, premium, rank, salary, person, police_station, usr) VALUES ('jabber', 'black.hornetnikita@gmail.com', 'DAY', 'WAITING', 50, 'CORPORAL', 400, 2035208099, 19, 629);
INSERT INTO usr (username, role) VALUES ('630', 2);
INSERT INTO officer (jabber, mail, shift, officer_status, premium, rank, salary, person, police_station, usr) VALUES ('jabber', 'black.hornetnikita@gmail.com', 'NIGHT', 'WAITING', 99, 'CAPTAIN', 900, 8376225465, 19, 630);
INSERT INTO usr (username, role) VALUES ('631', 2);
INSERT INTO officer (jabber, mail, shift, officer_status, premium, rank, salary, person, police_station, usr) VALUES ('jabber', 'black.hornetnikita@gmail.com', 'DAY', 'WAITING', 121, 'OFFICER', 200, 4480856970, 19, 631);
INSERT INTO usr (username, role) VALUES ('632', 2);
INSERT INTO officer (jabber, mail, shift, officer_status, premium, rank, salary, person, police_station, usr) VALUES ('jabber', 'black.hornetnikita@gmail.com', 'NIGHT', 'WAITING', 101, 'CORPORAL', 400, 3284441166, 19, 632);
INSERT INTO usr (username, role) VALUES ('633', 3);
INSERT INTO officer (jabber, mail, shift, officer_status, premium, rank, salary, person, police_station, usr) VALUES ('jabber', 'black.hornetnikita@gmail.com', 'DAY', 'WAITING', 80, 'DISPATCHER', 500, 5820124332, 19, 633);
INSERT INTO usr (username, role) VALUES ('634', 2);
INSERT INTO officer (jabber, mail, shift, officer_status, premium, rank, salary, person, police_station, usr) VALUES ('jabber', 'black.hornetnikita@gmail.com', 'DAY', 'WAITING', 80, 'OFFICER', 200, 3905691783, 19, 634);
INSERT INTO usr (username, role) VALUES ('635', 2);
INSERT INTO officer (jabber, mail, shift, officer_status, premium, rank, salary, person, police_station, usr) VALUES ('jabber', 'black.hornetnikita@gmail.com', 'DAY', 'WAITING', 133, 'DETECTIVE', 600, 8508923097, 19, 635);
INSERT INTO usr (username, role) VALUES ('636', 2);
INSERT INTO officer (jabber, mail, shift, officer_status, premium, rank, salary, person, police_station, usr) VALUES ('jabber', 'black.hornetnikita@gmail.com', 'DAY', 'WAITING', 83, 'CORPORAL', 400, 397553590, 19, 636);
INSERT INTO usr (username, role) VALUES ('637', 2);
INSERT INTO officer (jabber, mail, shift, officer_status, premium, rank, salary, person, police_station, usr) VALUES ('jabber', 'black.hornetnikita@gmail.com', 'DAY', 'WAITING', 116, 'DETECTIVE', 600, 7503175263, 19, 637);
INSERT INTO usr (username, role) VALUES ('638', 2);
INSERT INTO officer (jabber, mail, shift, officer_status, premium, rank, salary, person, police_station, usr) VALUES ('jabber', 'black.hornetnikita@gmail.com', 'DAY', 'WAITING', 120, 'CORPORAL', 400, 8206233439, 19, 638);
INSERT INTO usr (username, role) VALUES ('639', 2);
INSERT INTO officer (jabber, mail, shift, officer_status, premium, rank, salary, person, police_station, usr) VALUES ('jabber', 'black.hornetnikita@gmail.com', 'DAY', 'WAITING', 140, 'OFFICER', 200, 5053965678, 19, 639);
INSERT INTO usr (username, role) VALUES ('640', 2);
INSERT INTO officer (jabber, mail, shift, officer_status, premium, rank, salary, person, police_station, usr) VALUES ('jabber', 'black.hornetnikita@gmail.com', 'DAY', 'WAITING', 77, 'CAPTAIN', 900, 8647471382, 19, 640);
INSERT INTO usr (username, role) VALUES ('641', 2);
INSERT INTO officer (jabber, mail, shift, officer_status, premium, rank, salary, person, police_station, usr) VALUES ('jabber', 'black.hornetnikita@gmail.com', 'DAY', 'WAITING', 92, 'SERGEANT', 700, 2595112395, 19, 641);
INSERT INTO usr (username, role) VALUES ('642', 3);
INSERT INTO officer (jabber, mail, shift, officer_status, premium, rank, salary, person, police_station, usr) VALUES ('jabber', 'black.hornetnikita@gmail.com', 'DAY', 'WAITING', 130, 'DISPATCHER', 500, 526983076, 19, 642);
INSERT INTO usr (username, role) VALUES ('643', 2);
INSERT INTO officer (jabber, mail, shift, officer_status, premium, rank, salary, person, police_station, usr) VALUES ('jabber', 'black.hornetnikita@gmail.com', 'DAY', 'WAITING', 57, 'CAPTAIN', 900, 954121792, 19, 643);
INSERT INTO usr (username, role) VALUES ('644', 3);
INSERT INTO officer (jabber, mail, shift, officer_status, premium, rank, salary, person, police_station, usr) VALUES ('jabber', 'black.hornetnikita@gmail.com', 'DAY', 'WAITING', 87, 'DISPATCHER', 500, 1510393294, 19, 644);
INSERT INTO usr (username, role) VALUES ('645', 2);
INSERT INTO officer (jabber, mail, shift, officer_status, premium, rank, salary, person, police_station, usr) VALUES ('jabber', 'black.hornetnikita@gmail.com', 'DAY', 'WAITING', 121, 'DETECTIVE', 600, 2981442342, 19, 645);
INSERT INTO usr (username, role) VALUES ('646', 2);
INSERT INTO officer (jabber, mail, shift, officer_status, premium, rank, salary, person, police_station, usr) VALUES ('jabber', 'black.hornetnikita@gmail.com', 'DAY', 'WAITING', 71, 'DETECTIVE', 600, 421940327, 19, 646);

INSERT INTO crime (description, type, crime_location, criminal) VALUES ('random crime description', 'VIOLENT_CRIME', 192, 7424104528);
INSERT INTO crime (description, type, crime_location, criminal) VALUES ('random crime description', 'TERRORISM', 984, 355032578);
INSERT INTO crime (description, type, crime_location, criminal) VALUES ('random crime description', 'VIOLENT_CRIME', 1168, 1961654565);
INSERT INTO crime (description, type, crime_location, criminal) VALUES ('random crime description', 'ANTISOCIAL_BEHAVIOR', 1183, 8253621343);
INSERT INTO crime (description, type, crime_location, criminal) VALUES ('random crime description', 'VIOLENT_CRIME', 980, 102865803);
INSERT INTO crime (description, type, crime_location, criminal) VALUES ('random crime description', 'DOMESTIC_ABUSE', 1994, 582164074);
INSERT INTO crime (description, type, crime_location, criminal) VALUES ('random crime description', 'ANTISOCIAL_BEHAVIOR', 368, 736868960);
INSERT INTO crime (description, type, crime_location, criminal) VALUES ('random crime description', 'VIOLENT_CRIME', 617, 3622311063);
INSERT INTO crime (description, type, crime_location, criminal) VALUES ('random crime description', 'RAPE', 1333, 2290622339);
INSERT INTO crime (description, type, crime_location, criminal) VALUES ('random crime description', 'ANTISOCIAL_BEHAVIOR', 727, 9116295380);
INSERT INTO crime (description, type, crime_location, criminal) VALUES ('random crime description', 'VIOLENT_CRIME', 1892, 3643233202);
INSERT INTO crime (description, type, crime_location, criminal) VALUES ('random crime description', 'MURDER', 1731, 2572785654);
INSERT INTO crime (description, type, crime_location, criminal) VALUES ('random crime description', 'VIOLENT_CRIME', 13, 940967560);
INSERT INTO crime (description, type, crime_location, criminal) VALUES ('random crime description', 'ARSON', 1502, 5884900217);
INSERT INTO crime (description, type, crime_location, criminal) VALUES ('random crime description', 'DOMESTIC_ABUSE', 1789, 7830305267);
INSERT INTO crime (description, type, crime_location, criminal) VALUES ('random crime description', 'ARSON', 1110, 2374591151);
INSERT INTO crime (description, type, crime_location, criminal) VALUES ('random crime description', 'VIOLENT_CRIME', 330, 1804514284);
INSERT INTO crime (description, type, crime_location, criminal) VALUES ('random crime description', 'ANTISOCIAL_BEHAVIOR', 1882, 3659574090);
INSERT INTO crime (description, type, crime_location, criminal) VALUES ('random crime description', 'VIOLENT_CRIME', 1058, 2141582864);
INSERT INTO crime (description, type, crime_location, criminal) VALUES ('random crime description', 'DOMESTIC_ABUSE', 1959, 8790353950);
INSERT INTO crime (description, type, crime_location, criminal) VALUES ('random crime description', 'VIOLENT_CRIME', 851, 6361984395);
INSERT INTO crime (description, type, crime_location, criminal) VALUES ('random crime description', 'ARSON', 933, 4647331398);
INSERT INTO crime (description, type, crime_location, criminal) VALUES ('random crime description', 'DOMESTIC_ABUSE', 1211, 5755799993);
INSERT INTO crime (description, type, crime_location, criminal) VALUES ('random crime description', 'DOMESTIC_ABUSE', 975, 9354385318);
INSERT INTO crime (description, type, crime_location, criminal) VALUES ('random crime description', 'CHILDHOOD_ABUSE', 1648, 64726476);
INSERT INTO crime (description, type, crime_location, criminal) VALUES ('random crime description', 'ROBBERY', 861, 7451195468);
INSERT INTO crime (description, type, crime_location, criminal) VALUES ('random crime description', 'MURDER', 458, 7412563000);
INSERT INTO crime (description, type, crime_location, criminal) VALUES ('random crime description', 'ANTISOCIAL_BEHAVIOR', 953, 6172223292);
INSERT INTO crime (description, type, crime_location, criminal) VALUES ('random crime description', 'ARSON', 929, 8307940777);
INSERT INTO crime (description, type, crime_location, criminal) VALUES ('random crime description', 'CHILDHOOD_ABUSE', 422, 2993944098);
INSERT INTO crime (description, type, crime_location, criminal) VALUES ('random crime description', 'ANTISOCIAL_BEHAVIOR', 628, 1231946873);
INSERT INTO crime (description, type, crime_location, criminal) VALUES ('random crime description', 'ROBBERY', 810, 5953682041);
INSERT INTO crime (description, type, crime_location, criminal) VALUES ('random crime description', 'ARSON', 786, 9452810389);
INSERT INTO crime (description, type, crime_location, criminal) VALUES ('random crime description', 'ARSON', 1966, 48477594);
INSERT INTO crime (description, type, crime_location, criminal) VALUES ('random crime description', 'ROBBERY', 1313, 272298353);
INSERT INTO crime (description, type, crime_location, criminal) VALUES ('random crime description', 'RAPE', 761, 4935251734);
INSERT INTO crime (description, type, crime_location, criminal) VALUES ('random crime description', 'FRAUD', 1690, 2716756449);
INSERT INTO crime (description, type, crime_location, criminal) VALUES ('random crime description', 'VIOLENT_CRIME', 1057, 7903971304);
INSERT INTO crime (description, type, crime_location, criminal) VALUES ('random crime description', 'TERRORISM', 1435, 3495205429);
INSERT INTO crime (description, type, crime_location, criminal) VALUES ('random crime description', 'ANTISOCIAL_BEHAVIOR', 1717, 2843109891);
INSERT INTO crime (description, type, crime_location, criminal) VALUES ('random crime description', 'DOMESTIC_ABUSE', 435, 1212898808);
INSERT INTO crime (description, type, crime_location, criminal) VALUES ('random crime description', 'MURDER', 479, 7945570194);
INSERT INTO crime (description, type, crime_location, criminal) VALUES ('random crime description', 'CHILDHOOD_ABUSE', 295, 501664277);
INSERT INTO crime (description, type, crime_location, criminal) VALUES ('random crime description', 'ROBBERY', 1153, 5384253768);
INSERT INTO crime (description, type, crime_location, criminal) VALUES ('random crime description', 'HATE_CRIME', 1234, 7359295937);
INSERT INTO crime (description, type, crime_location, criminal) VALUES ('random crime description', 'HATE_CRIME', 1158, 8904648159);
INSERT INTO crime (description, type, crime_location, criminal) VALUES ('random crime description', 'VIOLENT_CRIME', 572, 2417288274);
INSERT INTO crime (description, type, crime_location, criminal) VALUES ('random crime description', 'HATE_CRIME', 844, 8943921304);
INSERT INTO crime (description, type, crime_location, criminal) VALUES ('random crime description', 'FRAUD', 375, 2095840531);
INSERT INTO crime (description, type, crime_location, criminal) VALUES ('random crime description', 'RAPE', 1876, 821688229);
INSERT INTO crime (description, type, crime_location, criminal) VALUES ('random crime description', 'ANTISOCIAL_BEHAVIOR', 1246, 7659461824);
INSERT INTO crime (description, type, crime_location, criminal) VALUES ('random crime description', 'VIOLENT_CRIME', 108, 497694213);
INSERT INTO crime (description, type, crime_location, criminal) VALUES ('random crime description', 'ANTISOCIAL_BEHAVIOR', 1278, 2382972256);
INSERT INTO crime (description, type, crime_location, criminal) VALUES ('random crime description', 'ANTISOCIAL_BEHAVIOR', 1818, 9046475373);
INSERT INTO crime (description, type, crime_location, criminal) VALUES ('random crime description', 'TERRORISM', 662, 756727951);
INSERT INTO crime (description, type, crime_location, criminal) VALUES ('random crime description', 'ANTISOCIAL_BEHAVIOR', 528, 3419441375);
INSERT INTO crime (description, type, crime_location, criminal) VALUES ('random crime description', 'ARSON', 1568, 8531248434);
INSERT INTO crime (description, type, crime_location, criminal) VALUES ('random crime description', 'CHILDHOOD_ABUSE', 96, 4886116530);
INSERT INTO crime (description, type, crime_location, criminal) VALUES ('random crime description', 'ANTISOCIAL_BEHAVIOR', 514, 339522899);
INSERT INTO crime (description, type, crime_location, criminal) VALUES ('random crime description', 'FRAUD', 603, 7174395014);
INSERT INTO crime (description, type, crime_location, criminal) VALUES ('random crime description', 'DOMESTIC_ABUSE', 1782, 189521235);
INSERT INTO crime (description, type, crime_location, criminal) VALUES ('random crime description', 'MURDER', 2022, 5213390504);
INSERT INTO crime (description, type, crime_location, criminal) VALUES ('random crime description', 'RAPE', 472, 820435404);
INSERT INTO crime (description, type, crime_location, criminal) VALUES ('random crime description', 'CHILDHOOD_ABUSE', 1289, 9006330446);
INSERT INTO crime (description, type, crime_location, criminal) VALUES ('random crime description', 'HATE_CRIME', 106, 2107105819);
INSERT INTO crime (description, type, crime_location, criminal) VALUES ('random crime description', 'MURDER', 1558, 4907888817);
INSERT INTO crime (description, type, crime_location, criminal) VALUES ('random crime description', 'VIOLENT_CRIME', 278, 5965896946);
INSERT INTO crime (description, type, crime_location, criminal) VALUES ('random crime description', 'DOMESTIC_ABUSE', 355, 6246580104);
INSERT INTO crime (description, type, crime_location, criminal) VALUES ('random crime description', 'ROBBERY', 2038, 4817738280);
INSERT INTO crime (description, type, crime_location, criminal) VALUES ('random crime description', 'MURDER', 911, 9723662216);
INSERT INTO crime (description, type, crime_location, criminal) VALUES ('random crime description', 'VIOLENT_CRIME', 1956, 4357431880);
INSERT INTO crime (description, type, crime_location, criminal) VALUES ('random crime description', 'ANTISOCIAL_BEHAVIOR', 439, 1829565983);
INSERT INTO crime (description, type, crime_location, criminal) VALUES ('random crime description', 'ROBBERY', 252, 3445255998);
INSERT INTO crime (description, type, crime_location, criminal) VALUES ('random crime description', 'RAPE', 497, 797428639);
INSERT INTO crime (description, type, crime_location, criminal) VALUES ('random crime description', 'MURDER', 648, 999167667);
INSERT INTO crime (description, type, crime_location, criminal) VALUES ('random crime description', 'TERRORISM', 790, 1492454783);
INSERT INTO crime (description, type, crime_location, criminal) VALUES ('random crime description', 'ANTISOCIAL_BEHAVIOR', 957, 3013352877);
INSERT INTO crime (description, type, crime_location, criminal) VALUES ('random crime description', 'ROBBERY', 774, 6557674968);
INSERT INTO crime (description, type, crime_location, criminal) VALUES ('random crime description', 'FRAUD', 1254, 9867701196);
INSERT INTO crime (description, type, crime_location, criminal) VALUES ('random crime description', 'DOMESTIC_ABUSE', 225, 1065483411);
INSERT INTO crime (description, type, crime_location, criminal) VALUES ('random crime description', 'DOMESTIC_ABUSE', 803, 295334567);
INSERT INTO crime (description, type, crime_location, criminal) VALUES ('random crime description', 'ROBBERY', 1497, 345105498);
INSERT INTO crime (description, type, crime_location, criminal) VALUES ('random crime description', 'ROBBERY', 1424, 64794828);
INSERT INTO crime (description, type, crime_location, criminal) VALUES ('random crime description', 'HATE_CRIME', 665, 7193147962);
INSERT INTO crime (description, type, crime_location, criminal) VALUES ('random crime description', 'VIOLENT_CRIME', 25, 8287415402);
INSERT INTO crime (description, type, crime_location, criminal) VALUES ('random crime description', 'ANTISOCIAL_BEHAVIOR', 770, 2335807914);
INSERT INTO crime (description, type, crime_location, criminal) VALUES ('random crime description', 'ROBBERY', 908, 4434399646);
INSERT INTO crime (description, type, crime_location, criminal) VALUES ('random crime description', 'CHILDHOOD_ABUSE', 1359, 8229240329);
INSERT INTO crime (description, type, crime_location, criminal) VALUES ('random crime description', 'HATE_CRIME', 1349, 2529351441);
INSERT INTO crime (description, type, crime_location, criminal) VALUES ('random crime description', 'FRAUD', 1937, 4080572133);
INSERT INTO crime (description, type, crime_location, criminal) VALUES ('random crime description', 'CHILDHOOD_ABUSE', 31, 897682545);
INSERT INTO crime (description, type, crime_location, criminal) VALUES ('random crime description', 'DOMESTIC_ABUSE', 1458, 1328616252);
INSERT INTO crime (description, type, crime_location, criminal) VALUES ('random crime description', 'ANTISOCIAL_BEHAVIOR', 674, 5149352526);
INSERT INTO crime (description, type, crime_location, criminal) VALUES ('random crime description', 'RAPE', 486, 5423511017);
INSERT INTO crime (description, type, crime_location, criminal) VALUES ('random crime description', 'CHILDHOOD_ABUSE', 1488, 3915225287);
INSERT INTO crime (description, type, crime_location, criminal) VALUES ('random crime description', 'FRAUD', 1151, 3942203007);
INSERT INTO crime (description, type, crime_location, criminal) VALUES ('random crime description', 'ROBBERY', 30, 6589758467);
INSERT INTO crime (description, type, crime_location, criminal) VALUES ('random crime description', 'VIOLENT_CRIME', 639, 9149861924);
INSERT INTO crime (description, type, crime_location, criminal) VALUES ('random crime description', 'CHILDHOOD_ABUSE', 1204, 8678683381);
INSERT INTO crime (description, type, crime_location, criminal) VALUES ('random crime description', 'ARSON', 1134, 6288802159);

INSERT INTO call (description, status, time, call_location, dispatcher) VALUES ('random call description', 'FINISHED', TIMESTAMP '2016-12-13 3:43:2', 703.0, 536); 
INSERT INTO call (description, status, time, call_location, dispatcher) VALUES ('random call description', 'FINISHED', TIMESTAMP '2017-6-5 21:39:57', 1554.0, 363); 
INSERT INTO call (description, status, time, call_location, dispatcher) VALUES ('random call description', 'FINISHED', TIMESTAMP '2017-6-5 4:33:31', 1730.0, 256); 
INSERT INTO call (description, status, time, call_location, dispatcher) VALUES ('random call description', 'FINISHED', TIMESTAMP '2016-6-10 0:33:3', 1405.0, 417); 
INSERT INTO call (description, status, time, call_location, dispatcher) VALUES ('random call description', 'FINISHED', TIMESTAMP '2017-7-9 2:19:49', 1694.0, 396); 
INSERT INTO call (description, status, time, call_location, dispatcher) VALUES ('random call description', 'FINISHED', TIMESTAMP '2016-11-28 0:49:12', 1261.0, 394); 
INSERT INTO call (description, status, time, call_location, dispatcher) VALUES ('random call description', 'FINISHED', TIMESTAMP '2017-7-22 10:6:23', 1387.0, 29); 
INSERT INTO call (description, status, time, call_location, dispatcher) VALUES ('random call description', 'FINISHED', TIMESTAMP '2016-11-4 20:20:16', 928.0, 214); 
INSERT INTO call (description, status, time, call_location, dispatcher) VALUES ('random call description', 'FINISHED', TIMESTAMP '2017-3-19 15:42:39', 729.0, 86); 
INSERT INTO call (description, status, time, call_location, dispatcher) VALUES ('random call description', 'FINISHED', TIMESTAMP '2017-9-26 22:45:50', 45.0, 29); 
INSERT INTO call (description, status, time, call_location, dispatcher) VALUES ('random call description', 'FINISHED', TIMESTAMP '2016-12-23 22:8:48', 1096.0, 15); 
INSERT INTO call (description, status, time, call_location, dispatcher) VALUES ('random call description', 'FINISHED', TIMESTAMP '2016-7-18 12:51:59', 1711.0, 538); 
INSERT INTO call (description, status, time, call_location, dispatcher) VALUES ('random call description', 'FINISHED', TIMESTAMP '2016-9-4 18:3:48', 1040.0, 378); 
INSERT INTO call (description, status, time, call_location, dispatcher) VALUES ('random call description', 'FINISHED', TIMESTAMP '2017-6-30 12:47:7', 321.0, 182); 
INSERT INTO call (description, status, time, call_location, dispatcher) VALUES ('random call description', 'FINISHED', TIMESTAMP '2017-4-2 10:42:20', 1037.0, 368); 
INSERT INTO call (description, status, time, call_location, dispatcher) VALUES ('random call description', 'FINISHED', TIMESTAMP '2017-12-26 9:18:8', 1599.0, 23); 
INSERT INTO call (description, status, time, call_location, dispatcher) VALUES ('random call description', 'FINISHED', TIMESTAMP '2017-4-17 13:0:23', 102.0, 595); 
INSERT INTO call (description, status, time, call_location, dispatcher) VALUES ('random call description', 'FINISHED', TIMESTAMP '2017-2-9 21:16:42', 2000.0, 586); 
INSERT INTO call (description, status, time, call_location, dispatcher) VALUES ('random call description', 'FINISHED', TIMESTAMP '2016-5-10 14:44:44', 374.0, 406); 
INSERT INTO call (description, status, time, call_location, dispatcher) VALUES ('random call description', 'FINISHED', TIMESTAMP '2017-8-22 4:41:26', 2005.0, 483); 
INSERT INTO call (description, status, time, call_location, dispatcher) VALUES ('random call description', 'FINISHED', TIMESTAMP '2017-10-2 22:29:34', 737.0, 345); 
INSERT INTO call (description, status, time, call_location, dispatcher) VALUES ('random call description', 'FINISHED', TIMESTAMP '2016-9-27 16:45:33', 626.0, 519); 
INSERT INTO call (description, status, time, call_location, dispatcher) VALUES ('random call description', 'FINISHED', TIMESTAMP '2016-7-18 16:2:28', 1185.0, 338); 
INSERT INTO call (description, status, time, call_location, dispatcher) VALUES ('random call description', 'FINISHED', TIMESTAMP '2017-3-4 20:9:5', 481.0, 395); 
INSERT INTO call (description, status, time, call_location, dispatcher) VALUES ('random call description', 'FINISHED', TIMESTAMP '2017-12-25 4:41:46', 1260.0, 324); 
INSERT INTO call (description, status, time, call_location, dispatcher) VALUES ('random call description', 'FINISHED', TIMESTAMP '2017-9-24 12:49:22', 7.0, 536); 
INSERT INTO call (description, status, time, call_location, dispatcher) VALUES ('random call description', 'FINISHED', TIMESTAMP '2017-4-27 18:13:28', 1461.0, 272); 
INSERT INTO call (description, status, time, call_location, dispatcher) VALUES ('random call description', 'FINISHED', TIMESTAMP '2017-9-5 5:49:38', 135.0, 155); 
INSERT INTO call (description, status, time, call_location, dispatcher) VALUES ('random call description', 'FINISHED', TIMESTAMP '2016-10-14 5:39:26', 437.0, 56); 
INSERT INTO call (description, status, time, call_location, dispatcher) VALUES ('random call description', 'FINISHED', TIMESTAMP '2016-8-11 13:52:38', 306.0, 536); 
INSERT INTO call (description, status, time, call_location, dispatcher) VALUES ('random call description', 'FINISHED', TIMESTAMP '2016-9-3 18:0:2', 1751.0, 144); 
INSERT INTO call (description, status, time, call_location, dispatcher) VALUES ('random call description', 'FINISHED', TIMESTAMP '2017-5-7 7:57:45', 210.0, 368); 
INSERT INTO call (description, status, time, call_location, dispatcher) VALUES ('random call description', 'FINISHED', TIMESTAMP '2017-10-26 8:16:22', 584.0, 508); 
INSERT INTO call (description, status, time, call_location, dispatcher) VALUES ('random call description', 'FINISHED', TIMESTAMP '2016-5-8 14:54:31', 1832.0, 158); 
INSERT INTO call (description, status, time, call_location, dispatcher) VALUES ('random call description', 'FINISHED', TIMESTAMP '2016-12-9 6:13:17', 946.0, 609); 
INSERT INTO call (description, status, time, call_location, dispatcher) VALUES ('random call description', 'FINISHED', TIMESTAMP '2016-12-28 8:24:22', 1714.0, 220); 
INSERT INTO call (description, status, time, call_location, dispatcher) VALUES ('random call description', 'FINISHED', TIMESTAMP '2016-10-22 4:21:22', 1978.0, 633); 
INSERT INTO call (description, status, time, call_location, dispatcher) VALUES ('random call description', 'FINISHED', TIMESTAMP '2016-6-12 15:29:5', 706.0, 190); 
INSERT INTO call (description, status, time, call_location, dispatcher) VALUES ('random call description', 'FINISHED', TIMESTAMP '2016-4-16 21:12:59', 1528.0, 396); 
INSERT INTO call (description, status, time, call_location, dispatcher) VALUES ('random call description', 'FINISHED', TIMESTAMP '2017-6-3 3:49:45', 1573.0, 297); 
INSERT INTO call (description, status, time, call_location, dispatcher) VALUES ('random call description', 'FINISHED', TIMESTAMP '2016-6-14 5:57:29', 869.0, 412); 
INSERT INTO call (description, status, time, call_location, dispatcher) VALUES ('random call description', 'FINISHED', TIMESTAMP '2017-6-28 8:55:18', 348.0, 164); 
INSERT INTO call (description, status, time, call_location, dispatcher) VALUES ('random call description', 'FINISHED', TIMESTAMP '2016-2-8 0:22:6', 1750.0, 538); 
INSERT INTO call (description, status, time, call_location, dispatcher) VALUES ('random call description', 'FINISHED', TIMESTAMP '2016-7-22 19:48:20', 1132.0, 155); 
INSERT INTO call (description, status, time, call_location, dispatcher) VALUES ('random call description', 'FINISHED', TIMESTAMP '2016-11-23 16:30:8', 1116.0, 15); 
INSERT INTO call (description, status, time, call_location, dispatcher) VALUES ('random call description', 'FINISHED', TIMESTAMP '2017-5-16 12:58:43', 1867.0, 416); 
INSERT INTO call (description, status, time, call_location, dispatcher) VALUES ('random call description', 'FINISHED', TIMESTAMP '2017-8-28 4:11:49', 1268.0, 313); 
INSERT INTO call (description, status, time, call_location, dispatcher) VALUES ('random call description', 'FINISHED', TIMESTAMP '2016-9-14 5:19:51', 1684.0, 23); 
INSERT INTO call (description, status, time, call_location, dispatcher) VALUES ('random call description', 'FINISHED', TIMESTAMP '2016-4-28 4:12:55', 1336.0, 324); 
INSERT INTO call (description, status, time, call_location, dispatcher) VALUES ('random call description', 'FINISHED', TIMESTAMP '2016-8-18 15:1:39', 1664.0, 96); 
INSERT INTO call (description, status, time, call_location, dispatcher) VALUES ('random call description', 'FINISHED', TIMESTAMP '2016-7-26 11:53:22', 1958.0, 416); 
INSERT INTO call (description, status, time, call_location, dispatcher) VALUES ('random call description', 'FINISHED', TIMESTAMP '2016-3-6 0:8:52', 964.0, 15); 
INSERT INTO call (description, status, time, call_location, dispatcher) VALUES ('random call description', 'FINISHED', TIMESTAMP '2017-12-16 23:3:43', 1023.0, 368); 
INSERT INTO call (description, status, time, call_location, dispatcher) VALUES ('random call description', 'FINISHED', TIMESTAMP '2017-2-3 0:39:22', 1589.0, 86); 
INSERT INTO call (description, status, time, call_location, dispatcher) VALUES ('random call description', 'FINISHED', TIMESTAMP '2017-7-29 14:52:26', 163.0, 383); 
INSERT INTO call (description, status, time, call_location, dispatcher) VALUES ('random call description', 'FINISHED', TIMESTAMP '2017-2-8 0:9:36', 1516.0, 56); 
INSERT INTO call (description, status, time, call_location, dispatcher) VALUES ('random call description', 'FINISHED', TIMESTAMP '2016-11-14 21:46:57', 675.0, 436); 
INSERT INTO call (description, status, time, call_location, dispatcher) VALUES ('random call description', 'FINISHED', TIMESTAMP '2017-12-30 10:8:38', 1328.0, 47); 
INSERT INTO call (description, status, time, call_location, dispatcher) VALUES ('random call description', 'FINISHED', TIMESTAMP '2017-1-13 14:34:52', 1528.0, 460); 
INSERT INTO call (description, status, time, call_location, dispatcher) VALUES ('random call description', 'FINISHED', TIMESTAMP '2016-1-27 21:17:21', 596.0, 218); 
INSERT INTO call (description, status, time, call_location, dispatcher) VALUES ('random call description', 'FINISHED', TIMESTAMP '2017-2-18 20:46:34', 1619.0, 644); 
INSERT INTO call (description, status, time, call_location, dispatcher) VALUES ('random call description', 'FINISHED', TIMESTAMP '2017-10-15 13:40:45', 451.0, 412); 
INSERT INTO call (description, status, time, call_location, dispatcher) VALUES ('random call description', 'FINISHED', TIMESTAMP '2016-12-20 14:38:14', 134.0, 644); 
INSERT INTO call (description, status, time, call_location, dispatcher) VALUES ('random call description', 'FINISHED', TIMESTAMP '2017-7-1 5:43:55', 796.0, 214); 
INSERT INTO call (description, status, time, call_location, dispatcher) VALUES ('random call description', 'FINISHED', TIMESTAMP '2017-7-26 16:0:11', 102.0, 538); 
INSERT INTO call (description, status, time, call_location, dispatcher) VALUES ('random call description', 'FINISHED', TIMESTAMP '2017-1-24 12:55:3', 1021.0, 164); 
INSERT INTO call (description, status, time, call_location, dispatcher) VALUES ('random call description', 'FINISHED', TIMESTAMP '2016-5-2 5:12:47', 753.0, 86); 
INSERT INTO call (description, status, time, call_location, dispatcher) VALUES ('random call description', 'FINISHED', TIMESTAMP '2017-3-9 6:47:48', 1715.0, 642); 
INSERT INTO call (description, status, time, call_location, dispatcher) VALUES ('random call description', 'FINISHED', TIMESTAMP '2016-6-30 13:22:5', 983.0, 78); 
INSERT INTO call (description, status, time, call_location, dispatcher) VALUES ('random call description', 'FINISHED', TIMESTAMP '2017-2-5 14:15:45', 1363.0, 143); 
INSERT INTO call (description, status, time, call_location, dispatcher) VALUES ('random call description', 'FINISHED', TIMESTAMP '2016-9-6 12:42:8', 216.0, 29); 
INSERT INTO call (description, status, time, call_location, dispatcher) VALUES ('random call description', 'FINISHED', TIMESTAMP '2016-4-2 22:34:3', 1635.0, 213); 
INSERT INTO call (description, status, time, call_location, dispatcher) VALUES ('random call description', 'FINISHED', TIMESTAMP '2017-2-21 16:1:45', 62.0, 179); 
INSERT INTO call (description, status, time, call_location, dispatcher) VALUES ('random call description', 'FINISHED', TIMESTAMP '2017-12-6 12:36:12', 1516.0, 86); 
INSERT INTO call (description, status, time, call_location, dispatcher) VALUES ('random call description', 'FINISHED', TIMESTAMP '2016-12-22 23:53:0', 1570.0, 508); 
INSERT INTO call (description, status, time, call_location, dispatcher) VALUES ('random call description', 'FINISHED', TIMESTAMP '2016-12-19 20:5:13', 1260.0, 378); 
INSERT INTO call (description, status, time, call_location, dispatcher) VALUES ('random call description', 'FINISHED', TIMESTAMP '2017-12-12 12:15:22', 687.0, 406); 
INSERT INTO call (description, status, time, call_location, dispatcher) VALUES ('random call description', 'FINISHED', TIMESTAMP '2016-3-30 17:59:52', 933.0, 325); 
INSERT INTO call (description, status, time, call_location, dispatcher) VALUES ('random call description', 'FINISHED', TIMESTAMP '2016-4-5 17:51:33', 551.0, 368); 
INSERT INTO call (description, status, time, call_location, dispatcher) VALUES ('random call description', 'FINISHED', TIMESTAMP '2016-2-11 22:50:50', 1957.0, 538); 
INSERT INTO call (description, status, time, call_location, dispatcher) VALUES ('random call description', 'FINISHED', TIMESTAMP '2017-8-23 5:57:2', 1054.0, 164); 
INSERT INTO call (description, status, time, call_location, dispatcher) VALUES ('random call description', 'FINISHED', TIMESTAMP '2016-9-6 3:6:20', 54.0, 345); 
INSERT INTO call (description, status, time, call_location, dispatcher) VALUES ('random call description', 'FINISHED', TIMESTAMP '2017-2-24 4:38:26', 884.0, 482); 
INSERT INTO call (description, status, time, call_location, dispatcher) VALUES ('random call description', 'FINISHED', TIMESTAMP '2017-2-14 19:1:42', 111.0, 633); 
INSERT INTO call (description, status, time, call_location, dispatcher) VALUES ('random call description', 'FINISHED', TIMESTAMP '2016-8-16 12:57:10', 1275.0, 220); 
INSERT INTO call (description, status, time, call_location, dispatcher) VALUES ('random call description', 'FINISHED', TIMESTAMP '2017-5-23 6:0:40', 1029.0, 436); 
INSERT INTO call (description, status, time, call_location, dispatcher) VALUES ('random call description', 'FINISHED', TIMESTAMP '2017-1-29 0:58:18', 1342.0, 152); 
INSERT INTO call (description, status, time, call_location, dispatcher) VALUES ('random call description', 'FINISHED', TIMESTAMP '2016-10-1 20:2:10', 1121.0, 288); 
INSERT INTO call (description, status, time, call_location, dispatcher) VALUES ('random call description', 'FINISHED', TIMESTAMP '2017-2-4 14:34:59', 1174.0, 483); 
INSERT INTO call (description, status, time, call_location, dispatcher) VALUES ('random call description', 'FINISHED', TIMESTAMP '2017-5-6 7:34:14', 360.0, 600); 
INSERT INTO call (description, status, time, call_location, dispatcher) VALUES ('random call description', 'FINISHED', TIMESTAMP '2016-12-25 18:33:55', 281.0, 482); 
INSERT INTO call (description, status, time, call_location, dispatcher) VALUES ('random call description', 'FINISHED', TIMESTAMP '2016-6-3 4:21:28', 1173.0, 338); 
INSERT INTO call (description, status, time, call_location, dispatcher) VALUES ('random call description', 'FINISHED', TIMESTAMP '2017-6-24 4:25:32', 1177.0, 214); 
INSERT INTO call (description, status, time, call_location, dispatcher) VALUES ('random call description', 'FINISHED', TIMESTAMP '2017-9-30 15:56:50', 44.0, 86); 
INSERT INTO call (description, status, time, call_location, dispatcher) VALUES ('random call description', 'FINISHED', TIMESTAMP '2016-10-21 18:19:1', 972.0, 430); 
INSERT INTO call (description, status, time, call_location, dispatcher) VALUES ('random call description', 'FINISHED', TIMESTAMP '2017-5-3 19:59:14', 1873.0, 214); 
INSERT INTO call (description, status, time, call_location, dispatcher) VALUES ('random call description', 'FINISHED', TIMESTAMP '2017-7-2 6:44:40', 1876.0, 56); 
INSERT INTO call (description, status, time, call_location, dispatcher) VALUES ('random call description', 'FINISHED', TIMESTAMP '2016-12-9 5:19:1', 1185.0, 78); 
INSERT INTO call (description, status, time, call_location, dispatcher) VALUES ('random call description', 'FINISHED', TIMESTAMP '2016-12-14 17:18:2', 1902.0, 595); 
INSERT INTO call (description, status, time, call_location, dispatcher) VALUES ('random call description', 'FINISHED', TIMESTAMP '2017-2-2 3:0:17', 1648.0, 468); 

INSERT INTO call_officer VALUES (1, 405); 
INSERT INTO call_officer VALUES (1, 244); 
INSERT INTO call_officer VALUES (1, 421); 
INSERT INTO call_officer VALUES (1, 380); 
INSERT INTO call_officer VALUES (1, 303); 
INSERT INTO call_officer VALUES (2, 185); 
INSERT INTO call_officer VALUES (2, 534); 
INSERT INTO call_officer VALUES (2, 94); 
INSERT INTO call_officer VALUES (3, 470); 
INSERT INTO call_officer VALUES (3, 19); 
INSERT INTO call_officer VALUES (3, 37); 
INSERT INTO call_officer VALUES (3, 229); 
INSERT INTO call_officer VALUES (4, 459); 
INSERT INTO call_officer VALUES (4, 130); 
INSERT INTO call_officer VALUES (4, 377); 
INSERT INTO call_officer VALUES (4, 593); 
INSERT INTO call_officer VALUES (4, 295); 
INSERT INTO call_officer VALUES (5, 380); 
INSERT INTO call_officer VALUES (6, 459); 
INSERT INTO call_officer VALUES (7, 316); 
INSERT INTO call_officer VALUES (7, 427); 
INSERT INTO call_officer VALUES (7, 382); 
INSERT INTO call_officer VALUES (7, 33); 
INSERT INTO call_officer VALUES (7, 429); 
INSERT INTO call_officer VALUES (8, 446); 
INSERT INTO call_officer VALUES (8, 75); 
INSERT INTO call_officer VALUES (8, 75); 
INSERT INTO call_officer VALUES (8, 422); 
INSERT INTO call_officer VALUES (8, 222); 
INSERT INTO call_officer VALUES (9, 498); 
INSERT INTO call_officer VALUES (10, 388); 
INSERT INTO call_officer VALUES (10, 397); 
INSERT INTO call_officer VALUES (10, 488); 
INSERT INTO call_officer VALUES (10, 217); 
INSERT INTO call_officer VALUES (11, 260); 
INSERT INTO call_officer VALUES (11, 121); 
INSERT INTO call_officer VALUES (12, 385); 
INSERT INTO call_officer VALUES (13, 445); 
INSERT INTO call_officer VALUES (13, 140); 
INSERT INTO call_officer VALUES (14, 616); 
INSERT INTO call_officer VALUES (14, 509); 
INSERT INTO call_officer VALUES (14, 330); 
INSERT INTO call_officer VALUES (15, 505); 
INSERT INTO call_officer VALUES (15, 422); 
INSERT INTO call_officer VALUES (15, 94); 
INSERT INTO call_officer VALUES (15, 203); 
INSERT INTO call_officer VALUES (16, 374); 
INSERT INTO call_officer VALUES (16, 64); 
INSERT INTO call_officer VALUES (16, 82); 
INSERT INTO call_officer VALUES (16, 3); 
INSERT INTO call_officer VALUES (16, 358); 
INSERT INTO call_officer VALUES (17, 350); 
INSERT INTO call_officer VALUES (17, 150); 
INSERT INTO call_officer VALUES (17, 34); 
INSERT INTO call_officer VALUES (18, 217); 
INSERT INTO call_officer VALUES (19, 268); 
INSERT INTO call_officer VALUES (19, 28); 
INSERT INTO call_officer VALUES (19, 462); 
INSERT INTO call_officer VALUES (19, 544); 
INSERT INTO call_officer VALUES (20, 204); 
INSERT INTO call_officer VALUES (20, 440); 
INSERT INTO call_officer VALUES (21, 584); 
INSERT INTO call_officer VALUES (21, 148); 
INSERT INTO call_officer VALUES (21, 44); 
INSERT INTO call_officer VALUES (21, 465); 
INSERT INTO call_officer VALUES (22, 587); 
INSERT INTO call_officer VALUES (22, 388); 
INSERT INTO call_officer VALUES (23, 299); 
INSERT INTO call_officer VALUES (23, 626); 
INSERT INTO call_officer VALUES (23, 433); 
INSERT INTO call_officer VALUES (23, 129); 
INSERT INTO call_officer VALUES (23, 339); 
INSERT INTO call_officer VALUES (24, 350); 
INSERT INTO call_officer VALUES (24, 465); 
INSERT INTO call_officer VALUES (25, 116); 
INSERT INTO call_officer VALUES (25, 440); 
INSERT INTO call_officer VALUES (25, 392); 
INSERT INTO call_officer VALUES (25, 184); 
INSERT INTO call_officer VALUES (26, 535); 
INSERT INTO call_officer VALUES (26, 20); 
INSERT INTO call_officer VALUES (26, 350); 
INSERT INTO call_officer VALUES (26, 451); 
INSERT INTO call_officer VALUES (26, 473); 
INSERT INTO call_officer VALUES (27, 207); 
INSERT INTO call_officer VALUES (27, 136); 
INSERT INTO call_officer VALUES (27, 85); 
INSERT INTO call_officer VALUES (27, 481); 
INSERT INTO call_officer VALUES (27, 194); 
INSERT INTO call_officer VALUES (28, 439); 
INSERT INTO call_officer VALUES (28, 471); 
INSERT INTO call_officer VALUES (28, 234); 
INSERT INTO call_officer VALUES (28, 380); 
INSERT INTO call_officer VALUES (29, 361); 
INSERT INTO call_officer VALUES (29, 107); 
INSERT INTO call_officer VALUES (29, 627); 
INSERT INTO call_officer VALUES (30, 450); 
INSERT INTO call_officer VALUES (30, 568); 
INSERT INTO call_officer VALUES (30, 166); 
INSERT INTO call_officer VALUES (30, 79); 
INSERT INTO call_officer VALUES (30, 7); 
INSERT INTO call_officer VALUES (31, 605); 
INSERT INTO call_officer VALUES (31, 494); 
INSERT INTO call_officer VALUES (32, 72); 
INSERT INTO call_officer VALUES (32, 277); 
INSERT INTO call_officer VALUES (32, 611); 
INSERT INTO call_officer VALUES (32, 129); 
INSERT INTO call_officer VALUES (33, 397); 
INSERT INTO call_officer VALUES (33, 136); 
INSERT INTO call_officer VALUES (34, 162); 
INSERT INTO call_officer VALUES (34, 561); 
INSERT INTO call_officer VALUES (34, 317); 
INSERT INTO call_officer VALUES (34, 242); 
INSERT INTO call_officer VALUES (34, 189); 
INSERT INTO call_officer VALUES (35, 504); 
INSERT INTO call_officer VALUES (35, 275); 
INSERT INTO call_officer VALUES (35, 563); 
INSERT INTO call_officer VALUES (35, 185); 
INSERT INTO call_officer VALUES (36, 438); 
INSERT INTO call_officer VALUES (36, 217); 
INSERT INTO call_officer VALUES (36, 112); 
INSERT INTO call_officer VALUES (36, 189); 
INSERT INTO call_officer VALUES (36, 491); 
INSERT INTO call_officer VALUES (37, 12); 
INSERT INTO call_officer VALUES (37, 175); 
INSERT INTO call_officer VALUES (37, 234); 
INSERT INTO call_officer VALUES (38, 294); 
INSERT INTO call_officer VALUES (39, 360); 
INSERT INTO call_officer VALUES (39, 367); 
INSERT INTO call_officer VALUES (39, 589); 
INSERT INTO call_officer VALUES (39, 463); 
INSERT INTO call_officer VALUES (39, 207); 
INSERT INTO call_officer VALUES (40, 27); 
INSERT INTO call_officer VALUES (40, 150); 
INSERT INTO call_officer VALUES (40, 329); 
INSERT INTO call_officer VALUES (40, 175); 
INSERT INTO call_officer VALUES (41, 304); 
INSERT INTO call_officer VALUES (41, 194); 
INSERT INTO call_officer VALUES (41, 492); 
INSERT INTO call_officer VALUES (42, 598); 
INSERT INTO call_officer VALUES (42, 73); 
INSERT INTO call_officer VALUES (43, 627); 
INSERT INTO call_officer VALUES (43, 641); 
INSERT INTO call_officer VALUES (43, 377); 
INSERT INTO call_officer VALUES (43, 219); 
INSERT INTO call_officer VALUES (43, 61); 
INSERT INTO call_officer VALUES (44, 30); 
INSERT INTO call_officer VALUES (44, 229); 
INSERT INTO call_officer VALUES (44, 4); 
INSERT INTO call_officer VALUES (44, 461); 
INSERT INTO call_officer VALUES (45, 606); 
INSERT INTO call_officer VALUES (45, 557); 
INSERT INTO call_officer VALUES (46, 407); 
INSERT INTO call_officer VALUES (47, 559); 
INSERT INTO call_officer VALUES (47, 447); 
INSERT INTO call_officer VALUES (47, 125); 
INSERT INTO call_officer VALUES (47, 320); 
INSERT INTO call_officer VALUES (48, 60); 
INSERT INTO call_officer VALUES (48, 223); 
INSERT INTO call_officer VALUES (48, 611); 
INSERT INTO call_officer VALUES (48, 590); 
INSERT INTO call_officer VALUES (48, 230); 
INSERT INTO call_officer VALUES (49, 57); 
INSERT INTO call_officer VALUES (49, 574); 
INSERT INTO call_officer VALUES (49, 145); 
INSERT INTO call_officer VALUES (49, 178); 
INSERT INTO call_officer VALUES (50, 515); 
INSERT INTO call_officer VALUES (51, 603); 
INSERT INTO call_officer VALUES (51, 186); 
INSERT INTO call_officer VALUES (51, 381); 
INSERT INTO call_officer VALUES (51, 453); 
INSERT INTO call_officer VALUES (52, 293); 
INSERT INTO call_officer VALUES (53, 559); 
INSERT INTO call_officer VALUES (53, 123); 
INSERT INTO call_officer VALUES (53, 4); 
INSERT INTO call_officer VALUES (54, 50); 
INSERT INTO call_officer VALUES (54, 25); 
INSERT INTO call_officer VALUES (55, 457); 
INSERT INTO call_officer VALUES (55, 534); 
INSERT INTO call_officer VALUES (55, 572); 
INSERT INTO call_officer VALUES (56, 576); 
INSERT INTO call_officer VALUES (57, 646); 
INSERT INTO call_officer VALUES (57, 181); 
INSERT INTO call_officer VALUES (57, 229); 
INSERT INTO call_officer VALUES (58, 102); 
INSERT INTO call_officer VALUES (58, 563); 
INSERT INTO call_officer VALUES (58, 576); 
INSERT INTO call_officer VALUES (58, 629); 
INSERT INTO call_officer VALUES (59, 610); 
INSERT INTO call_officer VALUES (60, 200); 
INSERT INTO call_officer VALUES (60, 481); 
INSERT INTO call_officer VALUES (60, 91); 
INSERT INTO call_officer VALUES (61, 121); 
INSERT INTO call_officer VALUES (61, 207); 
INSERT INTO call_officer VALUES (61, 463); 
INSERT INTO call_officer VALUES (62, 38); 
INSERT INTO call_officer VALUES (62, 620); 
INSERT INTO call_officer VALUES (62, 615); 
INSERT INTO call_officer VALUES (62, 605); 
INSERT INTO call_officer VALUES (63, 228); 
INSERT INTO call_officer VALUES (64, 628); 
INSERT INTO call_officer VALUES (64, 314); 
INSERT INTO call_officer VALUES (64, 328); 
INSERT INTO call_officer VALUES (65, 131); 
INSERT INTO call_officer VALUES (65, 194); 
INSERT INTO call_officer VALUES (66, 507); 
INSERT INTO call_officer VALUES (67, 199); 
INSERT INTO call_officer VALUES (67, 521); 
INSERT INTO call_officer VALUES (68, 315); 
INSERT INTO call_officer VALUES (68, 207); 
INSERT INTO call_officer VALUES (68, 606); 
INSERT INTO call_officer VALUES (68, 293); 
INSERT INTO call_officer VALUES (69, 374); 
INSERT INTO call_officer VALUES (69, 506); 
INSERT INTO call_officer VALUES (69, 267); 
INSERT INTO call_officer VALUES (70, 616); 
INSERT INTO call_officer VALUES (71, 50); 
INSERT INTO call_officer VALUES (71, 140); 
INSERT INTO call_officer VALUES (71, 81); 
INSERT INTO call_officer VALUES (71, 64); 
INSERT INTO call_officer VALUES (72, 232); 
INSERT INTO call_officer VALUES (72, 331); 
INSERT INTO call_officer VALUES (72, 287); 
INSERT INTO call_officer VALUES (72, 493); 
INSERT INTO call_officer VALUES (72, 374); 
INSERT INTO call_officer VALUES (73, 199); 
INSERT INTO call_officer VALUES (73, 561); 
INSERT INTO call_officer VALUES (73, 637); 
INSERT INTO call_officer VALUES (73, 382); 
INSERT INTO call_officer VALUES (73, 33); 
INSERT INTO call_officer VALUES (74, 382); 
INSERT INTO call_officer VALUES (74, 601); 
INSERT INTO call_officer VALUES (74, 180); 
INSERT INTO call_officer VALUES (74, 479); 
INSERT INTO call_officer VALUES (75, 8); 
INSERT INTO call_officer VALUES (75, 369); 
INSERT INTO call_officer VALUES (75, 277); 
INSERT INTO call_officer VALUES (75, 85); 
INSERT INTO call_officer VALUES (75, 207); 
INSERT INTO call_officer VALUES (76, 453); 
INSERT INTO call_officer VALUES (76, 447); 
INSERT INTO call_officer VALUES (76, 63); 
INSERT INTO call_officer VALUES (77, 465); 
INSERT INTO call_officer VALUES (78, 499); 
INSERT INTO call_officer VALUES (78, 7); 
INSERT INTO call_officer VALUES (78, 267); 
INSERT INTO call_officer VALUES (78, 349); 
INSERT INTO call_officer VALUES (79, 212); 
INSERT INTO call_officer VALUES (79, 550); 
INSERT INTO call_officer VALUES (80, 139); 
INSERT INTO call_officer VALUES (80, 188); 
INSERT INTO call_officer VALUES (81, 554); 
INSERT INTO call_officer VALUES (81, 261); 
INSERT INTO call_officer VALUES (81, 125); 
INSERT INTO call_officer VALUES (82, 133); 
INSERT INTO call_officer VALUES (83, 602); 
INSERT INTO call_officer VALUES (83, 353); 
INSERT INTO call_officer VALUES (83, 282); 
INSERT INTO call_officer VALUES (83, 197); 
INSERT INTO call_officer VALUES (83, 449); 
INSERT INTO call_officer VALUES (84, 44); 
INSERT INTO call_officer VALUES (84, 209); 
INSERT INTO call_officer VALUES (84, 446); 
INSERT INTO call_officer VALUES (84, 287); 
INSERT INTO call_officer VALUES (85, 432); 
INSERT INTO call_officer VALUES (85, 494); 
INSERT INTO call_officer VALUES (85, 498); 
INSERT INTO call_officer VALUES (85, 554); 
INSERT INTO call_officer VALUES (85, 45); 
INSERT INTO call_officer VALUES (86, 474); 
INSERT INTO call_officer VALUES (87, 251); 
INSERT INTO call_officer VALUES (88, 174); 
INSERT INTO call_officer VALUES (88, 499); 
INSERT INTO call_officer VALUES (88, 331); 
INSERT INTO call_officer VALUES (88, 129); 
INSERT INTO call_officer VALUES (89, 225); 
INSERT INTO call_officer VALUES (89, 569); 
INSERT INTO call_officer VALUES (89, 539); 
INSERT INTO call_officer VALUES (89, 355); 
INSERT INTO call_officer VALUES (89, 219); 
INSERT INTO call_officer VALUES (90, 602); 
INSERT INTO call_officer VALUES (90, 130); 
INSERT INTO call_officer VALUES (90, 393); 
INSERT INTO call_officer VALUES (91, 584); 
INSERT INTO call_officer VALUES (91, 631); 
INSERT INTO call_officer VALUES (91, 485); 
INSERT INTO call_officer VALUES (91, 83); 
INSERT INTO call_officer VALUES (92, 407); 
INSERT INTO call_officer VALUES (93, 337); 
INSERT INTO call_officer VALUES (93, 57); 
INSERT INTO call_officer VALUES (93, 20); 
INSERT INTO call_officer VALUES (94, 277); 
INSERT INTO call_officer VALUES (94, 97); 
INSERT INTO call_officer VALUES (95, 258); 
INSERT INTO call_officer VALUES (95, 407); 
INSERT INTO call_officer VALUES (95, 334); 
INSERT INTO call_officer VALUES (96, 422); 
INSERT INTO call_officer VALUES (96, 187); 
INSERT INTO call_officer VALUES (96, 132); 
INSERT INTO call_officer VALUES (96, 255); 
INSERT INTO call_officer VALUES (97, 101); 
INSERT INTO call_officer VALUES (98, 510); 
INSERT INTO call_officer VALUES (99, 359); 
INSERT INTO call_officer VALUES (99, 24); 
INSERT INTO call_officer VALUES (99, 265); 
INSERT INTO call_officer VALUES (100, 491); 
INSERT INTO call_officer VALUES (100, 457); 
